nose_x,nose_y,chin_y,avg_ear,head_tilt,mouth_gap,face_ratio,left_ear,right_ear,face_w,brow_height,brow_furrow,perclos,symmetry,lip_droop,class_6,group
0.5024569034576416,0.5206136703491211,0.8185661435127258,0.3126073894721568,0.006172060966491699,0.0024074316024780273,1.7234696686947681,0.3205721885690114,0.30464259037530234,0.5135137736797333,0.29444030821323397,0.12053388357162476,0.0,0.9774339070523538,0.6593400537967682,focused,engaged
0.4954640567302704,0.5574373006820679,0.855255126953125,0.27041161307021777,0.004924207925796509,0.0015527009963989258,1.8258036174728296,0.2800440496730952,0.2607791764673403,0.5437586903572083,0.3334751754999161,0.12981650233268738,0.0,0.991426730300456,0.6876761317253113,focused,engaged
0.5253023505210876,0.5711351633071899,0.8752003908157349,0.3033260459941474,0.025456547737121582,0.00010675191879272461,1.813349493124956,0.3291228462516709,0.27752924573662396,0.5513783395290375,0.33518515825271605,0.13459759950637817,0.0,0.9425463040736863,0.7113351225852966,focused,engaged
0.49298834800720215,0.556995153427124,0.8459384441375732,0.2788073539437992,0.003516674041748047,0.0010257959365844727,1.8452190668250006,0.28864512788173613,0.2689695800058623,0.5331655144691467,0.3326543897390366,0.1276473104953766,0.0,0.9895749601933436,0.6820650100708008,focused,engaged
0.4906458854675293,0.5651204586029053,0.859627366065979,0.2807582920266676,0.0013595819473266602,0.0018857121467590332,1.8388246036621771,0.29143858284190977,0.27007800121142533,0.5415483862161636,0.33665473461151124,0.12772715091705322,0.0,0.988384276475629,0.6929974257946014,focused,engaged
0.5191081762313843,0.5705699324607849,0.867598295211792,0.2862031962895514,0.024122029542922974,0.0006691217422485352,1.817642956720425,0.3032270744565725,0.26917931812253026,0.5398933291435242,0.34047289192676544,0.13153567910194397,0.0,0.9541410912460039,0.7055479288101196,focused,engaged
0.5066729784011841,0.5243875980377197,0.8352891206741333,0.2962150934462998,0.005037069320678711,0.002009749412536621,1.6721267780881182,0.3090427059242151,0.28338748096838445,0.5198684334754944,0.2935519963502884,0.12492889165878296,0.0,0.9775564827042291,0.6691630482673645,focused,engaged
0.494264155626297,0.5570745468139648,0.8503347635269165,0.276025443889167,0.004334300756454468,0.0011231303215026855,1.830749139777167,0.2917037678980064,0.2603471198803276,0.5368877202272415,0.330057880282402,0.12587764859199524,0.0,0.9902772251811341,0.6837701797485352,focused,engaged
0.49177324771881104,0.561867356300354,0.8613858819007874,0.2783906345009982,0.005088984966278076,0.0012774467468261719,1.8205076761754548,0.2882340923307006,0.26854717667129585,0.5452775955200195,0.33391225934028623,0.13011890649795532,0.0,0.9856123408857731,0.6929172277450562,focused,engaged
0.4973684549331665,0.5548142790794373,0.8508495092391968,0.2585129684701558,0.004364460706710815,0.0017257928848266602,1.8336674090519836,0.2652702637948869,0.25175567314542474,0.5428319871425629,0.3277929753065109,0.12622663378715515,0.0,0.9944035375372731,0.6808463335037231,focused,engaged
0.5145474076271057,0.5454946756362915,0.8409115076065063,0.2885193806113727,0.008573412895202637,0.0013050436973571777,1.761657137521445,0.3133957528275277,0.26364300839521776,0.5204249322414398,0.30806283950805663,0.12308511137962341,0.0,0.9699360001610553,0.6781280040740967,focused,engaged
0.4206070005893707,0.6103745698928833,0.9380442500114441,0.11950256536470447,0.008961886167526245,0.015632331371307373,2.2616804954169676,0.10224263227380566,0.1367624984556033,0.7410863861441612,0.3228650987148285,0.1618083417415619,1.0,0.9003757627883259,0.7141883075237274,focused,engaged
0.5070502758026123,0.5355840921401978,0.8396191596984863,0.3075512738257665,0.006612896919250488,0.0019294023513793945,1.7306570368680962,0.32041264909462414,0.2946898985569089,0.526182159781456,0.3001406729221344,0.12605947256088257,0.0,0.9775605599924276,0.6759829521179199,focused,engaged
0.5209805369377136,0.5770005583763123,0.8790990114212036,0.29659588077536436,0.025737017393112183,0.00041735172271728516,1.8314812141502805,0.31248192579457856,0.2807098357561501,0.5532894730567932,0.3408889681100845,0.13396963477134705,0.0,0.9450100787498436,0.7165566980838776,focused,engaged
0.4959105849266052,0.5174381136894226,0.8321457505226135,0.3058177339144501,0.0033071041107177734,0.0024459362030029297,1.6789207867211793,0.3181016293434744,0.2935338384854258,0.5283708721399307,0.27838942706584935,0.12929898500442505,0.0,0.9992372901072972,0.6613910794258118,focused,engaged
0.5066747069358826,0.5445349812507629,0.832686185836792,0.29463972901014795,0.01020023226737976,0.0024734139442443848,1.7954141699699881,0.3185936802500179,0.270685777770278,0.5173525512218475,0.31809799075126644,0.12481439113616943,0.0,0.9674980643467759,0.6734140813350677,focused,engaged
0.5205579996109009,0.580470860004425,0.8818586468696594,0.2991208925110932,0.027037382125854492,0.0009822845458984375,1.8047107815560253,0.32057541535250256,0.2776663696696839,0.5439195930957794,0.3517394959926605,0.12925583124160767,0.0,0.9463579328841847,0.7188116014003754,focused,engaged
0.5159809589385986,0.5522023439407349,0.8345428109169006,0.28150153299362524,0.02225586771965027,0.001112520694732666,1.8261164690754832,0.30734213532346744,0.25566093066378304,0.5155884027481079,0.3288186818361282,0.12211030721664429,0.0,0.9517782038884801,0.6818698644638062,focused,engaged
0.5279371738433838,0.5781794786453247,0.8796205520629883,0.28770707139500795,0.030076712369918823,0.0014922618865966797,1.8167455394686909,0.3089012015994225,0.2665129411905933,0.5476435422897339,0.3463773876428604,0.13365522027015686,0.0,0.9395217700362593,0.7158650755882263,focused,engaged
0.5074836015701294,0.5377088189125061,0.8511359095573425,0.3029196068973713,0.0009323358535766602,0.0018837451934814453,1.7352270443483875,0.31340817246677116,0.2924310413279714,0.543868899345398,0.29970557391643526,0.1322360336780548,0.0,0.992926721292944,0.6795702576637268,focused,engaged
0.3976954221725464,0.5957214832305908,0.9038809537887573,0.11756733220446533,0.016983449459075928,0.0060503482818603516,2.443885687240249,0.10961977790470694,0.12551488650422374,0.7531089633703232,0.33723694980144503,0.1754768192768097,1.0,0.8431226563446369,0.7028824985027313,focused,engaged
0.5288494229316711,0.5799210071563721,0.8852798938751221,0.2907168299924753,0.023655354976654053,0.0003110170364379883,1.838704277757793,0.3134547811822531,0.26797887880269744,0.5614665299654007,0.34336798787117007,0.13526660203933716,0.0,0.9452592168006098,0.7180595993995667,focused,engaged
0.40201273560523987,0.615717887878418,0.9354549050331116,0.15385538044743424,0.010229825973510742,0.026076197624206543,2.434640951741276,0.14659745375320257,0.1611133071416659,0.7784472703933716,0.3326273441314697,0.1772870123386383,1.0,0.9303143241333798,0.7403503060340881,focused,engaged
0.5052295327186584,0.545416533946991,0.8539139628410339,0.2826300109039468,0.021870821714401245,0.004203379154205322,1.7499252068746312,0.29782546549160166,0.26743455631629187,0.5398491770029068,0.3418955266475677,0.1245688796043396,0.0,0.987718132153702,0.6927244067192078,focused,engaged
0.5157041549682617,0.5481597185134888,0.8487836122512817,0.24933222202270833,0.0338665246963501,0.003459155559539795,1.780287773122125,0.2613768371264933,0.2372876069189234,0.5351988226175308,0.3402554541826248,0.12546765804290771,0.0,0.9706024799638989,0.689652293920517,focused,engaged
0.5100447535514832,0.5549129247665405,0.8648314476013184,0.27940595730506135,0.029024720191955566,0.00274658203125,1.762494288999401,0.3041249196532682,0.25468699495685443,0.5462313890457153,0.34453106224536895,0.12824124097824097,0.0,0.9799566986850408,0.7026025652885437,focused,engaged
0.5077369213104248,0.5530306100845337,0.8555691838264465,0.28719941195862897,0.026028096675872803,0.003791213035583496,1.7538453048577975,0.30223336249629146,0.2721654614209664,0.5306076109409332,0.3537447333335877,0.12477812170982361,0.0,0.9744940687903129,0.6956496834754944,focused,engaged
0.5039346218109131,0.5491589307785034,0.8592889904975891,0.2925092304173116,0.024657338857650757,0.0050653815269470215,1.743939018415377,0.3068396554056461,0.27817880542897705,0.5408496558666229,0.345157265663147,0.12484380602836609,0.0,0.9840490130031171,0.6961155533790588,focused,engaged
0.5067589282989502,0.5437670946121216,0.8408563137054443,0.29412147721099857,0.024054914712905884,0.0017337203025817871,1.7479133955575603,0.3062705890508763,0.2819723653711208,0.5192879736423492,0.351855942606926,0.12252148985862732,0.0,0.9691801688895877,0.6863196790218353,focused,engaged
0.5147486329078674,0.5587980151176453,0.8597366809844971,0.2708804876598035,0.025242924690246582,0.001488029956817627,1.7951458328655319,0.29293419305569457,0.24882678226391244,0.5402305871248245,0.336338609457016,0.1308116316795349,0.0,0.9769124806978466,0.6978841423988342,focused,engaged
0.5105563998222351,0.5522525906562805,0.8468426465988159,0.06361679463460869,0.03743436932563782,0.0022547245025634766,1.7774715525866536,0.06325573214496855,0.06397785712424883,0.5236272215843201,0.3374377429485321,0.12289002537727356,1.0,0.9730806078620605,0.6884662210941315,focused,engaged
0.516879141330719,0.5463809370994568,0.8438761234283447,0.09594623933490505,0.0338367223739624,0.0018526911735534668,1.7500573794467704,0.09331954856338184,0.09857293010642826,0.5206353962421417,0.33295077085494995,0.12639692425727844,1.0,0.9735948760210329,0.685560017824173,focused,engaged
0.5123434066772461,0.5586696863174438,0.8644984364509583,0.2479417482369441,0.03264021873474121,0.002835690975189209,1.7591139440835852,0.2663082224310136,0.2295752740428746,0.5379893779754639,0.34774709641933443,0.1293323040008545,0.0,0.9827302978094665,0.7016532719135284,focused,engaged
0.5122124552726746,0.5546033382415771,0.8550669550895691,0.25795823129223755,0.029945403337478638,0.0019376873970031738,1.7841889039962113,0.28027027866286475,0.23564618392161035,0.5360856354236603,0.34049313366413114,0.12504443526268005,0.0,0.9817675675543754,0.692680299282074,focused,engaged
0.5177613496780396,0.5515786409378052,0.8488775491714478,0.2460903591172542,0.03180307149887085,0.0024222135543823242,1.739095963391703,0.2658682327765399,0.22631248545796848,0.5170330703258514,0.3486902117729187,0.12408709526062012,0.0,0.9754755441993597,0.6909156441688538,focused,engaged
0.5098876357078552,0.5711286067962646,0.8770044445991516,0.27149148603122303,0.02771228551864624,0.0021668672561645508,1.7760617884613803,0.2878113642017094,0.25517160786073667,0.5432561635971069,0.36048099696636204,0.12707117199897766,0.0,0.9839304924578733,0.7117205262184143,focused,engaged
0.5071429014205933,0.5446112155914307,0.8466670513153076,0.27809498688307,0.03037315607070923,0.0033450722694396973,1.7618199502030412,0.3009383665586873,0.2552516072074527,0.532169759273529,0.3410767883062363,0.1255025565624237,0.0,0.9775177227704609,0.6872284412384033,focused,engaged
0.5072002410888672,0.5528810024261475,0.8523310422897339,0.2706834432783509,0.029264211654663086,0.004801332950592041,1.7590194661141259,0.28548440231129,0.2558824842454118,0.5267402082681656,0.3506596714258194,0.12588399648666382,0.0,0.9743045519131829,0.6929733157157898,focused,engaged
0.511695384979248,0.5529784560203552,0.8554307222366333,0.22361965248482224,0.02838456630706787,0.0009808540344238281,1.740265232906541,0.2579147062586982,0.18932459871094628,0.5263489037752151,0.3350391149520874,0.12731105089187622,0.0,0.9824968723241168,0.6917861700057983,focused,engaged
0.504630446434021,0.5371735095977783,0.8437227010726929,0.2963261344404693,0.016360938549041748,0.002550840377807617,1.7655570630898587,0.30590856589647086,0.28674370298446766,0.5412318557500839,0.33379228711128234,0.12851768732070923,0.0,0.9832485131494113,0.6793531775474548,focused,engaged
0.5030897259712219,0.501451849937439,0.8085919618606567,0.31780260171557895,0.009445875883102417,0.0017242431640625,1.6482455113199175,0.33121435970134877,0.3043908437298092,0.506243959069252,0.27174805104732513,0.12127375602722168,0.0,0.9888211626564548,0.6427822709083557,focused,engaged
0.5177718997001648,0.5577259063720703,0.8567079305648804,0.23682692994944038,0.02908504009246826,0.0023778676986694336,1.7576379295986564,0.25765120031043304,0.21600265958844772,0.5255039036273956,0.3483505308628082,0.12607288360595703,0.0,0.9788074572231381,0.6973520517349243,focused,engaged
0.5122812986373901,0.5743719339370728,0.8790430426597595,0.27626357547373237,0.022336214780807495,0.0017641186714172363,1.8019855819572452,0.2869049673992222,0.2656221835482425,0.5490147471427917,0.3475868463516235,0.132647305727005,0.0,0.9844468366296619,0.7149156332015991,focused,engaged
0.5037917494773865,0.5659189224243164,0.8726970553398132,0.2901136475288125,0.020268917083740234,0.0017464160919189453,1.7914822318509351,0.3048965203507076,0.27533077470691747,0.5495893657207489,0.33872064352035525,0.13290292024612427,0.0,0.9849790896558136,0.7077520489692688,focused,engaged
0.485506534576416,0.5589324831962585,0.8416540026664734,0.25952022794355745,0.02998298406600952,0.001384139060974121,1.8333640943091245,0.26357299039895077,0.2554674654881642,0.5183333158493042,0.3401759177446365,0.12338507175445557,0.0,0.9708176212340199,0.6880787909030914,focused,engaged
0.48675721883773804,0.5462095737457275,0.8344436287879944,0.25914245466358404,0.02682870626449585,0.007140219211578369,1.7960134266025756,0.2720859864884791,0.246198922838689,0.5176740288734436,0.33378254771232607,0.12374252080917358,0.0,0.9726435794983098,0.6784834563732147,focused,engaged
0.515241265296936,0.5802154541015625,0.8848612904548645,0.28054810628031523,0.021509289741516113,0.0012042522430419922,1.8215132841186104,0.29323574880684167,0.26786046375378886,0.5549182593822479,0.3511920899152756,0.1322258710861206,0.0,0.9863439585161841,0.7197924852371216,focused,engaged
0.5095314383506775,0.5724819898605347,0.8779181241989136,0.2929490108346089,0.02282893657684326,0.0013205409049987793,1.784598424509473,0.30744435911594375,0.27845366255327403,0.5450826287269592,0.3447802096605301,0.1310066282749176,0.0,0.9875036984437181,0.7122921347618103,focused,engaged
0.4879941940307617,0.5790157318115234,0.8632835149765015,0.2592692469564164,0.025478601455688477,0.0034173130989074707,1.9052745468332968,0.2569110461471306,0.2616274477657022,0.5416100770235062,0.3374226689338684,0.12972313165664673,0.0,0.9887182275890177,0.7061286270618439,focused,engaged
0.4797748327255249,0.5899900197982788,0.8229361176490784,0.1336318107950935,0.032784730195999146,0.002739846706390381,2.2113852021699074,0.13279608400105744,0.1344675375891296,0.5151357650756836,0.3267614275217056,0.1331881284713745,1.0,0.9603920633219697,0.6800378859043121,focused,engaged
0.48237597942352295,0.5797708034515381,0.8259664177894592,0.26178214140906,0.03779268264770508,0.00038307905197143555,2.0347683481234524,0.2550508370488033,0.26851344576931657,0.5009530782699585,0.33573037683963775,0.12335246801376343,0.0,0.9739841734813659,0.680724173784256,focused,engaged
0.47729894518852234,0.5872458219528198,0.8230254054069519,0.10163891504101016,0.035674214363098145,0.0041695237159729,2.2021685161994666,0.09924527170604823,0.10403255837597211,0.5192285776138306,0.319276961684227,0.1373126208782196,1.0,0.9578537547707677,0.6786696910858154,focused,engaged
0.4784970283508301,0.5831027030944824,0.8407559990882874,0.23334766540434126,0.04162400960922241,0.0005450248718261719,2.048756305964188,0.21624518552110636,0.25045014528757614,0.5278708636760712,0.3213126868009567,0.1320629119873047,0.0,0.9682241135392734,0.6889624297618866,focused,engaged
0.4776565432548523,0.5779160261154175,0.8325616717338562,0.2400800966083755,0.03936952352523804,0.0007608532905578613,2.0311887362049315,0.2255631001541945,0.2545970930625565,0.5172353982925415,0.3262471050024033,0.1284206509590149,0.0,0.9767576681499535,0.6837039291858673,focused,engaged
0.46668538451194763,0.5959314107894897,0.8316853046417236,0.17479359023031654,0.038623273372650146,0.00027257204055786133,2.177805799640101,0.15778179235739964,0.19180538810323347,0.5134283751249313,0.33171938061714173,0.12983745336532593,1.0,0.9644238297866099,0.6886231601238251,focused,engaged
0.4761129319667816,0.5995470285415649,0.8224324584007263,0.11382841660984544,0.04205012321472168,0.0008895397186279297,2.253155040326343,0.11538411754854894,0.11227271567114194,0.5021976828575134,0.3378155350685119,0.12989991903305054,1.0,0.9545015498035574,0.6847145855426788,focused,engaged
0.47243762016296387,0.5874416828155518,0.8265600204467773,0.1570116152027688,0.03744244575500488,0.0006000399589538574,2.078502003749726,0.14708755106330762,0.16693567934223,0.4970100224018097,0.33756369948387144,0.12564116716384888,1.0,0.9701968094906148,0.6847511231899261,focused,engaged
0.4819619953632355,0.5798081755638123,0.8240064978599548,0.21860133940794574,0.036232054233551025,0.0008752346038818359,2.0429379055900565,0.19170553226877904,0.24549714654711244,0.49888405203819275,0.3323573529720306,0.12647289037704468,1.0,0.9770665482531957,0.6790359914302826,focused,engaged
0.47474485635757446,0.5874484777450562,0.8224307298660278,0.15756050884005673,0.03501203656196594,0.0007182955741882324,2.0925881967284026,0.12828863003286525,0.18683238764724824,0.4917231798171997,0.3361264646053314,0.12452232837677002,1.0,0.9643759453530399,0.6799628138542175,focused,engaged
0.46905064582824707,0.5755982995033264,0.8260814547538757,0.23531636508691686,0.039023369550704956,0.0002193450927734375,2.0387634227087994,0.22151068382487538,0.24912204634895835,0.5106779336929321,0.3260559856891632,0.12831565737724304,0.0,0.9657646069640402,0.677771657705307,focused,engaged
0.46748629212379456,0.5924748182296753,0.8357159495353699,0.1533942290829846,0.04082420468330383,0.0012211203575134277,2.174669911799837,0.13958790423194103,0.1672005539340282,0.5289713442325592,0.3242310106754303,0.1384011209011078,1.0,0.9512602042812629,0.6897510588169098,focused,engaged
0.4814342260360718,0.5770121812820435,0.8252143263816833,0.2121491954223882,0.03751590847969055,0.00047069787979125977,2.058713780468582,0.19354409551172966,0.23075429533304676,0.5109792351722717,0.32595685720443723,0.12422126531600952,1.0,0.9764588123864173,0.6777127087116241,focused,engaged
0.4872271716594696,0.5774209499359131,0.8527312278747559,0.22875436273079489,0.01733487844467163,0.007225096225738525,1.9050118726816825,0.23234592297299198,0.2251628024885978,0.524471253156662,0.3402040511369705,0.12666144967079163,0.0,0.9785595182398328,0.7027393877506256,focused,engaged
0.48005014657974243,0.5834623575210571,0.8231889009475708,0.07203623915411814,0.026772111654281616,0.0015230178833007812,2.1534907299606534,0.07504408864974468,0.0690283896584916,0.5162510424852371,0.3270922631025315,0.13444679975509644,1.0,0.9614888697697196,0.6800402998924255,focused,engaged
0.48167118430137634,0.5964001417160034,0.8170936703681946,0.10391837554324987,0.03856712579727173,0.0019215941429138184,2.2424679416810647,0.09344459407706052,0.11439215700943921,0.4949004054069519,0.33775842785835264,0.12792208790779114,1.0,0.9620854594414073,0.6792826950550079,focused,engaged
0.48165881633758545,0.5704851150512695,0.8039050698280334,0.2716765644487851,0.034611284732818604,0.000920712947845459,2.0214770538525153,0.26384947285133514,0.27950365604623495,0.471855103969574,0.33501720130443574,0.11905825138092041,0.0,0.9775052062581375,0.666366457939148,focused,engaged
0.5007997751235962,0.5603617429733276,0.8658640384674072,0.28133549943280506,0.0052717626094818115,0.0012913942337036133,1.7973329210967952,0.2905346366032582,0.27213636226235194,0.5490911304950714,0.3398370236158371,0.1324567198753357,0.0,0.9835450124178944,0.7029730081558228,focused,engaged
0.5039018392562866,0.5419270396232605,0.8484238982200623,0.28381204417146844,0.005253314971923828,0.002032041549682617,1.7942856639504012,0.2985589586090826,0.26906512973385427,0.5499447137117386,0.3223032742738724,0.13002002239227295,0.0,0.9850970833766609,0.6876432001590729,focused,engaged
0.47445952892303467,0.584593653678894,0.8389711380004883,0.2761678360264283,0.03135916590690613,0.0010262131690979004,2.0165336498890483,0.2638181219747144,0.2885175500781422,0.5129627734422684,0.338153088092804,0.1280285120010376,0.0,0.982066173670233,0.6891650557518005,focused,engaged
0.4934716820716858,0.5697170495986938,0.877613365650177,0.2984495866730849,0.0040708184242248535,0.0006642341613769531,1.814893044514957,0.30362899977990143,0.2932701735662684,0.5588006973266602,0.3374560058116913,0.13477051258087158,0.0,0.9846779835416272,0.70951047539711,focused,engaged
0.482116162776947,0.5710676312446594,0.8044735193252563,0.25090586122785036,0.03468099236488342,0.0008600950241088867,2.0134550694283115,0.2527272708084899,0.24908445164721085,0.4699542820453644,0.3378109484910965,0.11805027723312378,0.0,0.9811324787619696,0.6673426628112793,focused,engaged
0.47567492723464966,0.5817887783050537,0.8170188665390015,0.27371374503701273,0.038578808307647705,0.0008644461631774902,2.028483794954124,0.26470170510743074,0.2827257849665948,0.4771624505519867,0.3439738392829895,0.12029129266738892,0.0,0.9605168614557187,0.6790352165699005,focused,engaged
0.48029252886772156,0.5799539685249329,0.8176064491271973,0.28823382405835435,0.04045385122299194,0.0007129311561584473,2.0428614060311627,0.2894474756584538,0.2870201724582549,0.48549312353134155,0.3389841496944428,0.1220804750919342,0.0,0.9711921310583933,0.6759734153747559,focused,engaged
0.4954523742198944,0.5620325207710266,0.858341634273529,0.30471912611203633,0.006452322006225586,0.004216790199279785,1.8469846192842945,0.3141691040844306,0.29526914813964206,0.5472802221775055,0.3238277703523636,0.1328672170639038,0.0,0.9883198169910038,0.6969218552112579,focused,engaged
0.4844130873680115,0.5812922716140747,0.8213982582092285,0.26814705806698425,0.036899566650390625,0.0007066130638122559,2.0577176228311562,0.26692799146545326,0.2693661246685153,0.4940723776817322,0.3370992630720139,0.12339991331100464,0.0,0.9703173745360438,0.6789796948432922,focused,engaged
0.4831793010234833,0.5865329504013062,0.8319697380065918,0.27915366895067567,0.03806954622268677,0.0005704164505004883,2.046679703510739,0.27901393600304814,0.2792934018983032,0.5023325383663177,0.3345672518014908,0.12550917267799377,0.0,0.973394734088877,0.6852495074272156,focused,engaged
0.47837942838668823,0.5803364515304565,0.8305587768554688,0.25984720692577035,0.038647741079330444,0.0005857348442077637,2.031263603642031,0.25260999510747223,0.26708441874406846,0.5082695335149765,0.33210989832878113,0.1254459023475647,0.0,0.9678586362615037,0.6848013699054718,focused,engaged
0.5063730478286743,0.5617923736572266,0.8769611120223999,0.0942831543861613,0.021349191665649414,0.0037024617195129395,1.784274853240281,0.07416867077410227,0.11439763799822035,0.5623494386672974,0.3387490749359131,0.12984523177146912,1.0,0.9875160508675472,0.7140876352787018,focused,engaged
0.48095113039016724,0.5759981870651245,0.8148460388183594,0.24803124586320857,0.03409537672996521,0.0007053613662719727,2.058518378607448,0.24449746926392446,0.2515650224624927,0.4916747510433197,0.33249223232269287,0.12299662828445435,0.0,0.9753981727153177,0.6759557723999023,focused,engaged
0.4787995517253876,0.5756735801696777,0.8143033385276794,0.25584623748230667,0.0359930694103241,0.0008358955383300781,2.035064655801298,0.25041877828429066,0.2612736966803227,0.48562902212142944,0.3367143005132675,0.1207582950592041,0.0,0.9706036920990648,0.6749795377254486,focused,engaged
0.4767211675643921,0.5836383700370789,0.8306592106819153,0.25827555998090945,0.03985798358917236,0.0008845329284667969,2.0543232485736205,0.24830119075601115,0.26824992920580776,0.5074627101421356,0.33225425481796267,0.12274587154388428,0.0,0.9687307235556489,0.6838202476501465,focused,engaged
0.4883875846862793,0.577201247215271,0.849407970905304,0.2883544845089211,0.02561962604522705,0.0021167397499084473,1.9712710141277041,0.27837726121749684,0.2983317078003454,0.5365951955318451,0.3295627266168594,0.13090592622756958,0.0,0.9921757796555213,0.6959339380264282,focused,engaged
0.48930102586746216,0.5689283609390259,0.8631540536880493,0.29513216415833105,0.01612865924835205,0.004440665245056152,1.862808399198167,0.29379154319081796,0.29647278512584413,0.5480879545211792,0.32814833521842957,0.13431096076965332,0.0,0.9990186404779439,0.7033223807811737,focused,engaged
0.4988199472427368,0.5585418343544006,0.8647500276565552,0.303659510336442,0.007403314113616943,0.002191007137298584,1.7910376734048914,0.311824304615255,0.295494716057629,0.5484322011470795,0.33620063662528993,0.13165715336799622,0.0,0.9920724589729495,0.7001846730709076,focused,engaged
0.5015696883201599,0.5505778193473816,0.8580384254455566,0.11373096240824906,0.0211772620677948,0.005787372589111328,1.7676940094824785,0.09404880229180579,0.13341312252469234,0.5434980392456055,0.3346840590238571,0.1237536370754242,1.0,0.9893189603769822,0.698582798242569,focused,engaged
0.4769458770751953,0.577144205570221,0.8222986459732056,0.2632292745397873,0.03031092882156372,0.0015437006950378418,2.032280115117068,0.25676831512944703,0.2696902339501275,0.49822452664375305,0.33436249494552617,0.12432706356048584,0.0,0.9780980603009208,0.6799805462360382,focused,engaged
0.48477208614349365,0.5740372538566589,0.8096535205841064,0.25439163979718193,0.033040374517440796,0.001759648323059082,2.032002628052724,0.2542533431298082,0.25452993646455574,0.47877490520477295,0.334563872218132,0.1190636157989502,0.0,0.9790097182771624,0.6721144616603851,focused,engaged
0.4955020546913147,0.559059202671051,0.8674263954162598,0.31192286363542415,0.001112818717956543,0.0013155937194824219,1.78154653602163,0.3211117166783124,0.3027340105925359,0.5493722856044769,0.33420896530151367,0.13104760646820068,0.0,0.9949543256263123,0.7035894989967346,focused,engaged
0.4956163465976715,0.5635800957679749,0.874178946018219,0.28056674834613077,0.004100322723388672,0.0007260441780090332,1.8034388981651188,0.2897271753690219,0.2714063213232396,0.5601478517055511,0.3332994163036347,0.13340482115745544,0.0,0.9924967850859442,0.7048189342021942,focused,engaged
0.4990205764770508,0.5495495200157166,0.8526108264923096,0.27799164538475735,0.005459785461425781,0.0024649500846862793,1.8179665257979687,0.28657424580122925,0.26940904496828544,0.550957128405571,0.32362557351589205,0.1292843520641327,0.0,0.9921796900953447,0.6909377574920654,focused,engaged
0.4941968619823456,0.5705745816230774,0.8840064406394958,0.32035570753004383,0.0008857250213623047,0.0010023713111877441,1.7859304999583994,0.33286828393639484,0.3078431311236928,0.5597693026065826,0.3350890159606934,0.13254186511039734,0.0,0.9977932174035374,0.7120034694671631,focused,engaged
0.49808502197265625,0.5564212799072266,0.854453980922699,0.27407355373602194,0.006738722324371338,0.0018500089645385742,1.8138292340293887,0.28670531322850795,0.26144179424353586,0.5405822396278381,0.330575031042099,0.12733647227287292,0.0,0.98589550063143,0.6937786936759949,focused,engaged
0.5010314583778381,0.5528442859649658,0.8560810089111328,0.2774117803554803,0.007842183113098145,0.0025019049644470215,1.8107477276897372,0.28956598837701464,0.26525757233394603,0.5490870177745819,0.32138090431690214,0.12833380699157715,0.0,0.9874928739323008,0.6921045780181885,focused,engaged
0.49801528453826904,0.5592200756072998,0.8658104538917542,0.26408211217471234,0.009260505437850952,0.00038057565689086914,1.7694719599922317,0.271963176495836,0.2562010478535886,0.5425048470497131,0.3371713191270828,0.12962472438812256,0.0,0.9945256058546612,0.7014940977096558,focused,engaged
0.4943689703941345,0.5453808903694153,0.8788172006607056,0.3482092428482576,0.011972248554229736,0.013064444065093994,1.6985914532894182,0.3541121122521956,0.3423063734443197,0.5663737654685974,0.3325947493314743,0.12941765785217285,0.0,0.9828956830370752,0.7047590613365173,focused,engaged
0.5038403868675232,0.5527792572975159,0.8582786917686462,0.3357820397117503,0.00798797607421875,0.0056452155113220215,1.7775108972936386,0.35053885260440243,0.3210252268190982,0.5430303514003754,0.32811154425144196,0.1286817193031311,0.0,0.9888851164354246,0.6915797889232635,focused,engaged
0.4928661286830902,0.5511069297790527,0.8841735124588013,0.3197027953468467,0.009309947490692139,0.002573549747467041,1.7116419288383438,0.33088779202296215,0.30851779867073126,0.5700924396514893,0.3372886210680008,0.1285291612148285,0.0,0.9879725517845974,0.7123270630836487,focused,engaged
0.49488338828086853,0.5612530708312988,0.8876784443855286,0.3400553408297943,0.010925233364105225,0.010046303272247314,1.7202832385442124,0.3504028393138767,0.32970784234571177,0.5615458190441132,0.33658501207828523,0.13127470016479492,0.0,0.9889643744718558,0.7099081873893738,focused,engaged
0.49498486518859863,0.5576692223548889,0.8704380989074707,0.2746206393650992,0.0033723115921020508,0.0013158321380615234,1.7928821523741738,0.2865482304236671,0.2626930483065313,0.5607595294713974,0.32578641176223755,0.13321316242218018,0.0,0.9951669991016194,0.7034225463867188,focused,engaged
0.48618844151496887,0.542763352394104,0.8580172061920166,0.22859986449753422,0.006276607513427734,0.0030509233474731445,1.707972639670571,0.22067854379264532,0.23652118520242313,0.5384466648101807,0.330409449338913,0.12482258677482605,0.0,0.97275415537104,0.6900850534439087,focused,engaged
0.4938332736492157,0.5511969923973083,0.8807021379470825,0.35009636613436745,0.013643056154251099,0.006503462791442871,1.7247374431449078,0.36360354634079306,0.33658918592794185,0.5683115869760513,0.32743181586265563,0.13078758120536804,0.0,0.983927829260903,0.7052233815193176,focused,engaged
0.49228572845458984,0.5739307403564453,0.8879866600036621,0.3307160038077654,0.005148410797119141,0.002159714698791504,1.7822494524211825,0.34365352777052666,0.3177784798450041,0.5597277730703354,0.3377852708101272,0.13208070397377014,0.0,0.989423581289134,0.7140122652053833,focused,engaged
0.5032113790512085,0.5603418946266174,0.8662080764770508,0.26511335286064563,0.007299840450286865,0.0023511648178100586,1.806331047318898,0.2757638223296,0.2544628833916913,0.552497386932373,0.33242005705833433,0.12979456782341003,0.0,0.98582732261553,0.7028029263019562,focused,engaged
0.5020027160644531,0.5574824810028076,0.8591462969779968,0.27624100111940164,0.005883604288101196,0.0017296075820922852,1.8095176228887133,0.28778737084705924,0.2646946313917441,0.5458678007125854,0.3331170409917832,0.1283799111843109,0.0,0.9810833155206921,0.694836437702179,focused,engaged
0.5030786395072937,0.5602016448974609,0.8687803745269775,0.27329403856699597,0.009079277515411377,0.0008308887481689453,1.8049519340068776,0.28112398526470295,0.265464091869289,0.5569715797901154,0.3347400605678559,0.1304488182067871,0.0,0.9878497654990935,0.7015654444694519,focused,engaged
0.5028792023658752,0.5320062637329102,0.8560895919799805,0.3220344338383444,0.008909761905670166,0.0024073123931884766,1.754549536664249,0.3325139948843352,0.3115548727923536,0.5686220079660416,0.3228834599256516,0.13059833645820618,0.0,0.9947410542030347,0.6900240480899811,focused,engaged
0.5053316354751587,0.5577768683433533,0.8596967458724976,0.2772749850732703,0.008872568607330322,0.0019989013671875,1.7980995647696791,0.28585479940496344,0.2686951707415771,0.5428837984800339,0.3329129576683044,0.12808823585510254,0.0,0.9883735985548707,0.6980553269386292,focused,engaged
0.4977826774120331,0.5510081052780151,0.8607478141784668,0.2805409924013692,0.005363970994949341,0.0015233755111694336,1.8020977810009826,0.2917380208885576,0.26934396391418075,0.5581830441951752,0.3190155029296875,0.1313406229019165,0.0,0.9931526112534276,0.6942315101623535,focused,engaged
0.5026946067810059,0.598335862159729,0.8997284173965454,0.22103197626370913,0.011783361434936523,0.05332082509994507,1.882104711676217,0.21942906690657743,0.22263488562084086,0.5672542303800583,0.34755688309669497,0.12333253026008606,0.0,0.9954273624275694,0.6696711480617523,focused,engaged
0.49601513147354126,0.5993835926055908,0.9117380976676941,0.11533317321047358,0.0027859508991241455,0.05776578187942505,1.8501349237891627,0.11492626179797291,0.11574008462297425,0.5778998285531998,0.34966330528259276,0.12677234411239624,1.0,0.9923712687672236,0.6856212615966797,focused,engaged
0.49741947650909424,0.5932784080505371,0.8869175910949707,0.19783806518035646,0.013411909341812134,0.053612351417541504,1.8603685227562445,0.20926408397650628,0.18641204638420664,0.5462789535522461,0.35588268339633944,0.11919215321540833,1.0,0.9960496698623837,0.6689974665641785,focused,engaged
0.48320695757865906,0.5986799001693726,0.9001519680023193,0.16536489285688316,0.013364315032958984,0.055046916007995605,1.8537874102947451,0.17303661483022498,0.15769317088354134,0.5588669776916504,0.35884696543216704,0.12131473422050476,1.0,0.9846217284304168,0.6780444383621216,focused,engaged
0.5108566880226135,0.5963107347488403,0.9013877511024475,0.21756974428168052,0.010855674743652344,0.0571674108505249,1.8530395796363621,0.2255436587886565,0.2095958297747045,0.5653216391801834,0.34771956205368043,0.12654107809066772,1.0,0.9960255979845272,0.6713951528072357,focused,engaged
0.49087342619895935,0.5856047868728638,0.9178342223167419,0.1278612524829358,0.004825234413146973,0.054965317249298096,1.758190338060604,0.12345905640098159,0.13226344856489003,0.5841243416070938,0.35097779929637907,0.13144329190254211,1.0,0.9951822051711976,0.6972533762454987,focused,engaged
0.496210515499115,0.5909153819084167,0.8943277597427368,0.2171465231353649,0.005996912717819214,0.061029255390167236,1.8424946370913757,0.21809882248920515,0.21619422378152464,0.559037521481514,0.34646451771259307,0.12115523219108582,1.0,0.9831086985289343,0.6654334962368011,focused,engaged
0.5077207684516907,0.5952568054199219,0.9041983485221863,0.20575200846441305,0.0054802000522613525,0.04795229434967041,1.8715415000608702,0.22092540709052727,0.1905786098382988,0.5781987905502319,0.3384917676448822,0.1293390691280365,1.0,0.9951523531029034,0.6715314984321594,focused,engaged
0.5038095116615295,0.59056556224823,0.8866567611694336,0.13906081647560609,0.004468023777008057,0.048389434814453125,1.8861791935085284,0.14401593380920874,0.13410569914200346,0.5584829449653625,0.3410815328359604,0.1254444420337677,1.0,0.9971250738125754,0.6611767113208771,focused,engaged
0.4986165761947632,0.5971015095710754,0.8926253914833069,0.21216948332762667,0.012068688869476318,0.054412841796875,1.8799135994672687,0.2238133423364258,0.20052562431882753,0.5555612444877625,0.35458662509918215,0.12055999040603638,1.0,0.9998094045221861,0.6695996224880219,focused,engaged
0.5023730397224426,0.5988603234291077,0.9108273983001709,0.2195505202730521,0.009723007678985596,0.0578576922416687,1.8515746812738232,0.2179435746791583,0.22115746586694596,0.5776321887969971,0.3479753017425537,0.12464544177055359,1.0,0.9975320595894741,0.6726641952991486,focused,engaged
0.5045253038406372,0.5979676246643066,0.9063031673431396,0.1978464209824785,0.009729206562042236,0.055791616439819336,1.8641235947637085,0.20382716052080616,0.1918656814441509,0.5747774243354797,0.3459581404924393,0.12437587976455688,1.0,0.992207603077903,0.6718953847885132,focused,engaged
0.5053510069847107,0.6023766994476318,0.9186645150184631,0.19743418128728657,0.002760767936706543,0.04975241422653198,1.8599294451243868,0.19858228567547892,0.19628607689909425,0.5882748812437057,0.34455432295799254,0.13083025813102722,1.0,0.9898047232338385,0.6792751848697662,focused,engaged
0.49343806505203247,0.5630993247032166,0.8935041427612305,0.15886771720204368,0.0004697442054748535,0.04718291759490967,1.7610783293567673,0.17632657000553947,0.14140886439854788,0.5818705260753632,0.3303051143884659,0.1316552758216858,1.0,0.9904431992522675,0.6853946149349213,focused,engaged
0.49848803877830505,0.6043111681938171,0.9133973717689514,0.17143941897859855,0.010037124156951904,0.04927545785903931,1.8778246448593132,0.18649034717392218,0.15638849078327494,0.5804115682840347,0.3472014546394348,0.12997695803642273,1.0,0.998797804763762,0.6765045821666718,focused,engaged
0.5066277980804443,0.6018036007881165,0.912507176399231,0.20185437608200435,0.0038090646266937256,0.049437761306762695,1.8661908754938306,0.1965489520677609,0.20715980009624776,0.5798340439796448,0.3475332379341125,0.12809929251670837,1.0,0.9976423254433481,0.6795111000537872,focused,engaged
0.5035190582275391,0.5969464778900146,0.9022325873374939,0.2128908984875195,0.004937529563903809,0.05107986927032471,1.8850910292823089,0.22216457655772107,0.20361722041731792,0.5754939913749695,0.34407677054405217,0.12757113575935364,1.0,0.9956767872576133,0.6754096150398254,focused,engaged
0.5007188320159912,0.5966955423355103,0.9056604504585266,0.18362828145213572,0.0005035996437072754,0.049778521060943604,1.8649146431917707,0.18830326144626758,0.17895330145800387,0.5761950463056564,0.34492866694927216,0.12864798307418823,1.0,0.9980482370660285,0.6741598546504974,focused,engaged
0.5046104788780212,0.5932636857032776,0.9050957560539246,0.18105306826579276,0.0028415024280548096,0.051963090896606445,1.8750573987899493,0.1896292830730542,0.17247685345853134,0.5847049057483673,0.3377794176340103,0.12979018688201904,1.0,0.9971741597948414,0.6737466156482697,focused,engaged
0.49755963683128357,0.5875229239463806,0.9060916900634766,0.11641573052517853,0.0008655786514282227,0.053095102310180664,1.8383331473959528,0.11533061392000378,0.1175008471303533,0.5856373608112335,0.335296756029129,0.12990111112594604,1.0,0.9860041818103404,0.6799331903457642,focused,engaged
0.4923858642578125,0.5960088968276978,0.8989433646202087,0.21804338151005015,0.006998181343078613,0.051397740840911865,1.8430940810040017,0.21428110974636644,0.22180565327373386,0.5583385676145554,0.3533319681882858,0.12120038270950317,1.0,0.9976763388691453,0.6702888309955597,focused,engaged
0.5031600594520569,0.6010400056838989,0.9011455774307251,0.19814022197157533,0.010120153427124023,0.050249576568603516,1.8901222456473765,0.20475315083634477,0.19152729310680586,0.5672381073236465,0.35282061994075775,0.1256079077720642,1.0,0.9988385802748506,0.6704797446727753,focused,engaged
0.5219846367835999,0.5795161724090576,0.8928424119949341,0.09475266789614423,0.029766470193862915,0.05003464221954346,1.7693578674968025,0.0995525913322762,0.08995274446001225,0.554388016462326,0.3444940149784088,0.12670853734016418,1.0,0.9701612043335707,0.6827415227890015,focused,engaged
0.508126437664032,0.5917676091194153,0.9134496450424194,0.12163524814263316,0.005275428295135498,0.056385695934295654,1.8401682469974767,0.10868941359150372,0.1345810826937626,0.5919509083032608,0.341211324930191,0.13069143891334534,1.0,0.9967599298469014,0.6821382343769073,focused,engaged
0.523708164691925,0.5722562670707703,0.8963744640350342,0.1530239161675159,0.030797839164733887,0.052660346031188965,1.731495635887322,0.15943152576525904,0.14661630656977276,0.5612109750509262,0.3426534652709961,0.12770596146583557,1.0,0.9663620234660658,0.6807969808578491,focused,engaged
0.5330283641815186,0.5769153237342834,0.8925567865371704,0.1037028976608872,0.036915361881256104,0.052324771881103516,1.7511295958653343,0.10381025113916703,0.10359554418260736,0.5527308583259583,0.3556289553642273,0.12573042511940002,1.0,0.9710447792543843,0.6920882165431976,focused,engaged
0.5209354162216187,0.5880100727081299,0.908677339553833,0.1938158115326305,0.03648442029953003,0.04541987180709839,1.7373951470781526,0.19900465979005327,0.1886269632752077,0.5571274906396866,0.3551153093576431,0.12906691431999207,1.0,0.9677093157990047,0.696315586566925,focused,engaged
0.5187900066375732,0.6001073122024536,0.9144521951675415,0.10675933558448393,0.038660138845443726,0.05092155933380127,1.7988632971398995,0.10157547265217073,0.11194319851679713,0.5654652714729309,0.34812195897102355,0.12533077597618103,1.0,0.9748371704703961,0.6958623230457306,focused,engaged
0.5371838212013245,0.5672289133071899,0.8847150802612305,0.14178147990574483,0.027947187423706055,0.05049252510070801,1.7375816709734677,0.13067186463802544,0.15289109517346422,0.551659882068634,0.3360499918460846,0.1250585913658142,1.0,0.978069024317667,0.6704850196838379,focused,engaged
0.5316461324691772,0.5735399127006531,0.8933278322219849,0.11882056982801623,0.030127376317977905,0.05125457048416138,1.7272680249355994,0.1085783061304955,0.12906283352553694,0.5523611754179001,0.34469095766544344,0.12558269500732422,1.0,0.9663440136707263,0.6795103251934052,focused,engaged
0.5218861103057861,0.5862085223197937,0.9083592891693115,0.10394093424415382,0.03147047758102417,0.054825007915496826,1.7539160748933709,0.09093895260180052,0.11694291588650711,0.5650271624326706,0.35299901068210604,0.13312643766403198,1.0,0.9526135704667342,0.6937858164310455,focused,engaged
0.5211262106895447,0.5754696726799011,0.8936704993247986,0.1775257244050399,0.0349460244178772,0.05119282007217407,1.7314769870167468,0.1793951128681483,0.17565633594193147,0.5509591400623322,0.34306193292140963,0.12535887956619263,1.0,0.9725934838426212,0.6820579767227173,focused,engaged
0.5376330614089966,0.5720892548561096,0.8928244709968567,0.16522508247487558,0.02788066864013672,0.04785865545272827,1.7091002370648072,0.15328465729613466,0.1771655076536165,0.54817034304142,0.3443049818277359,0.12680259346961975,1.0,0.9705661264818701,0.6784288883209229,focused,engaged
0.5264668464660645,0.5702749490737915,0.8833150863647461,0.17843292231968716,0.0416695773601532,0.04767483472824097,1.731474557540306,0.1897401607220805,0.16712568391729385,0.5420227646827698,0.34737829864025116,0.12676739692687988,1.0,0.9797680244448203,0.6872787177562714,focused,engaged
0.5001749992370605,0.5835066437721252,0.9059075117111206,0.1073091405379158,0.01455196738243103,0.06443023681640625,1.7868451057515005,0.1152962339813686,0.09932204709446302,0.5760821998119354,0.3446476548910141,0.12745487689971924,1.0,0.9840454633367297,0.6857563257217407,focused,engaged
0.5308133363723755,0.5685906410217285,0.8893580436706543,0.16108549116325308,0.038394153118133545,0.041698575019836426,1.723794068722995,0.16348276239972004,0.1586882199267861,0.5529386699199677,0.34605049788951875,0.12490805983543396,1.0,0.9441310144726577,0.686545342206955,focused,engaged
0.5090783834457397,0.5936300158500671,0.9037538170814514,0.11310299525890877,0.008338630199432373,0.06260228157043457,1.8626983800364436,0.1240746296695013,0.10213136084831623,0.5776689648628235,0.3421964406967163,0.1254458725452423,1.0,0.9910139030388332,0.6734822988510132,focused,engaged
0.4976417124271393,0.601906418800354,0.9170608520507812,0.11046139718159545,0.0007098913192749023,0.057204246520996094,1.8382877544011638,0.12197326936734802,0.09894952499584289,0.5793463736772537,0.3533399909734726,0.12685295939445496,1.0,0.9951651319149403,0.6840129494667053,focused,engaged
0.5247466564178467,0.5798532962799072,0.9115553498268127,0.15213090829538659,0.03955772519111633,0.049024760723114014,1.7349700715435237,0.159323618545733,0.14493819804504018,0.5754948705434799,0.3437862068414688,0.13363394141197205,1.0,0.9702492621797939,0.6968872547149658,focused,engaged
0.5242993831634521,0.5664843916893005,0.8826053142547607,0.09040400108945061,0.03351593017578125,0.048707008361816406,1.7077752513016522,0.09388727021457792,0.0869207319643233,0.5398651957511902,0.3446745127439499,0.1206720769405365,1.0,0.9558123509962514,0.6768366992473602,focused,engaged
0.5211293697357178,0.587058961391449,0.9094036221504211,0.10134176586858283,0.023954570293426514,0.05911874771118164,1.775899873141655,0.10472896032644652,0.09795457141071914,0.5724536180496216,0.3501165896654129,0.12840482592582703,1.0,0.9815890864250822,0.6919263005256653,focused,engaged
0.5164750814437866,0.5897891521453857,0.9107206463813782,0.15631648461115513,0.037367165088653564,0.05180716514587402,1.772477932335007,0.14773832925384178,0.16489463996846848,0.5688457638025284,0.3474078387022018,0.13209941983222961,1.0,0.9671944557874607,0.6926657557487488,focused,engaged
0.5250082612037659,0.5681530237197876,0.8862834572792053,0.06387786612549956,0.03670087456703186,0.062453508377075195,1.7185026179337515,0.06924778253705881,0.0585079497139403,0.5467097014188766,0.3447185218334198,0.11932677030563354,1.0,0.9603197640020544,0.6772238612174988,focused,engaged
0.5301441550254822,0.5787907242774963,0.9038849472999573,0.059293566256636156,0.034452617168426514,0.05181854963302612,1.7358278093046329,0.06367276977910691,0.0549143627341654,0.5643093287944794,0.3443869650363922,0.12724807858467102,1.0,0.9615072000282671,0.6883766651153564,focused,engaged
0.5269120335578918,0.5709201097488403,0.8985139727592468,0.11942487833654072,0.037154316902160645,0.05825221538543701,1.7227745948161008,0.10529713214438775,0.1335526245286937,0.564372107386589,0.34303553998470304,0.12741121649742126,1.0,0.9749991406531681,0.6873348951339722,focused,engaged
0.5221152305603027,0.5829049944877625,0.9020426869392395,0.09293112957396871,0.032942116260528564,0.0476798415184021,1.7500495194354686,0.08309761930318235,0.10276463984475505,0.5585085153579712,0.3509225606918335,0.1314081847667694,1.0,0.9594685715961495,0.6870814263820648,focused,engaged
0.5201219916343689,0.5806518197059631,0.8928519487380981,0.10521429022906018,0.026169538497924805,0.04652988910675049,1.7680595769146032,0.10668877957611883,0.10373980088200152,0.551990196108818,0.34642985463142395,0.12806910276412964,1.0,0.9804211411256807,0.6821286678314209,focused,engaged
0.5285979509353638,0.5799975991249084,0.8977765440940857,0.10744209542417091,0.03811842203140259,0.04938012361526489,1.7515347832694188,0.11613357062335113,0.09875062022499069,0.5566026270389557,0.35095384120941164,0.12865450978279114,1.0,0.9683664544717945,0.6877065300941467,focused,engaged
0.5241652727127075,0.5752142667770386,0.9018746614456177,0.151803482374902,0.0384487509727478,0.047819554805755615,1.7446993384491543,0.14186545070561485,0.16174151404418916,0.569925919175148,0.3397990703582764,0.1321251392364502,1.0,0.9742960050981642,0.6892116069793701,focused,engaged
0.5160849690437317,0.5674318671226501,0.8909988403320312,0.1626969273475912,0.03931143879890442,0.05498981475830078,1.7034689852955078,0.1826247811663576,0.14276907352882479,0.5511880069971085,0.3452455163002014,0.12674731016159058,1.0,0.9661471820640659,0.6853972673416138,focused,engaged
0.5100747346878052,0.5746290683746338,0.8910890221595764,0.14264271537178957,0.04043203592300415,0.04118359088897705,1.7465416357497066,0.13331244883035812,0.15197298191322106,0.5527122318744659,0.3492240160703659,0.12703168392181396,1.0,0.9761659111864783,0.688378095626831,focused,engaged
0.5258604884147644,0.5834585428237915,0.8914669752120972,0.0783393117937504,0.039535313844680786,0.044393718242645264,1.786205014713555,0.08797961254357876,0.06869901104392204,0.5501679927110672,0.350898677110672,0.12469139695167542,1.0,0.9653300016926397,0.6844272017478943,focused,engaged
0.5199505090713501,0.576956033706665,0.885502815246582,0.08393128954958567,0.0374738872051239,0.049347102642059326,1.7761545902470273,0.10197519513510701,0.06588738396406434,0.5480285584926605,0.3430982202291488,0.12468260526657104,1.0,0.9700289913445717,0.6778032183647156,focused,engaged
0.5240405201911926,0.5736514329910278,0.8877996206283569,0.15374181839037032,0.04413723945617676,0.04674088954925537,1.7234516051283164,0.15413987410349986,0.15334376267724079,0.5414209216833115,0.34805834591388707,0.12631791830062866,1.0,0.9734618284775987,0.6890219449996948,focused,engaged
0.5171427130699158,0.5819396376609802,0.908161997795105,0.17869731602034514,0.038986027240753174,0.04933816194534302,1.7246788183396027,0.17539153395626536,0.1820030980844249,0.5626305192708969,0.3484305739402771,0.13299068808555603,1.0,0.9717210688306241,0.697761058807373,focused,engaged
0.4639608561992645,0.6060752868652344,0.932001531124115,0.09327558344403382,0.03429412841796875,0.011288583278656006,2.177147916706361,0.10903493167779138,0.07751623521027626,0.7095918208360672,0.3484461277723312,0.14930444955825806,1.0,0.9163594672954304,0.7396739423274994,focused,engaged
0.5328839421272278,0.5749460458755493,0.8818460702896118,0.07700984620465695,0.03210902214050293,0.05346125364303589,1.770017623868891,0.07487948201307759,0.07914021039623631,0.5432202219963074,0.34551010429859164,0.12414047122001648,1.0,0.9665037067699498,0.6754658222198486,focused,engaged
0.5293510556221008,0.5748605728149414,0.8935199975967407,0.15103974619394028,0.03833657503128052,0.04631531238555908,1.7351502293789385,0.1507163225897158,0.15136316979816478,0.552923709154129,0.34690363705158234,0.12855049967765808,1.0,0.9698164043723834,0.6840951442718506,focused,engaged
0.46858495473861694,0.5899903774261475,0.8859031200408936,0.23553899491592403,0.040044188499450684,0.04430091381072998,1.8736299107169905,0.24715451959783707,0.223923470234011,0.5544328391551971,0.3388886332511902,0.12805092334747314,0.0,0.9668860450193723,0.6743530035018921,focused,engaged
0.4670839309692383,0.5911644101142883,0.8903669118881226,0.24431559996704894,0.04004138708114624,0.044055283069610596,1.8729797345134167,0.27043077043363184,0.218200429500466,0.5604020953178406,0.3372057765722275,0.1278383731842041,0.0,0.9653171273138377,0.6762328147888184,focused,engaged
0.4688107967376709,0.5888178944587708,0.8829434514045715,0.2118822615198956,0.04221665859222412,0.04410213232040405,1.8845245423597368,0.22798266219227323,0.19578186084751792,0.5542887151241302,0.34143862724304197,0.12695097923278809,1.0,0.9638332725080802,0.6769652366638184,focused,engaged
0.46507567167282104,0.5911684632301331,0.8769703507423401,0.19529035754701196,0.02908569574356079,0.00022906064987182617,1.961957207947541,0.19677680839906414,0.19380390669495978,0.5607330352067947,0.33821371793746946,0.1322418451309204,1.0,0.9486103113708408,0.6952758729457855,focused,engaged
0.46837854385375977,0.5809937715530396,0.8642063736915588,0.27289101871163973,0.03545200824737549,0.004580855369567871,1.93864719364424,0.27210256953015516,0.2736794678931243,0.5490512549877167,0.33095720708370213,0.12963849306106567,0.0,0.9515952944621978,0.6810623705387115,focused,engaged
0.4755372405052185,0.5760867595672607,0.8684642910957336,0.21695127994212116,0.0331399142742157,0.04454183578491211,1.872543914186829,0.22945688546115375,0.20444567442308853,0.5474916398525238,0.33371929824352264,0.12584823369979858,1.0,0.9632218339704126,0.6675428450107574,focused,engaged
0.4702531099319458,0.5808436870574951,0.8694847822189331,0.22837285857762868,0.032100796699523926,0.004651129245758057,1.9302139754815721,0.23093421810959178,0.2258114990456656,0.5571410059928894,0.3358607292175293,0.13243591785430908,0.0,0.9525883528018001,0.6866154670715332,focused,engaged
0.47684937715530396,0.5909432768821716,0.8817697167396545,0.24516962706651407,0.039499521255493164,0.04673343896865845,1.8739668121780024,0.2568294844186688,0.2335097697143593,0.5450009703636169,0.3420322179794312,0.12687110900878906,0.0,0.963213841417294,0.6727812588214874,focused,engaged
0.46820056438446045,0.5860190391540527,0.8741593360900879,0.29686444948538626,0.03980076313018799,0.006336569786071777,1.9602156085317526,0.2996655412542241,0.29406335771654835,0.5648190677165985,0.32816479802131654,0.13390427827835083,0.0,0.9528345142409761,0.6850883364677429,focused,engaged
0.46688592433929443,0.5878090858459473,0.8800390958786011,0.21090904024959506,0.04550445079803467,0.048590898513793945,1.8846622486417712,0.23031183937703548,0.19150624112215467,0.5507567524909973,0.3474012494087219,0.12613165378570557,1.0,0.9450800306492566,0.6764280796051025,focused,engaged
0.4859975278377533,0.592674970626831,0.8925004005432129,0.19465108009117166,0.03636598587036133,0.04778945446014404,1.8533769897662682,0.1991036818248823,0.190198478357461,0.5556914061307907,0.34299078285694123,0.12654069066047668,1.0,0.9656756299141505,0.6798242330551147,focused,engaged
0.4682896137237549,0.5898573398590088,0.8786063194274902,0.20027987471060946,0.03975293040275574,0.040997087955474854,1.9058385769094681,0.2143454186040796,0.1862143308171393,0.5503108501434326,0.3396988660097122,0.1300729215145111,1.0,0.9670168017627638,0.6724628210067749,focused,engaged
0.4648006558418274,0.5805504322052002,0.8664819002151489,0.2683228910268918,0.03297486901283264,0.0012840628623962402,1.9235589891871585,0.2737378792985886,0.26290790275519493,0.5500079691410065,0.33220378756523133,0.12880200147628784,0.0,0.9559195348464008,0.6817878782749176,focused,engaged
0.4671552777290344,0.5884565114974976,0.8772773146629333,0.23046401440850403,0.03475672006607056,0.006164669990539551,1.956294746196089,0.2351338415305814,0.22579418728642667,0.5650205761194229,0.3397190719842911,0.13300269842147827,0.0,0.9524728734105286,0.6952071785926819,focused,engaged
0.46692022681236267,0.5908163785934448,0.8840929269790649,0.19192565735089656,0.0415118932723999,0.04621535539627075,1.8923909899648899,0.2161548709824012,0.16769644371939194,0.5549957901239395,0.34203915297985077,0.12483960390090942,1.0,0.9601648175785698,0.6763933002948761,focused,engaged
0.5174402594566345,0.5756453275680542,0.8781235218048096,0.09904781540226743,0.020842164754867554,0.0477750301361084,1.8079591863937539,0.09322468479434329,0.10487094601019155,0.5468700379133224,0.33674080371856685,0.1264561414718628,1.0,0.9875629750144223,0.671368807554245,focused,engaged
0.46759623289108276,0.5752464532852173,0.8636882901191711,0.2268132045620994,0.029242277145385742,0.0010065436363220215,1.903370390736878,0.22990432505922132,0.22372208406497754,0.5490135550498962,0.33739531636238096,0.12917953729629517,0.0,0.9545270415372935,0.6831446290016174,focused,engaged
0.47388777136802673,0.5852729678153992,0.886367917060852,0.21281108985383462,0.026541471481323242,0.002051830291748047,1.891829317300763,0.22003109030664023,0.205591089401029,0.5696221441030502,0.3358783453702927,0.13022497296333313,1.0,0.956914935790021,0.6965398788452148,focused,engaged
0.4784608483314514,0.5802457928657532,0.8615007400512695,0.1970297383490972,0.03420835733413696,0.004218697547912598,1.9689205586302303,0.20896778614293357,0.1850916905552608,0.5537706166505814,0.3352862477302551,0.13105779886245728,1.0,0.956293781596172,0.6821669042110443,focused,engaged
0.458254337310791,0.5873401165008545,0.8687160611152649,0.3047887076447725,0.03871425986289978,0.003256678581237793,1.9134309171948263,0.3062472881780299,0.3033301271115151,0.538395345211029,0.3368923306465149,0.12928315997123718,0.0,0.9491594059371155,0.6853705942630768,focused,engaged
0.4817451238632202,0.586239755153656,0.8748783469200134,0.2062768622357859,0.03652101755142212,0.04405122995376587,1.8990674006053052,0.22251609232816777,0.190037632143404,0.5481460392475128,0.3396033048629761,0.12660366296768188,1.0,0.9592632429314184,0.6683726608753204,focused,engaged
0.472962349653244,0.5910181999206543,0.8759282827377319,0.2115181708032375,0.03586253523826599,0.0015974640846252441,1.9975360840957779,0.2176413395115481,0.20539500209492692,0.5691201686859131,0.32999039888381954,0.13885357975959778,1.0,0.9540758109945191,0.6878006160259247,focused,engaged
0.4918854832649231,0.5783683061599731,0.8896716833114624,0.0822565633946295,0.007869601249694824,0.04960876703262329,1.826658745714307,0.06481385409320661,0.09969927269605239,0.5686468631029129,0.33506924510002134,0.12506884336471558,1.0,0.9875399069444063,0.6763588488101959,focused,engaged
0.46989905834198,0.5946847200393677,0.8955254554748535,0.31502165522664466,0.042088985443115234,0.0015181899070739746,1.903179554481042,0.30896048666187204,0.3210828237914173,0.5725558400154114,0.3270666241645813,0.13717925548553467,0.0,0.9483276949803024,0.7007386386394501,focused,engaged
0.4659477174282074,0.5910699367523193,0.893379271030426,0.1675264177967801,0.03849723935127258,0.04505956172943115,1.8830714741339278,0.16876698721913128,0.16628584837442892,0.5692719668149948,0.3440625876188278,0.12943023443222046,1.0,0.9434668041214499,0.6842527389526367,focused,engaged
0.47915130853652954,0.5718083381652832,0.8682751059532166,0.24231541054957645,0.027891576290130615,0.0014591217041015625,1.8725459251270777,0.2399754885343715,0.24465533256478136,0.5551495105028152,0.3329763233661651,0.12973695993423462,0.0,0.9588205587919041,0.6854487359523773,focused,engaged
0.46343132853507996,0.5847998857498169,0.8817844390869141,0.17025656667079336,0.043435245752334595,0.05410146713256836,1.8916757709864398,0.17749822668804796,0.16301490665353877,0.5618003755807877,0.34433660507202146,0.13127270340919495,1.0,0.9482973543482309,0.6827666759490967,focused,engaged
0.46935412287712097,0.5835541486740112,0.8805911540985107,0.25469884146636657,0.033933937549591064,0.010404348373413086,1.9073678114974546,0.2578519966839871,0.25154568624874607,0.5665607303380966,0.33419988453388216,0.13295656442642212,0.0,0.9485992910606847,0.6908793151378632,focused,engaged
0.4717869162559509,0.5799498558044434,0.8642118573188782,0.2245723678107756,0.02998974919319153,0.03701639175415039,1.8886651772508312,0.21730839539733302,0.23183634022421823,0.5368776321411133,0.3430599123239517,0.12595033645629883,0.0,0.9611179952833644,0.6759769022464752,focused,engaged
0.48588255047798157,0.5758744478225708,0.8680983781814575,0.2478898433531818,0.027089446783065796,0.0012341737747192383,1.8815928785645335,0.24706393952328212,0.24871574718308145,0.549848347902298,0.33199489712715147,0.1278238296508789,0.0,0.9609821635516551,0.6842734813690186,focused,engaged
0.48795437812805176,0.5884844064712524,0.9027602672576904,0.1252690077624649,0.015873819589614868,0.0475313663482666,1.855550119168159,0.14566186243264131,0.10487615309228851,0.5831564664840698,0.34155249297618867,0.13080132007598877,1.0,0.9678399675252896,0.6878575682640076,focused,engaged
0.4752088785171509,0.5914387702941895,0.8833054900169373,0.19520000041065294,0.03860139846801758,0.04790538549423218,1.9034021644754515,0.22020923385738292,0.17019076696392296,0.5555416494607925,0.33925571441650393,0.13051855564117432,1.0,0.9612400125417527,0.6719255745410919,focused,engaged
0.4644394814968109,0.5899124145507812,0.875920832157135,0.25729382631682624,0.03657612204551697,0.005408287048339844,1.9521904057435284,0.26657289048661365,0.2480147621470388,0.558344841003418,0.33990426659584044,0.130289226770401,0.0,0.9480043679171873,0.6905831098556519,focused,engaged
0.47937703132629395,0.5894558429718018,0.8783185482025146,0.220520696187808,0.038275063037872314,0.044265925884246826,1.900061969235561,0.23439093604540548,0.20665045633021054,0.5488589406013489,0.3415747582912445,0.1267358660697937,0.0,0.9555814162966851,0.6749829053878784,focused,engaged
0.47524964809417725,0.5751132965087891,0.8696631193161011,0.3316984065012127,0.03371432423591614,0.005495607852935791,1.8830756515502984,0.33091484533603266,0.3324819676663927,0.5546614825725555,0.31401315331459045,0.1321137249469757,0.0,0.9531783088221405,0.6826408803462982,focused,engaged
0.4738224744796753,0.576317548751831,0.8651067018508911,0.31601520541292555,0.041658639907836914,0.004100441932678223,1.9135617931765943,0.3154736457650615,0.3165567650607896,0.5526178032159805,0.31448388993740084,0.13418930768966675,0.0,0.9471400641476276,0.6774170994758606,focused,engaged
0.4719284176826477,0.5823780298233032,0.8735498785972595,0.3236663503799198,0.034658849239349365,0.0032821297645568848,1.9222391753330317,0.31362491228127065,0.33370778847856897,0.5597038567066193,0.3208763480186463,0.13050132989883423,0.0,0.9580373151063538,0.6890926361083984,focused,engaged
0.4788711667060852,0.5766401886940002,0.8566032648086548,0.28274485649999215,0.03205332159996033,0.0014035701751708984,1.9491252608003466,0.2796259591375622,0.2858637538624221,0.5456850528717041,0.32066055238246916,0.12578654289245605,0.0,0.9510106548438074,0.6757771670818329,focused,engaged
0.47255510091781616,0.5865493416786194,0.8806504011154175,0.24683173872093034,0.02667573094367981,0.004876852035522461,1.9444632788921008,0.23671251181558342,0.25695096562627723,0.5718706548213959,0.33136855959892275,0.13225671648979187,0.0,0.9564266001111943,0.6926040053367615,focused,engaged
0.4955870509147644,0.5744049549102783,0.8552639484405518,0.283991527994066,0.03544062376022339,0.0013619661331176758,1.974783674777195,0.2817143502480293,0.2862687057401027,0.5546377301216125,0.3079578757286072,0.12884271144866943,0.0,0.9468187128909694,0.6731423735618591,focused,engaged
0.47000351548194885,0.5739644169807434,0.8601013422012329,0.26105568109124866,0.027374267578125,0.009683549404144287,1.937922511265915,0.2577104712235521,0.2644008909589452,0.5545131266117096,0.32283168137073515,0.13195326924324036,0.0,0.9482053400703294,0.6769583523273468,focused,engaged
0.4766339659690857,0.5844439268112183,0.8694577813148499,0.29692386975087204,0.03472289443016052,0.0009331703186035156,1.922537176365863,0.2948031193785565,0.2990446201231875,0.5479516535997391,0.3246346801519394,0.12789997458457947,0.0,0.9509056366430714,0.6859833002090454,focused,engaged
0.4720652401447296,0.579007625579834,0.8754667043685913,0.3227158606523575,0.03272333741188049,0.0017398595809936523,1.8853282305735513,0.3245899763070374,0.32084174499767765,0.5589245557785034,0.3249844193458557,0.13225403428077698,0.0,0.9587999732139333,0.6915152966976166,focused,engaged
0.47104933857917786,0.5892295837402344,0.8852988481521606,0.33701715396404636,0.0445077121257782,0.0025040507316589355,1.876263135930031,0.3389884316261782,0.3350458763019145,0.5555057227611542,0.32652375996112826,0.1341215968132019,0.0,0.9509494850132435,0.6924515664577484,focused,engaged
0.48403918743133545,0.5880869030952454,0.8743268847465515,0.30041724721097873,0.03619450330734253,0.0008429884910583496,1.9654798471402433,0.2958546208898987,0.3049798735320588,0.5626008808612823,0.3192721545696259,0.13235530257225037,0.0,0.9493981194646078,0.6874814033508301,focused,engaged
0.4698699712753296,0.5876321196556091,0.875563383102417,0.35009839301560763,0.03926271200180054,0.005176901817321777,1.9279931632143796,0.35147819392979307,0.3487185921014222,0.5551314353942871,0.31966571509838104,0.13517725467681885,0.0,0.9580606882464806,0.6876105964183807,focused,engaged
0.46722784638404846,0.5721136927604675,0.8718463778495789,0.28611883444907227,0.03002181649208069,0.003370225429534912,1.865763321127166,0.2823088104521063,0.2899288584460382,0.5592321157455444,0.33013136088848116,0.1325661838054657,0.0,0.9444338440555562,0.6892306506633759,focused,engaged
0.46794867515563965,0.5969650745391846,0.8949659466743469,0.32379579218924415,0.033442795276641846,0.0010622739791870117,1.9054851176367422,0.31801133927394726,0.32958024510454104,0.5678381323814392,0.3241371363401413,0.13544481992721558,0.0,0.9579510232893619,0.7022750973701477,focused,engaged
0.4692094624042511,0.5703707933425903,0.8684426546096802,0.30167506961940116,0.030994921922683716,0.004689395427703857,1.8398062702512563,0.30077604373297395,0.30257409550582837,0.5483963191509247,0.32606784701347347,0.12954512238502502,0.0,0.9550141689405225,0.6834046542644501,focused,engaged
0.4788183867931366,0.5785037279129028,0.8534871935844421,0.3051054215131868,0.03426486253738403,0.0006788372993469238,1.9545240604881895,0.30900889652147084,0.3012019465049028,0.5374637544155121,0.3202403336763382,0.12517961859703064,0.0,0.9501113835849819,0.6756292283535004,focused,engaged
0.4670729637145996,0.5880533456802368,0.8738134503364563,0.30545187326870205,0.03279149532318115,0.0007849335670471191,1.9022065946518714,0.30369864627779064,0.30720510025961345,0.5435766577720642,0.3284646838903427,0.12818461656570435,0.0,0.9575830716897216,0.6875903308391571,focused,engaged
0.470287561416626,0.568183422088623,0.8677257895469666,0.29942265780892985,0.03225255012512207,0.002658665180206299,1.876389545810643,0.299081092315112,0.2997642233027477,0.5620600432157516,0.32549978196620943,0.13383549451828003,0.0,0.9505893380403263,0.6835365891456604,focused,engaged
0.47254666686058044,0.5826656818389893,0.8710727691650391,0.33688239438025247,0.03663104772567749,0.004148721694946289,1.8963322002718659,0.33266793627956204,0.34109685248094285,0.5469175428152084,0.32126715779304504,0.1268526315689087,0.0,0.956312156694526,0.6877340972423553,focused,engaged
0.47405269742012024,0.5831567645072937,0.863864541053772,0.3014743350821313,0.0337982177734375,0.0036638975143432617,1.9575709619415962,0.2988170610125725,0.30413160915169,0.549507349729538,0.3254592835903168,0.12812885642051697,0.0,0.9530960605129851,0.6835407614707947,focused,engaged
0.469838410615921,0.5716454386711121,0.8581988215446472,0.2879433213844731,0.03309345245361328,0.0033347010612487793,1.9241416800052378,0.28407250996933964,0.2918141327996065,0.551371231675148,0.3222313642501831,0.13286632299423218,0.0,0.9494622097762634,0.6766770482063293,focused,engaged
0.47351449728012085,0.5801815390586853,0.8522481918334961,0.2912969762923392,0.030034244060516357,0.001777350902557373,1.9575806874907509,0.2816682137329309,0.30092573885174745,0.5325943827629089,0.3232728034257889,0.1241254210472107,0.0,0.9573429719066417,0.6743467748165131,focused,engaged
0.47599703073501587,0.5801600217819214,0.8744263648986816,0.2784581180434051,0.03005579113960266,0.0007882118225097656,1.8730415772380393,0.2670459704904903,0.2898702655963199,0.5511749684810638,0.3282060831785202,0.13227209448814392,0.0,0.950055115489635,0.6916630268096924,focused,engaged
0.4799343943595886,0.5722692608833313,0.8541967272758484,0.33165449199733715,0.0334036648273468,0.0011605024337768555,1.8968736986121726,0.3285782427427113,0.334730741251963,0.5347826927900314,0.318550455570221,0.12613654136657715,0.0,0.9625583116011432,0.6748007535934448,focused,engaged
0.4713972806930542,0.5909912586212158,0.8870415687561035,0.3142366617452664,0.035861045122146606,0.0013885498046875,1.9121447320330203,0.3104605428165902,0.31801278067394256,0.5660929530858994,0.3232484459877014,0.13107389211654663,0.0,0.955689077351195,0.6971701383590698,focused,engaged
0.4797019362449646,0.5803441405296326,0.8640857338905334,0.3140520157733534,0.0345708429813385,0.000660240650177002,1.9608890780343784,0.3151010065689404,0.3130030249777664,0.5563877522945404,0.3167763948440552,0.1315230131149292,0.0,0.9467212994471684,0.6808816492557526,focused,engaged
0.4721689820289612,0.581487238407135,0.8677545189857483,0.33475283924488053,0.03461503982543945,0.013262748718261719,1.9187675333105079,0.3325930684147246,0.33691261007503653,0.5492822825908661,0.3182762324810028,0.1323414444923401,0.0,0.9579365640614448,0.6835273504257202,focused,engaged
0.4651145935058594,0.5902982950210571,0.8720179796218872,0.3272565392169225,0.0411074161529541,0.009620189666748047,1.9333266047406934,0.32826499767109324,0.32624808076275175,0.5446580946445465,0.33006654381752015,0.13146013021469116,0.0,0.9472220435599542,0.6868302822113037,focused,engaged
0.47575271129608154,0.5798360109329224,0.8630437254905701,0.3075742205978705,0.03384232521057129,0.00024837255477905273,1.9245512381597767,0.3054246068192659,0.30972383437647505,0.5450496822595596,0.3185425728559494,0.12807393074035645,0.0,0.9512542905969854,0.6798638701438904,focused,engaged
0.47686079144477844,0.5802179574966431,0.8716163039207458,0.27707500817429287,0.017408132553100586,0.0006638765335083008,1.9139129136976798,0.2796944908154764,0.2744555255331093,0.557712972164154,0.32483474910259247,0.1303437352180481,0.0,0.9599336864002077,0.6909089088439941,focused,engaged
0.46823880076408386,0.5868391990661621,0.8773309588432312,0.2931938820237803,0.03311789035797119,0.005386173725128174,1.9037581456496464,0.2899244732505508,0.2964632907970097,0.5530279576778412,0.3258973121643066,0.13317051529884338,0.0,0.9548028873575748,0.6876683831214905,focused,engaged
0.48226210474967957,0.5768489837646484,0.8632259964942932,0.27977680323578535,0.02098381519317627,0.00023370981216430664,1.9202346192601776,0.2813550656290349,0.27819854084253587,0.5499129742383957,0.32662466168403625,0.12718987464904785,0.0,0.9524243539425312,0.6838728487491608,focused,engaged
0.4791463017463684,0.5785636901855469,0.861055314540863,0.29008028439332784,0.030334532260894775,0.0031661391258239746,1.932857084509907,0.28987245786238597,0.2902881109242697,0.5460178703069687,0.317719504237175,0.1264282464981079,0.0,0.9485178716223783,0.6787019371986389,focused,engaged
0.4799276888370514,0.5740962624549866,0.8731160163879395,0.2831661582929926,0.010880827903747559,0.001360774040222168,1.8958572710157893,0.2827146695038768,0.28361764708210835,0.5669006705284119,0.32279292345046995,0.131677508354187,0.0,0.9602818065538442,0.6878905594348907,focused,engaged
0.48223939538002014,0.5795016288757324,0.8676868677139282,0.2871453632236801,0.032281339168548584,0.0014271140098571777,1.9570450044805545,0.2865153762514218,0.2877753501959384,0.563993439078331,0.3171034336090088,0.1314375102519989,0.0,0.9540682897626034,0.6823228597640991,focused,engaged
0.4835813641548157,0.5750026702880859,0.8585443496704102,0.2952448177957935,0.02489808201789856,0.0014314651489257812,1.9336993819492354,0.2940426703418532,0.2964469652497338,0.5482863038778305,0.32064024806022645,0.12875500321388245,0.0,0.9542368438012305,0.6785217821598053,focused,engaged
0.47952237725257874,0.5695825219154358,0.8592096567153931,0.2690015416123256,0.013748764991760254,0.0017861127853393555,1.8930523032901951,0.2676812153518869,0.27032186787276435,0.5482812076807022,0.32648260295391085,0.13117533922195435,0.0,0.9628504822839812,0.6818441152572632,focused,engaged
0.4783230125904083,0.5662163496017456,0.8713663816452026,0.27136630925385397,0.0028964877128601074,0.0018438100814819336,1.866803640508749,0.26399026421561833,0.27874235429208966,0.5696570575237274,0.3214656710624695,0.131587952375412,0.0,0.9499646409573818,0.6886522769927979,focused,engaged
0.5177699327468872,0.5791014432907104,0.9072338342666626,0.35203230615508646,0.025222957134246826,0.0028390884399414062,1.712003705866588,0.3518134277918886,0.3522511845182843,0.5617655813694,0.3235345005989074,0.13835161924362183,0.0,0.9793137138136807,0.7155255377292633,focused,engaged
0.783500075340271,0.7145442366600037,1.131178855895996,0.37347871693883355,0.04119998216629028,0.026308774948120117,1.8503366690899532,0.3981674351229648,0.3487899987547023,0.7709161639213562,0.3634255290031433,0.17150509357452393,0.0,0.8949072276259874,0.9046744108200073,focused,engaged
0.544915497303009,0.6041086912155151,0.917148232460022,0.29466655236183853,0.02163749933242798,0.030588984489440918,1.7389666459849373,0.33022052888544084,0.2591125758382362,0.5443670600652695,0.3602423518896103,0.12786448001861572,0.0,0.9470497201259868,0.7397028207778931,focused,engaged
0.46778976917266846,0.5903220772743225,0.9266576170921326,0.33951873987221803,0.019901275634765625,0.010071516036987305,1.6815326625810834,0.3337950574677445,0.3452424222766916,0.5655608773231506,0.30811948180198667,0.13374534249305725,0.0,0.908910407181821,0.7334824800491333,focused,engaged
0.4978885352611542,0.6201580166816711,0.8708918690681458,0.34259263483611785,0.03336000442504883,0.001341104507446289,1.9742286621691407,0.3512767006109796,0.3339085690612561,0.4950079321861267,0.37117482423782344,0.11134997010231018,0.0,0.9970866497823148,0.7179944515228271,focused,engaged
0.5397865176200867,0.6243892312049866,0.8912268280982971,0.356026113418998,0.04239335656166077,0.029057562351226807,1.8697201324746557,0.36826938176933166,0.3437828450686643,0.4989134967327118,0.37775730192661283,0.1125936508178711,0.0,0.8862934658672386,0.7342320680618286,focused,engaged
0.5550143718719482,0.5808324813842773,0.8465880751609802,0.3214907727823232,0.03130999207496643,0.00013315677642822266,1.8361627156406943,0.33573010827790245,0.307251437286744,0.48797234892845154,0.37047116160392757,0.10740125179290771,0.0,0.860568723960029,0.6961828470230103,focused,engaged
0.5016711950302124,0.5887220501899719,0.8543076515197754,0.3427726145342566,0.025941848754882812,0.0013163089752197266,1.9344112041184636,0.3507958207858254,0.33474940828268784,0.5137536972761154,0.3596447557210922,0.1161489486694336,0.0,0.9955804937702585,0.6960484981536865,focused,engaged
0.47864848375320435,0.5581930875778198,0.8674553036689758,0.3138311710708709,0.0019565820693969727,0.0011709332466125488,1.8150346847305865,0.31137401095995704,0.3162883311817848,0.5613234639167786,0.3096781700849533,0.12578913569450378,0.0,0.9223820051206952,0.6863532364368439,focused,engaged
0.524013876914978,0.5784595012664795,0.9001461267471313,0.23576119574755872,0.0018712878227233887,0.03630626201629639,1.7746549153792233,0.23362012408691032,0.2379022674082071,0.5708845257759094,0.337262225151062,0.13318240642547607,0.0,0.9457271280471412,0.711514413356781,focused,engaged
0.5136845707893372,0.7372478246688843,0.981360673904419,0.32880546078918543,0.0749698281288147,0.00023365020751953125,2.08812146770973,0.3399660733323144,0.3176448482460565,0.5097393691539764,0.430895471572876,0.1109546422958374,0.0,0.8680305722462937,0.8131286799907684,focused,engaged
0.5229655504226685,0.5899724364280701,0.8773430585861206,0.26992534083500097,0.004231125116348267,0.014425575733184814,1.9231092487244035,0.27288633831268,0.266964343357322,0.5526470243930817,0.3356399565935135,0.125331312417984,0.0,0.9194428725014384,0.7046236991882324,focused,engaged
0.5224612355232239,0.6014891862869263,0.8762236833572388,0.2545245280856936,0.0017783939838409424,0.00356292724609375,1.8950694481590473,0.25759363345921094,0.25145542271217625,0.5206428468227386,0.3553863137960434,0.1187484860420227,0.0,0.9248500073191891,0.7105011940002441,focused,engaged
0.5070432424545288,0.5865654945373535,0.8613756895065308,0.2902838792130914,0.004960685968399048,0.001038670539855957,2.0839113636700453,0.28989012648325263,0.2906776319429301,0.5726821720600128,0.3177808433771133,0.13011866807937622,0.0,0.9994693240566939,0.6873999238014221,focused,engaged
0.516326367855072,0.6150371432304382,0.8786373138427734,0.2676308629388689,0.001977682113647461,0.0002626776695251465,2.135880337167211,0.26814563443787376,0.26711609143986403,0.5630205571651459,0.350609815120697,0.1292305588722229,0.0,0.9480898621978855,0.7148015797138214,focused,engaged
0.5254276990890503,0.6085962057113647,0.867872416973114,0.2934411456986726,0.002570629119873047,0.0003237128257751465,2.0119578266950224,0.2969593143016956,0.28992297709564957,0.5216548144817352,0.3586107283830643,0.11453744769096375,0.0,0.8885546963681187,0.7076645195484161,focused,engaged
0.5266395807266235,0.6026067137718201,0.8609119653701782,0.2856953369808543,0.009234905242919922,0.00047278404235839844,1.964690685864062,0.2873314098843773,0.28405926407733134,0.5074918866157532,0.3591654509305954,0.1104135513305664,0.0,0.8754848564805799,0.7036786079406738,focused,engaged
0.49819299578666687,0.5621907711029053,0.8367002010345459,0.25892653394431886,0.04410374164581299,0.0008992552757263184,1.8559260534195003,0.2530489210962204,0.26480414679241737,0.50947105884552,0.3425980806350708,0.11645776033401489,0.0,0.9665521218893881,0.6834494173526764,focused,engaged
0.49696165323257446,0.5602002739906311,0.832297146320343,0.261850284523512,0.04268366098403931,0.0012484192848205566,1.8785974549038305,0.25639727497749437,0.2673032940695296,0.5111623704433441,0.34303260743618014,0.11492294073104858,0.0,0.9685468808886613,0.6821323037147522,focused,engaged
0.514481782913208,0.5837182402610779,0.8913955688476562,0.2661992425564908,0.03726091980934143,0.001799941062927246,1.873851734093077,0.26195061026702054,0.27044787484596106,0.5765435695648193,0.33623822033405304,0.1302582025527954,0.0,0.9386636531002143,0.7245016992092133,focused,engaged
0.4926944971084595,0.5826553106307983,0.8766131401062012,0.28119470227582677,0.04098480939865112,0.003842473030090332,1.8986428966939852,0.2795441618670856,0.282845242684568,0.558122843503952,0.34327608346939087,0.1250847578048706,0.0,0.9552690309580785,0.7151588201522827,focused,engaged
0.511501133441925,0.5743020176887512,0.8579023480415344,0.24716536367108555,0.029656827449798584,0.0015586614608764648,1.8991274818975326,0.24605517820995945,0.24827554913221167,0.5385950803756714,0.3374182105064392,0.12188822031021118,0.0,0.9476200175595471,0.699909508228302,focused,engaged
0.49298420548439026,0.5727493762969971,0.849971354007721,0.24724854093803933,0.028853684663772583,0.0031630396842956543,1.9424652029228298,0.24180180231028978,0.25269527956578886,0.5384959876537323,0.33689420819282534,0.12325078248977661,0.0,0.980626583419369,0.6982333064079285,focused,engaged
0.5313777923583984,0.5721968412399292,0.8679498434066772,0.27334690953164165,0.02784574031829834,0.018265843391418457,1.8097367280306487,0.27681456704970697,0.2698792520135764,0.5352368801832199,0.3396310657262802,0.11750239133834839,0.0,0.8940334736668717,0.7055855989456177,focused,engaged
0.49285149574279785,0.5698218941688538,0.8605225086212158,0.27721368294234794,0.029471218585968018,0.013066112995147705,1.8393936332236258,0.27725375594796664,0.27717360993672924,0.5347146987915039,0.34590808749198915,0.11977910995483398,0.0,0.9895634183006071,0.7028123736381531,focused,engaged
0.5232712626457214,0.5578829646110535,0.841215193271637,0.24937224848398534,0.020314395427703857,0.00888913869857788,1.8030495152122499,0.25157877356386077,0.24716572340410992,0.5108638405799866,0.34161202013492586,0.11483559012413025,0.0,0.8992842607433003,0.6889077723026276,focused,engaged
0.5079379081726074,0.5575568675994873,0.8515514135360718,0.26483308230868324,0.006579577922821045,0.012692034244537354,1.872740117028906,0.2682692498251078,0.2613969147922587,0.5505772531032562,0.30342352390289307,0.1262727975845337,0.0,0.9486143769406558,0.6810214817523956,focused,engaged
0.49241891503334045,0.5679035782814026,0.8527770638465881,0.28577528451635026,0.005055606365203857,0.004014849662780762,1.9045291291311648,0.2847063335501535,0.28684423548254706,0.5425517559051514,0.3103672206401825,0.12689021229743958,0.0,0.9316425370730705,0.6870398819446564,focused,engaged
0.49979737401008606,0.5848122239112854,0.8559216856956482,0.28627838401111777,0.010857343673706055,0.006245970726013184,1.945366667274174,0.28585826836596884,0.2866984996562667,0.5274092555046082,0.3310186415910721,0.12253952026367188,0.0,0.9980662206202724,0.6972248554229736,focused,engaged
0.5061002969741821,0.5741700530052185,0.8592158555984497,0.2754360659469805,0.012204915285110474,0.013291656970977783,1.9925592046471254,0.276082092121346,0.274790039772615,0.5679726302623749,0.30926611125469206,0.1305832862854004,0.0,0.9853180280178013,0.6941711604595184,focused,engaged
0.5058203339576721,0.5790889263153076,0.8635653853416443,0.2622739727653368,0.011847913265228271,0.006038486957550049,1.9453568460453283,0.2601370421157721,0.2644109034149015,0.5534101724624634,0.31898514926433563,0.12737736105918884,0.0,0.9914291242064547,0.6994982957839966,focused,engaged
0.508916437625885,0.5728437900543213,0.8601313233375549,0.26051505766348637,0.005365312099456787,0.014153838157653809,1.9834457613204546,0.2656093827898551,0.25542073253711767,0.5698212236166,0.3061001777648926,0.13236850500106812,0.0,0.9765481789664023,0.696090042591095,focused,engaged
0.5021445155143738,0.5841566920280457,0.8884184956550598,0.27739439037624153,0.008282005786895752,0.024630248546600342,2.000550023515767,0.28132405836778146,0.2734647223847016,0.6086929589509964,0.30334860980510714,0.13945165276527405,0.0,0.9566910355348556,0.7168067395687103,focused,engaged
0.5098307728767395,0.571729838848114,0.8420906066894531,0.2784296592041943,0.0062792301177978516,0.000948786735534668,1.993718569023646,0.28550575229904773,0.2713535661093409,0.5390252768993378,0.3148617446422577,0.12559205293655396,0.0,0.9851384058712549,0.6634981036186218,focused,engaged
0.5039080381393433,0.5782625675201416,0.8543161749839783,0.2649866481480726,0.0003008246421813965,0.012232422828674316,1.9201292080485903,0.26118736495824985,0.2687859313378953,0.5300605148077011,0.3282964110374451,0.12187337875366211,0.0,0.9807211612386378,0.6888587772846222,focused,engaged
0.5082216858863831,0.5817905068397522,0.85175621509552,0.20273144017241929,0.0008258819580078125,0.04546976089477539,1.995423111469644,0.1981645341350245,0.20729834620981405,0.5386978089809418,0.3473991990089417,0.12360575795173645,1.0,0.9788518944474939,0.6777118742465973,focused,engaged
0.5071251392364502,0.5831478238105774,0.8706660270690918,0.1564752856602576,0.008089154958724976,0.06478309631347656,1.8789783531655961,0.15115208926599896,0.1617984820545162,0.5402423590421677,0.36146295964717867,0.1173299252986908,1.0,0.9694998787018254,0.6693066358566284,focused,engaged
0.5032258629798889,0.5905308723449707,0.9007817506790161,0.17247743540056337,0.00274696946144104,0.08387845754623413,1.8302374791620604,0.17103695272447697,0.17391791807664977,0.5678346157073975,0.350276905298233,0.1214347779750824,1.0,0.9832568479130281,0.6729831099510193,focused,engaged
0.5133939981460571,0.5723295211791992,0.8654428720474243,0.25521616288987614,0.02380630373954773,0.03503453731536865,1.7889652417942565,0.25235120785692866,0.2580811179228237,0.5243713855743408,0.33507342338562013,0.11642223596572876,0.0,0.9176493006888179,0.6991962194442749,focused,engaged
0.5049019455909729,0.5808026790618896,0.8729534149169922,0.24569355813895333,0.023422986268997192,0.039464712142944336,1.720200331456785,0.24921423482519475,0.24217288145271193,0.5025595128536224,0.3548980921506882,0.11150556802749634,0.0,0.9164801975283151,0.7059483528137207,focused,engaged
0.5192413330078125,0.5841561555862427,0.8659118413925171,0.3016002983201689,0.025428473949432373,0.04258197546005249,1.7941370943421335,0.3041376721333324,0.29906292450700533,0.5055101215839386,0.355119913816452,0.10975784063339233,0.0,0.9253155198600239,0.7076943516731262,focused,engaged
0.5096878409385681,0.5809699892997742,0.8546407222747803,0.2809057705071356,0.01862359046936035,0.0007827281951904297,1.99744632850169,0.28339403028478216,0.278417510729489,0.5466445982456207,0.32018006443977354,0.12363928556442261,0.0,0.9783491867088966,0.6836493909358978,focused,engaged
0.5026987791061401,0.5768396854400635,0.8439124822616577,0.27576801785718447,0.013705909252166748,0.0016332268714904785,1.9332731717539413,0.27439990698143885,0.2771361287329301,0.5163266062736511,0.3368139684200287,0.11772662401199341,0.0,0.9689212971110277,0.6809690594673157,focused,engaged
0.49017810821533203,0.5696273446083069,0.8524784445762634,0.24673200111701046,0.017557352781295776,0.005680084228515625,1.8693241232441429,0.24404532600034226,0.24941867623367867,0.528742253780365,0.3213054269552231,0.12183311581611633,0.0,0.9587386866190394,0.6753789782524109,focused,engaged
0.497488796710968,0.5708551406860352,0.8362865447998047,0.23421228303513955,0.01589345932006836,0.0012583732604980469,2.01318023543527,0.23075569160551004,0.23766887446476906,0.5343632698059082,0.32426599264144895,0.1250176727771759,0.0,0.9741543493431509,0.669707328081131,focused,engaged
0.5014458298683167,0.5726957321166992,0.8387741446495056,0.30110838822521824,0.0066155195236206055,0.0005909204483032227,2.013152834116081,0.29329165620439196,0.30892512024604446,0.535658523440361,0.32300004959106443,0.12110239267349243,0.0,0.9888300861966988,0.6711470484733582,focused,engaged
0.5001676678657532,0.576848030090332,0.849806547164917,0.2959515993056596,0.006769537925720215,0.0008432865142822266,2.021711088261556,0.29640679186459346,0.2954964067467257,0.5518452823162079,0.31846579909324646,0.1266845166683197,0.0,0.9885199665497193,0.6791094839572906,focused,engaged
0.6123496890068054,0.5638712644577026,0.8321371674537659,0.30045896697569996,0.001041412353515625,0.00021564960479736328,1.856147326174249,0.32872104853703926,0.27219688541436066,0.49794289469718933,0.322403883934021,0.10704588890075684,0.0,0.637245867730915,0.6848067343235016,focused,engaged
0.49315667152404785,0.5702316761016846,0.8440685868263245,0.2845756842771414,0.014430224895477295,0.0004769563674926758,1.9905025476373057,0.2870180246938212,0.2821333438604616,0.5450750589370728,0.3225331723690033,0.12265390157699585,0.0,0.9933253206542592,0.6826857328414917,focused,engaged
0.4848431944847107,0.6096187829971313,0.868402361869812,0.28064203500599505,0.0026014745235443115,0.0013675689697265625,2.076017827756633,0.2682725525937326,0.29301151741825743,0.5372413992881775,0.3393794983625412,0.12362748384475708,0.0,0.9534251203785487,0.7120447158813477,focused,engaged
0.4944215416908264,0.6123679876327515,0.8689743876457214,0.26094862790918405,0.0036152005195617676,0.0007659196853637695,2.066397379692052,0.25709822571320995,0.2647990301051582,0.5302528589963913,0.3480792373418808,0.12299060821533203,0.0,0.985033062257241,0.7149758636951447,focused,engaged
0.5014621019363403,0.6038493514060974,0.8599700927734375,0.3106425877390269,0.007075667381286621,0.0019481778144836426,2.1264909143213893,0.30912703108813644,0.3121581443899174,0.5446405559778214,0.3440073549747467,0.12116923928260803,0.0,0.9890364576506491,0.7080337107181549,focused,engaged
0.508385956287384,0.5962144136428833,0.8536107540130615,0.3053424103303972,0.00762861967086792,0.0020427703857421875,2.080998997921523,0.3103802459064686,0.30030457475432576,0.535643607378006,0.3392295241355896,0.1190384030342102,0.0,0.9477327433257001,0.6980626583099365,focused,engaged
0.5256454944610596,0.5832260847091675,0.8446884155273438,0.2941024188031752,0.010651230812072754,0.00037419795989990234,1.9642515622148455,0.2962752445952795,0.291929593011071,0.5135797560214996,0.3386987954378128,0.11335894465446472,0.0,0.9174942331703605,0.6910445690155029,focused,engaged
0.5174959301948547,0.5744615197181702,0.8390742540359497,0.3056018673259254,0.011249840259552002,0.001130819320678711,1.9808418394983625,0.3036147456375404,0.30758898901431053,0.5241579562425613,0.3316543877124786,0.1170259416103363,0.0,0.9233238408464134,0.6861953437328339,focused,engaged
0.5218724608421326,0.5705932378768921,0.8378608822822571,0.2975201006116157,0.009934425354003906,0.0011023879051208496,1.968952036976388,0.2982110066196194,0.29682919460361207,0.5262391418218613,0.3298416316509247,0.11536532640457153,0.0,0.9377876829400689,0.6832124888896942,focused,engaged
0.5118379592895508,0.5719070434570312,0.8432944416999817,0.2722932447924016,0.008929908275604248,0.0008058547973632812,2.0004979958189195,0.27402514944690337,0.27056134013789984,0.542911946773529,0.32453336715698244,0.12181255221366882,0.0,0.9700132329603762,0.6838210821151733,focused,engaged
0.5178043842315674,0.5659371614456177,0.8347939252853394,0.28264297919233583,0.01226237416267395,0.0004165172576904297,1.9892469088780051,0.28855152481400176,0.27673443357066985,0.534824475646019,0.32122908234596254,0.11866411566734314,0.0,0.9635808365919407,0.677042543888092,focused,engaged
0.5034193992614746,0.5717559456825256,0.8389790654182434,0.2785477574819043,0.00863802433013916,0.0008929967880249023,1.948225914667678,0.27990233984951507,0.2771931751142936,0.5206129550933838,0.335859489440918,0.11485594511032104,0.0,0.9952412588332468,0.6818826794624329,focused,engaged
0.5082648992538452,0.6164871454238892,0.8369451761245728,0.1545636801875544,0.022324204444885254,0.0024923086166381836,2.795271141407587,0.12465253450107575,0.18447482587403302,0.6162427663803101,0.2746425658464432,0.15298157930374146,1.0,0.9158851711587561,0.6699613332748413,focused,engaged
0.4918742775917053,0.6363949179649353,0.860774576663971,0.1369864968259275,0.020820319652557373,0.002324998378753662,2.868199069829472,0.12115514401870589,0.15281784963314915,0.6435683965682983,0.2949922740459442,0.15732240676879883,1.0,0.9241034527873733,0.6922299265861511,focused,engaged
0.5054842233657837,0.6577363014221191,0.8825554251670837,0.1139269308227712,0.022008776664733887,0.0024846792221069336,3.033800515152809,0.10780737153952433,0.12004649010601808,0.6820594072341919,0.3135621786117554,0.1613980233669281,1.0,0.9390904093899863,0.6985626220703125,focused,engaged
0.5105069279670715,0.6628632545471191,0.876700222492218,0.13449110232856526,0.017270207405090332,0.00045108795166015625,3.2445871906898676,0.11884578374866529,0.15013642090846524,0.6938159316778183,0.3339480638504028,0.16345083713531494,1.0,0.9602186827207566,0.6764409840106964,focused,engaged
0.574913740158081,0.5503662824630737,0.8284790515899658,0.2869566005979398,0.0026060938835144043,0.003392040729522705,1.716124203907011,0.30210536179172875,0.2718078394041509,0.4772777706384659,0.33897639214992525,0.10990545153617859,0.0,0.7098211022938268,0.6648383140563965,focused,engaged
0.5746777057647705,0.5566006898880005,0.8401085138320923,0.3067113221395106,0.012128442525863647,0.002613067626953125,1.769349701887843,0.32418257459696476,0.2892400696820564,0.5016262531280518,0.3497195035219193,0.11195167899131775,0.0,0.7290392445586423,0.6881251335144043,focused,engaged
0.5122727751731873,0.5019428730010986,0.8151389360427856,0.35498975129701626,0.007575005292892456,0.0019119977951049805,1.7655045162217988,0.36258539616153074,0.3473941064325018,0.5529508292675018,0.2333604335784912,0.12262219190597534,0.0,0.9763730265747534,0.6314033269882202,focused,engaged
0.5453181862831116,0.5092654228210449,0.8200553059577942,0.3336220808209971,0.006535172462463379,0.00527113676071167,1.7598495613840968,0.3571112186971019,0.3101329429448923,0.5469451993703842,0.24020392298698426,0.1217392086982727,0.0,0.8610404004803849,0.634099155664444,focused,engaged
0.544041633605957,0.5232168436050415,0.7752537131309509,0.31879314856383145,0.020622819662094116,7.2479248046875e-05,1.9569365443049351,0.3229680843853141,0.31461821274234875,0.49322211742401123,0.2716844201087952,0.10643687844276428,0.0,0.8194092915038336,0.6138134598731995,focused,engaged
0.5290894508361816,0.570595383644104,0.858283281326294,0.2712561143772311,0.0029230117797851562,0.0032444000244140625,1.8332271323702314,0.2840573410616212,0.258454887692841,0.527399092912674,0.35847811996936796,0.1148436963558197,0.0,0.8684669873453792,0.6923829913139343,focused,engaged
0.5518145561218262,0.564853847026825,0.8525628447532654,0.30777753655600915,0.006379365921020508,0.0015864968299865723,1.8272989940264799,0.3221166722903628,0.29343840082165545,0.5257321894168854,0.356215488910675,0.11104029417037964,0.0,0.8140266265905194,0.6928741335868835,focused,engaged
0.551655113697052,0.5613641738891602,0.8360452651977539,0.30347553842947717,0.012191474437713623,0.0011146068572998047,1.859803522812895,0.3132682050061021,0.29368287185285225,0.5108547210693359,0.3575644165277481,0.1073516309261322,0.0,0.8663207108348318,0.6805512309074402,focused,engaged
0.5001450777053833,0.5539629459381104,0.8038251996040344,0.3118324540054844,0.002836167812347412,0.0016726255416870117,1.9086794700449776,0.31072645070871185,0.312938457302257,0.4769088625907898,0.3717383354902267,0.09717309474945068,0.0,0.8645900837413341,0.6584637761116028,focused,engaged
0.5031481981277466,0.5629565715789795,0.8052393794059753,0.2978888653511886,0.006274700164794922,0.0003421902656555176,1.9740185708739302,0.2929013812814662,0.30287634942091096,0.4782727360725403,0.3620476454496384,0.10406056046485901,0.0,0.9485049527695095,0.6628881394863129,focused,engaged
0.5555402636528015,0.5609648823738098,0.8255621194839478,0.2871797749484249,0.0016777217388153076,0.002626776695251465,1.8311537827916164,0.30475763532263905,0.26960191457421073,0.4845200628042221,0.3475380063056946,0.10789451003074646,0.0,0.7645602166694863,0.668872594833374,focused,engaged
0.5401099324226379,0.5757803320884705,0.8599408864974976,0.2475889253151327,0.0017299950122833252,0.0018922686576843262,1.944250621538589,0.2561088485355544,0.23906900209471107,0.5524812787771225,0.33747269213199615,0.1211060881614685,0.0,0.8409287240252867,0.6862871944904327,focused,engaged
0.552294135093689,0.570339560508728,0.8291993141174316,0.2758417473962522,0.0033563971519470215,0.0010380148887634277,1.9556389118868984,0.28790385492103904,0.26377963987146547,0.5062381625175476,0.34997249841690065,0.10804924368858337,0.0,0.7979117918319911,0.6751761734485626,focused,engaged
0.4890332818031311,0.5579992532730103,0.8045037984848022,0.2743111297791416,0.0005205273628234863,0.0009611248970031738,1.900433453431244,0.2651074828865374,0.2835147766717459,0.4684673845767975,0.36571936607360844,0.10047101974487305,0.0,0.8402503302377748,0.6566183865070343,focused,engaged
0.48367398977279663,0.5576549768447876,0.8120707273483276,0.28083542459571825,9.512901306152344e-05,0.0009375810623168945,1.8440106809958465,0.2804752866492703,0.2811955625421662,0.4691472053527832,0.36891436278820033,0.0982465147972107,0.0,0.8108340931295603,0.6624142527580261,focused,engaged
0.20426154136657715,0.6145488023757935,0.858988881111145,0.26852864753478833,0.04522809386253357,0.0019851326942443848,2.335837417959782,0.2713900103672399,0.2656672847023368,0.5709746181964874,0.342660528421402,0.1403384506702423,0.0,0.9899874796477591,0.7000610828399658,focused,engaged
0.527105987071991,0.5832942128181458,0.8407196998596191,0.25980669837444803,0.004414856433868408,0.0009808540344238281,2.0926658909010345,0.2632066458076372,0.2564067509412588,0.5387076288461685,0.3484585553407669,0.12186136841773987,0.0,0.9280790115631825,0.686420738697052,focused,engaged
0.4796661138534546,0.5109384059906006,0.8340802192687988,0.35995862772175197,0.022628962993621826,0.005567431449890137,1.7065232668360955,0.3439234208450577,0.3759938345984462,0.5514507293701172,0.24569027423858641,0.11996173858642578,0.0,0.8132293853796948,0.6434950232505798,focused,engaged
0.5016019344329834,0.5523345470428467,0.8175255060195923,0.2642224654399985,0.0029000937938690186,0.002984344959259033,1.8955636174779158,0.2726952856049139,0.2557496452750831,0.5026882290840149,0.3507865071296692,0.10676532983779907,0.0,0.9561808731084932,0.6632545590400696,focused,engaged
0.5318152904510498,0.5736282467842102,0.8356291651725769,0.164773861797831,0.002583444118499756,0.00042051076889038086,1.885105539248881,0.18904327310368962,0.14050445049197235,0.4939012676477432,0.3713209152221679,0.10882806777954102,1.0,0.8037321677565121,0.6779144406318665,focused,engaged
0.517693817615509,0.5663353800773621,0.8306969404220581,0.2542336884498883,0.007686495780944824,0.002039790153503418,1.9252380981064154,0.2617595333193656,0.24670784358041103,0.5089608728885651,0.35963718593120575,0.1095312237739563,0.0,0.9670568614868533,0.6777808666229248,focused,engaged
0.46640145778656006,0.5475759506225586,0.8230032324790955,0.2106376468732976,0.009882986545562744,0.003278017044067383,1.983816197199369,0.2104392736007629,0.21083602014583236,0.5463990867137909,0.3572580277919769,0.11070644855499268,1.0,0.8277779205555182,0.6715737581253052,focused,engaged
0.19112791121006012,0.6385643482208252,0.881446123123169,0.2798401732762773,0.045181602239608765,0.0012507438659667969,2.3335599697071667,0.27904150058046034,0.2806388459720943,0.5667815208435059,0.35900174975395205,0.14434294402599335,0.0,0.9986157635262822,0.7220310866832733,focused,engaged
0.5179389715194702,0.5713245868682861,0.8469873070716858,0.2862466135377959,0.003855288028717041,0.0017709136009216309,1.9201351989948692,0.2896315914575927,0.28286163561799915,0.5293116122484207,0.3531584680080414,0.11495539546012878,0.0,0.9306481489654376,0.6827155649662018,focused,engaged
0.5634384155273438,0.5736134648323059,0.8202052712440491,0.32853906863010907,0.011552542448043823,0.0010879039764404297,2.2229392218527946,0.35107864036028796,0.30599949689993017,0.5481608211994171,0.3324617624282837,0.11788886785507202,0.0,0.7984789650495693,0.6679231822490692,focused,engaged
0.4694289267063141,0.5744313597679138,0.8089957237243652,0.28173795629184983,0.009351372718811035,0.001971423625946045,2.043375374929762,0.2635308526729548,0.2999450599107449,0.47930508852005005,0.3566594451665878,0.10865190625190735,0.0,0.7548300468971852,0.6658347249031067,focused,engaged
0.4895613193511963,0.5740222930908203,0.8234843015670776,0.26058322748385954,0.006871581077575684,0.0022234320640563965,2.05175165838906,0.23804429219062836,0.28312216277709074,0.5118361413478851,0.3497771948575974,0.11516690254211426,0.0,0.8307874668499031,0.6759347021579742,focused,engaged
0.5308986902236938,0.5681523084640503,0.8355973958969116,0.29077868693043085,0.0047470033168792725,0.0014538168907165527,1.861002017740017,0.3007535181265023,0.28080385573435934,0.4977177083492279,0.3587253838777542,0.11142659187316895,0.0,0.830063240237958,0.6807880103588104,focused,engaged
0.49137401580810547,0.5243685245513916,0.8452634811401367,0.33488863917822886,0.02052229642868042,0.002240598201751709,1.797660288726733,0.3260193553770061,0.3437579229794517,0.5768619179725647,0.25109377652406695,0.12039631605148315,0.0,0.8589754273988595,0.6551049649715424,focused,engaged
0.45872923731803894,0.5817427039146423,0.8258882761001587,0.33699998568936207,0.0105820894241333,0.0011911988258361816,2.082913250174494,0.31132903221716196,0.36267093916156223,0.5085361301898956,0.345291867852211,0.1130150854587555,0.0,0.7327656194183791,0.6773929297924042,focused,engaged
0.5026901364326477,0.5799519419670105,0.817427933216095,0.2739915429177858,0.007561624050140381,0.0022389888763427734,2.0722528349245195,0.2623722424441458,0.2856108433914258,0.4921123683452606,0.36227436661720275,0.1086762547492981,0.0,0.8427120544673972,0.671091228723526,focused,engaged
0.5326389074325562,0.5706443786621094,0.8184043169021606,0.2779845813676163,0.0034781992435455322,0.0002371072769165039,2.041367693469342,0.29453881828646133,0.2614303444487713,0.5057711750268936,0.34753457009792327,0.11364603042602539,0.0,0.8721570159079826,0.6707409620285034,focused,engaged
0.4769769012928009,0.5725880265235901,0.8745372891426086,0.3019578841374079,0.03384125232696533,0.0024698972702026367,1.8088753303694187,0.28949385904159924,0.31442190923321656,0.5461903810501099,0.3736730098724365,0.10686373710632324,0.0,0.8163621429995385,0.7031261920928955,focused,engaged
0.5287338495254517,0.546066403388977,0.8066526055335999,0.26127174759247657,0.018444061279296875,0.0032300949096679688,1.8627188999873667,0.2747917455335221,0.24775174965143107,0.4854007065296173,0.36700703799724577,0.10244414210319519,0.0,0.8683405992662653,0.6574914157390594,focused,engaged
0.5419847965240479,0.5786215662956238,0.8476542234420776,0.11448561972742793,0.0127829909324646,0.00041925907135009766,1.944801914303845,0.13769827292788928,0.0912729665269666,0.5232171714305878,0.35310155153274536,0.11161383986473083,1.0,0.8026757483929906,0.6879016757011414,focused,engaged
0.4950930178165436,0.5595309138298035,0.8183244466781616,0.2786810650225134,0.002495706081390381,0.0011687874794006348,1.956176750337156,0.27622789316466695,0.2811342368803598,0.5062478482723236,0.3565828621387481,0.10702860355377197,0.0,0.890212674624034,0.6678235530853271,focused,engaged
0.5036194324493408,0.5513045787811279,0.7865021824836731,0.2835443631157324,0.0064653754234313965,0.0016841292381286621,1.9537872322837417,0.28132541008781164,0.28576331614365313,0.45952802896499634,0.3620411425828934,0.10030609369277954,0.0,0.8985256438636956,0.6467709839344025,focused,engaged
0.5404098033905029,0.5720776915550232,0.8328539133071899,0.29911225668296465,0.009142160415649414,0.0024110078811645508,1.9048694764606109,0.30437561564878113,0.29384889771714817,0.49674656987190247,0.3652972757816315,0.10898306965827942,0.0,0.8577214570268958,0.6798737943172455,focused,engaged
0.5102999210357666,0.5572280883789062,0.818852424621582,0.29432016997572397,0.021297693252563477,0.0015828609466552734,1.9836771641170914,0.28710195831252033,0.30153838163892766,0.5189802050590515,0.3487038999795914,0.11109364032745361,0.0,0.8512733881317104,0.6658142805099487,focused,engaged
0.4918469190597534,0.549005925655365,0.8792617917060852,0.17342914787650604,0.016878455877304077,0.0011494755744934082,2.1728576270207474,0.17551400288891172,0.17134429286410036,0.7176011502742767,0.25634832084178927,0.1714608371257782,1.0,0.9380480473119658,0.6882979571819305,focused,engaged
0.5093804001808167,0.537247359752655,0.8603358864784241,0.2039183564919905,0.0010190010070800781,0.0010884404182434082,1.8261379269261977,0.19620335067475966,0.21163336230922133,0.5900060385465622,0.32455994486808776,0.14054954051971436,1.0,0.9979257199669243,0.6702236831188202,focused,engaged
0.503709614276886,0.5349251627922058,0.8148961067199707,0.14877760946388635,0.027619779109954834,0.0009580254554748535,2.0324553618254764,0.15240665179375237,0.1451485671340203,0.5690304785966873,0.32243384718894963,0.1235436201095581,1.0,0.9680588758525203,0.6516241729259491,focused,engaged
0.5089128017425537,0.550406813621521,0.8423995971679688,0.16152282864864687,0.015023946762084961,0.0029561519622802734,2.004790099751137,0.17670949299505692,0.1463361643022368,0.5853862464427948,0.33422203660011296,0.13164475560188293,1.0,0.9581432434109021,0.6707373261451721,focused,engaged
0.488791823387146,0.6051025390625,0.8794493675231934,0.2357067649095529,0.01501205563545227,0.002372562885284424,2.0553013046400843,0.20163321368085052,0.26978031613825526,0.563867449760437,0.3148814558982849,0.12942782044410706,0.0,0.9811345342028208,0.6868292391300201,frustrated,engaged
0.5086253881454468,0.5749689340591431,0.8558406829833984,0.13833330666530275,0.02461746335029602,0.0018500089645385742,2.032402892789907,0.13681695595369545,0.13984965737691005,0.5708465874195099,0.34026884138584135,0.12278538942337036,1.0,0.9364841356170006,0.6728358864784241,frustrated,engaged
0.4983171820640564,0.5559855699539185,0.8818442225456238,0.11950777907816397,0.0240059494972229,0.04947817325592041,1.7576910559989825,0.10405469980933546,0.13496085834699248,0.572760596871376,0.33679234981536865,0.12825503945350647,1.0,0.9989734081800518,0.6835274696350098,frustrated,engaged
0.49061137437820435,0.562826931476593,0.885400116443634,0.10117545790670107,0.01968526840209961,0.052435338497161865,1.7636360952379369,0.10431657977518517,0.09803433603821698,0.5689034759998322,0.3465435981750489,0.12613672018051147,1.0,0.9930427133163393,0.689492255449295,frustrated,engaged
0.4924989938735962,0.5801804065704346,0.8769719004631042,0.3042469304394489,0.010096251964569092,0.0008243322372436523,1.8854955765445478,0.31326208101732317,0.2952317798615746,0.5596009343862534,0.3374220281839371,0.1319345235824585,0.0,0.986082760313815,0.7021574079990387,frustrated,engaged
0.5008254647254944,0.572466254234314,0.8614200353622437,0.27885533792804096,0.006474822759628296,0.005627632141113281,1.8791987714685932,0.28602619999478374,0.27168447586129824,0.5430034697055817,0.3398477613925934,0.12565773725509644,0.0,0.9880987902441065,0.6890398859977722,frustrated,engaged
0.5101732015609741,0.5495126247406006,0.8657432794570923,0.032858499193897016,0.01400381326675415,0.05031222105026245,1.7745754339511177,0.044638996755972875,0.021078001631821153,0.5611769258975983,0.3378949761390686,0.12269440293312073,1.0,0.9684625441694164,0.678226500749588,frustrated,engaged
0.5047124624252319,0.5681259036064148,0.8507399559020996,0.2599973850049102,0.0027238130569458008,0.015012502670288086,1.8914526563537546,0.2630127386285344,0.25698203138128606,0.5345529913902283,0.33419209718704224,0.12760180234909058,0.0,0.9832250221292981,0.6805877387523651,frustrated,engaged
0.4953426420688629,0.5607343316078186,0.9021133184432983,0.0758332763670285,0.02772274613380432,0.06467074155807495,1.702785672842715,0.07318415543687118,0.07848239729718583,0.5812969505786896,0.3495657771825791,0.12764012813568115,1.0,0.990878165491989,0.6972934603691101,frustrated,engaged
0.5129932165145874,0.5535495281219482,0.8953803777694702,0.1799958685676971,0.015744030475616455,0.06241220235824585,1.6981066179070652,0.18082553787437394,0.17916619926102023,0.5804669260978699,0.34529152512550354,0.12831690907478333,1.0,0.9861334274030521,0.6914395093917847,frustrated,engaged
0.5019285082817078,0.5662787556648254,0.8974450826644897,0.109009899100971,0.022152245044708252,0.05812746286392212,1.7361619510619752,0.10985714096233197,0.10816265723961005,0.5749601125717163,0.353619322180748,0.127895325422287,1.0,0.9956738614547405,0.6985950171947479,frustrated,engaged
0.4957020878791809,0.5686212778091431,0.8528144359588623,0.29326952591671307,0.0056645870208740234,0.004384756088256836,1.8987642841757546,0.2994482083963579,0.2870908434370683,0.5396177172660828,0.3334028899669647,0.12612929940223694,0.0,0.99087012448124,0.6852036416530609,frustrated,engaged
0.49353158473968506,0.5839613676071167,0.8717939257621765,0.3132295115205099,0.0108070969581604,0.0009588003158569336,1.9102486134058005,0.3236658685203915,0.30279315452062827,0.5498336553573608,0.34278213083744047,0.13066741824150085,0.0,0.9875353057443162,0.7006228864192963,frustrated,engaged
0.5027645230293274,0.5631669163703918,0.8868285417556763,0.08464301385179707,0.022787749767303467,0.05586034059524536,1.7230923361488568,0.08488177699397509,0.08440425070961904,0.557700589299202,0.3562318176031113,0.12285071611404419,1.0,0.9953634863141827,0.692260205745697,frustrated,engaged
0.49692249298095703,0.5831990242004395,0.8777475953102112,0.30402217803548603,0.006824314594268799,0.0011074542999267578,1.8912625844478999,0.31468015465444116,0.2933642014165309,0.5570705831050873,0.3391293942928314,0.13093775510787964,0.0,0.9855925357174247,0.7043871283531189,frustrated,engaged
0.505943238735199,0.5668137073516846,0.8944172859191895,0.12013826027803506,0.024525880813598633,0.05293029546737671,1.7422684049321107,0.11357995284714524,0.1266965677089249,0.570775106549263,0.352856370806694,0.12769123911857605,1.0,0.9973676602517955,0.6962388753890991,frustrated,engaged
0.503200888633728,0.5745351314544678,0.8658720254898071,0.2645676475078643,0.0019147396087646484,0.01955479383468628,1.8998955721058604,0.26586538800557724,0.26326990701015135,0.5535115748643875,0.33195395469665523,0.13187909126281738,0.0,0.9873409906254875,0.6900822818279266,frustrated,engaged
0.44731199741363525,0.6729053258895874,1.0002124309539795,0.15124608600937856,0.05520293116569519,0.007009387016296387,2.1393388777105233,0.14429726971903592,0.15819490229972116,0.7002229541540146,0.3662047356367111,0.16114115715026855,1.0,0.984992424366506,0.7889127731323242,frustrated,engaged
0.49500733613967896,0.5625126957893372,0.8888556361198425,0.10741118158248071,0.023032277822494507,0.058247387409210205,1.7298522861199082,0.10233699170771078,0.11248537145725064,0.5645268112421036,0.3531134217977524,0.12630188465118408,1.0,0.9938247694108685,0.6916906535625458,frustrated,engaged
0.5149089694023132,0.5467712879180908,0.8686561584472656,0.10344162504933271,0.016159623861312866,0.05248337984085083,1.7289824944998253,0.10196907279057882,0.1049141773080866,0.5565350353717804,0.34285629987716676,0.12435692548751831,1.0,0.973704192381447,0.677723228931427,frustrated,engaged
0.49939918518066406,0.5722622275352478,0.857365071773529,0.2600343967990362,0.002138853073120117,0.004835247993469238,1.9111789760014788,0.26144181158749,0.25862698201058243,0.5448844730854034,0.33674726188182835,0.12976589798927307,0.0,0.9879451615348451,0.6879070997238159,frustrated,engaged
0.5050045251846313,0.5743606090545654,0.8735559582710266,0.25569659230792174,0.002763986587524414,0.02007460594177246,1.8868693615181809,0.2638904637054684,0.24750272091037503,0.5645444244146347,0.3291487276554108,0.13532453775405884,0.0,0.986408608157694,0.6951012015342712,frustrated,engaged
0.5013807415962219,0.5669673085212708,0.8799611330032349,0.17806111307785363,0.007679164409637451,0.04307180643081665,1.800595351892933,0.16637791150417316,0.1897443146515341,0.5635770261287689,0.342259356379509,0.12876343727111816,1.0,0.9842865676343473,0.6941965520381927,frustrated,engaged
0.4993952512741089,0.5855630040168762,0.872684895992279,0.2979772346379463,0.007107377052307129,0.00036013126373291016,1.9115320339253852,0.30665415321984113,0.28930031605605144,0.5488446056842804,0.3424561470746994,0.13004595041275024,0.0,0.9845620453424271,0.6999032199382782,frustrated,engaged
0.5055215954780579,0.5600508451461792,0.8833280801773071,0.09036987428514721,0.020609647035598755,0.0500866174697876,1.7544103381753249,0.08624492882800516,0.09449481974228927,0.5671626776456833,0.34351755678653717,0.12771326303482056,1.0,0.9983143820964298,0.6869902312755585,frustrated,engaged
0.49593883752822876,0.576698899269104,0.8669824600219727,0.27551512544008666,0.003436833620071411,0.011837482452392578,1.8794242412438118,0.28047541567255846,0.27055483520761486,0.5455678403377533,0.3393971711397171,0.12968364357948303,0.0,0.98636195478798,0.6949686408042908,frustrated,engaged
0.4963415861129761,0.5758103728294373,0.8556596040725708,0.2659832057112501,0.004408210515975952,0.0047855377197265625,1.9077968866800556,0.2709157485745484,0.26105066284795175,0.5338973999023438,0.3438662618398667,0.12596285343170166,0.0,0.9856537587046191,0.6872637271881104,frustrated,engaged
0.4998379945755005,0.5773800015449524,0.8705915212631226,0.2804565975836541,0.003588378429412842,0.0031859874725341797,1.880053507487024,0.29200742449981537,0.2689057706674928,0.5512552261352539,0.3389665991067886,0.1317155659198761,0.0,0.988921175983013,0.6978517770767212,frustrated,engaged
0.5035791397094727,0.5597934722900391,0.8987743854522705,0.1867427507890829,0.01994532346725464,0.06482100486755371,1.6883113765184852,0.1898227669891152,0.18366273458905058,0.5723070204257965,0.35018931627273564,0.1236926019191742,1.0,0.9959915318545254,0.693938821554184,frustrated,engaged
0.37376922369003296,0.6495712399482727,0.9654869437217712,0.16773645384354294,0.025949686765670776,0.03168207406997681,2.4160899664156616,0.14834345486282668,0.1871294528242592,0.7632831782102585,0.33349248170852663,0.1764485239982605,1.0,0.8767534511538695,0.7666973173618317,frustrated,engaged
0.498553603887558,0.5690615177154541,0.8707178235054016,0.1841793406029568,0.017226368188858032,0.002603888511657715,1.8880952506411643,0.19305863423799624,0.17530004696791734,0.5695577263832092,0.3378713548183441,0.13051563501358032,1.0,0.9976816759457026,0.6882226169109344,frustrated,engaged
0.49302589893341064,0.5865318775177002,0.8644561767578125,0.21810103423158628,0.022211849689483643,0.0008559226989746094,2.022927780006606,0.22269583451912114,0.2135062339440514,0.562222808599472,0.3409788221120834,0.13402575254440308,1.0,0.9682974655621703,0.6839755773544312,frustrated,engaged
0.4967477321624756,0.5770666003227234,0.8484066128730774,0.22868366296872503,0.02035766839981079,0.0017980337142944336,2.0024500430467693,0.2366093770457113,0.22075794889173875,0.5433468222618103,0.3391727119684219,0.1279657781124115,0.0,0.9605531073315555,0.6729873716831207,frustrated,engaged
0.49767759442329407,0.5631141066551208,0.8623762130737305,0.11182529982828608,0.020609021186828613,0.0046179890632629395,1.876166779327275,0.09857320321721891,0.12507739643935326,0.5614674985408783,0.34481131434440615,0.12937381863594055,1.0,0.9984263331686722,0.6835676431655884,frustrated,engaged
0.5049540996551514,0.570027768611908,0.8866225481033325,0.042175686512993124,0.025423020124435425,0.04299187660217285,1.7881196439571925,0.04215833437347883,0.04219303865250742,0.5661111325025558,0.3514472931623459,0.12866723537445068,1.0,0.9977284573400633,0.6987332105636597,frustrated,engaged
0.4971194565296173,0.5903528332710266,0.8636395335197449,0.24964733241241205,0.025274455547332764,0.031667113304138184,2.003355054052361,0.2619424076687978,0.23735225715602634,0.5474922955036163,0.34021339118480687,0.1306176483631134,0.0,0.970312195894723,0.6878890991210938,frustrated,engaged
0.49409887194633484,0.5782219767570496,0.8610460758209229,0.19052006460782134,0.01937311887741089,0.0006729960441589355,1.9929887397700081,0.20044435330667565,0.18059577590896705,0.5636672377586365,0.3357416898012161,0.13514775037765503,1.0,0.9718926639054181,0.6814003586769104,frustrated,engaged
0.4970819354057312,0.586495578289032,0.8624452948570251,0.20195283668419217,0.021761655807495117,0.0005888938903808594,2.022868067841039,0.21335668365191782,0.19054898971646655,0.5582118928432465,0.33709886074066164,0.13204073905944824,1.0,0.9722373113155304,0.6813046932220459,frustrated,engaged
0.49975326657295227,0.5715798139572144,0.8695827722549438,0.18093367691639586,0.012793302536010742,0.001925647258758545,1.8910710474497399,0.18671716012962833,0.1751501937031634,0.5635466575622559,0.3414764791727066,0.1279154121875763,1.0,0.9962258696078287,0.6860280334949493,frustrated,engaged
0.3850640058517456,0.5791324377059937,0.8353003859519958,0.1217457076640914,0.0015898942947387695,0.011619746685028076,2.460348114716824,0.10880971695065463,0.13468169837752816,0.6302647888660431,0.3219688028097153,0.14784330129623413,1.0,0.8895019749313838,0.6717809438705444,frustrated,engaged
0.5016036033630371,0.5893861055374146,0.8652340173721313,0.21145246174330132,0.02022939920425415,0.0009456276893615723,2.041606398397667,0.21350381887586664,0.209401104610736,0.5631749033927917,0.3382578998804092,0.13183075189590454,1.0,0.9759201008152579,0.6834654211997986,frustrated,engaged
0.503089964389801,0.586860716342926,0.8667914867401123,0.19739748641279714,0.0206792950630188,0.0003757476806640625,2.0066359217094645,0.20917512732387192,0.18561984550172234,0.56172114610672,0.3369051992893219,0.13252019882202148,1.0,0.973291073116074,0.6842434406280518,frustrated,engaged
0.4960327446460724,0.5826694965362549,0.853901743888855,0.21468671166615133,0.019372165203094482,0.001413583755493164,2.003428043651909,0.21791939832307,0.2114540250092327,0.5433962941169739,0.3465131014585495,0.12701714038848877,1.0,0.9639386812770194,0.678187906742096,frustrated,engaged
0.5040866732597351,0.5641177892684937,0.8844125270843506,0.11504347807098929,0.020262539386749268,0.047869861125946045,1.7874897157314078,0.10773665181395847,0.1223503043280201,0.5725253373384476,0.3446688562631607,0.1282447874546051,1.0,0.9954094171969696,0.6921796202659607,frustrated,engaged
0.49281376600265503,0.5717902183532715,0.8503074645996094,0.2180864848952171,0.007076770067214966,0.0011037588119506836,1.9696899624901443,0.23048407534867546,0.20568889444175872,0.54859459400177,0.34212377667427063,0.12613976001739502,1.0,0.9760930868460451,0.675616979598999,frustrated,engaged
0.4972558617591858,0.5819451212882996,0.8557735681533813,0.24067030711498605,0.022569358348846436,0.0469212532043457,1.9086642236513671,0.25738248155109,0.22395813267888207,0.5226484686136246,0.34450033605098723,0.12411510944366455,0.0,0.9725823914876974,0.6769251227378845,frustrated,engaged
0.502773642539978,0.5860994458198547,0.8568122386932373,0.18637935362083627,0.01815900206565857,0.0007832050323486328,2.007649723386956,0.18685555721639424,0.1859031500252783,0.5434984713792801,0.3484425634145737,0.12828093767166138,1.0,0.9671388224670743,0.6807576417922974,frustrated,engaged
0.35690373182296753,0.5653237700462341,0.9181955456733704,0.07787711340748658,0.03149658441543579,0.017765343189239502,2.1087677727341894,0.05615465730236489,0.09959956951260827,0.7441267371177673,0.2893269926309585,0.1658153235912323,1.0,0.8944624997747535,0.6911000609397888,frustrated,engaged
0.5072441101074219,0.5900952816009521,0.8728885650634766,0.17703887454569928,0.014077186584472656,0.0009070634841918945,2.0117553348996875,0.1707671199734474,0.18331062911795112,0.5689129084348679,0.3377925008535385,0.1339772343635559,1.0,0.9660609271479305,0.6860948801040649,frustrated,engaged
0.5111654996871948,0.5826742649078369,0.8716549873352051,0.2344346237066427,0.018468499183654785,0.0017003417015075684,1.9546144202972253,0.2322570963898487,0.2366121510234367,0.5648478418588638,0.3375933289527893,0.13438117504119873,0.0,0.9673387693833054,0.6887907981872559,frustrated,engaged
0.4982927441596985,0.5842903256416321,0.8564948439598083,0.2627888120024194,0.029586195945739746,0.034141600131988525,1.974452404923306,0.27540235093890353,0.25017527306593523,0.5374568402767181,0.33646986782550814,0.13003426790237427,0.0,0.9848762282229182,0.6793144643306732,frustrated,engaged
0.495840460062027,0.5934879779815674,0.867540717124939,0.24373819879946357,0.02883407473564148,0.03144800662994385,2.0078025331586464,0.26075124184157666,0.22672515575735047,0.5502457916736603,0.33528304994106295,0.13437870144844055,0.0,0.978981373217464,0.6902393698692322,frustrated,engaged
0.5146631002426147,0.5777515172958374,0.8684715032577515,0.23237087923369745,0.007595658302307129,0.0020978450775146484,1.9626094876355422,0.2394407883622089,0.22530097010518602,0.5705717653036118,0.33931251168251036,0.13378340005874634,0.0,0.9699859809385424,0.6876140832901001,frustrated,engaged
0.5034735202789307,0.5865288972854614,0.857822060585022,0.21613310354232856,0.02257716655731201,0.0013173818588256836,1.9962779680946365,0.21845102575637318,0.21381518132828398,0.5415785610675812,0.342489966750145,0.12988239526748657,1.0,0.9590864870464376,0.679797887802124,frustrated,engaged
0.4957959055900574,0.5905998945236206,0.859805703163147,0.22346169296676072,0.024000346660614014,0.00176161527633667,2.023517211690818,0.22315148543895444,0.223771900494567,0.544744610786438,0.3478247284889221,0.1302027702331543,0.0,0.9688491963631957,0.6824206411838531,frustrated,engaged
0.38920438289642334,0.5432820916175842,0.8544268012046814,0.19656104609522013,0.002977699041366577,0.020412564277648926,2.1254707899741914,0.19050788546129388,0.20261420672914637,0.6613311171531677,0.3117994487285614,0.14403167366981506,1.0,0.9766060201631279,0.666507363319397,frustrated,engaged
0.4934307336807251,0.5826461315155029,0.8514081835746765,0.19744347839457554,0.02102765440940857,0.00032341480255126953,2.0378098967046703,0.20213839280378734,0.19274856398536377,0.5476880073547363,0.3395349353551865,0.12577474117279053,1.0,0.9679129688193574,0.6739204525947571,frustrated,engaged
0.49700653553009033,0.5791730284690857,0.8623955845832825,0.23365674387844604,0.019551366567611694,0.0019812583923339844,1.983330174856095,0.238152486405109,0.2291610013517831,0.5617258250713348,0.33475383520126345,0.13421928882598877,0.0,0.9678998370260218,0.6825270652770996,frustrated,engaged
0.5056180953979492,0.5857680439949036,0.8592297434806824,0.2511327605516651,0.030741214752197266,0.043240904808044434,1.991694032318528,0.27062218564597623,0.23164333545735394,0.5446540266275406,0.33305697441101073,0.13213926553726196,0.0,0.9780247724531003,0.6813724339008331,frustrated,engaged
0.49679896235466003,0.5860029458999634,0.8570370674133301,0.245148820968079,0.02871134877204895,0.040109992027282715,2.0030226075172144,0.26633360622377245,0.22396403571238555,0.5428894758224487,0.33142196834087373,0.13173475861549377,0.0,0.9838873049994614,0.682014524936676,frustrated,engaged
0.5062418580055237,0.579477071762085,0.8944588899612427,0.04674748096319954,0.02859652042388916,0.00925445556640625,1.8303011348702978,0.04789854013642476,0.04559642178997432,0.576513409614563,0.35552136301994325,0.13083964586257935,1.0,0.9948338073687131,0.7087286114692688,frustrated,engaged
0.5096516013145447,0.594879150390625,0.8699895143508911,0.21946485872312754,0.018297821283340454,0.0273514986038208,2.0119471818156027,0.22882844642127767,0.21010127102497742,0.553509533405304,0.3512762635946274,0.1255563497543335,1.0,0.9952117436393583,0.6892217397689819,frustrated,engaged
0.5051828026771545,0.5900939702987671,0.8757538795471191,0.19861141690468814,0.014252066612243652,0.04178357124328613,2.0174025657175316,0.21841129018073716,0.1788115436286391,0.5762930512428284,0.3376516610383987,0.13132035732269287,1.0,0.9974917283292218,0.6864519715309143,frustrated,engaged
0.5080676078796387,0.6024624109268188,0.8640410900115967,0.23950086633871664,0.01152712106704712,0.004588723182678223,2.137758822675509,0.25063670653635317,0.22836502614108012,0.5591942667961121,0.3327334493398666,0.13654106855392456,0.0,0.9853476537119651,0.6848153471946716,frustrated,engaged
0.5003799200057983,0.5979830622673035,0.8846791982650757,0.21730279750185255,0.01793113350868225,0.027245044708251953,1.9844823558748514,0.22088567497598727,0.21371992002771784,0.5689454078674316,0.3460010826587677,0.12953492999076843,1.0,0.9967221690831609,0.6917199492454529,frustrated,engaged
0.502196192741394,0.5976046919822693,0.8504728674888611,0.22066732481989862,0.009592711925506592,0.001769423484802246,2.120703381015501,0.22294102331197344,0.2183936263278238,0.5362605154514313,0.34159727990627287,0.13055220246315002,0.0,0.9759208241297918,0.6811514794826508,frustrated,engaged
0.4907068908214569,0.577100932598114,0.8517010807991028,0.1876472875814366,0.006643772125244141,0.0015968680381774902,1.9790457655593257,0.17636037695926965,0.19893419820360353,0.5434482395648956,0.3372806638479233,0.12655407190322876,1.0,0.9910819119438399,0.6770558059215546,frustrated,engaged
0.5133122205734253,0.6048240661621094,0.878553032875061,0.23747155587124863,0.014172464609146118,0.004338383674621582,2.0570652420345983,0.2622056580804797,0.21273745366201757,0.5630804002285004,0.3377412378787994,0.13701975345611572,0.0,0.9881666158156647,0.6962966918945312,frustrated,engaged
0.49182093143463135,0.5905796885490417,0.8616390228271484,0.2427651399547745,0.007912814617156982,0.004423022270202637,1.988398470367115,0.25835538841240047,0.22717489149714853,0.5389759540557861,0.34739990532398224,0.12720316648483276,0.0,0.996295285753964,0.6916888654232025,frustrated,engaged
0.5022176504135132,0.5980994701385498,0.8821179866790771,0.19092441607596353,0.01815137267112732,0.033086299896240234,1.9964295169548978,0.1889732286819087,0.19287560347001836,0.5670249462127686,0.34899294972419737,0.12946417927742004,1.0,0.9987602380716858,0.696451723575592,frustrated,engaged
0.5115758776664734,0.5952180624008179,0.8699257373809814,0.2061349174763657,0.020615816116333008,0.013958334922790527,2.011049606990572,0.21301031333943096,0.19925952161330043,0.5524527728557587,0.3522239804267884,0.12485000491142273,1.0,0.9985342234182394,0.6851178407669067,frustrated,engaged
0.49964043498039246,0.5872177481651306,0.856803297996521,0.22118000559394824,0.014400005340576172,0.036072731018066406,2.0438771427220175,0.22270740843160924,0.2196526027562872,0.551001787185669,0.3470588117837906,0.12299591302871704,0.0,0.9982661193899544,0.6792000234127045,frustrated,engaged
0.5106611251831055,0.5971397757530212,0.8819587230682373,0.21695554719221596,0.018052875995635986,0.02654874324798584,1.9891685762299884,0.21563927531999597,0.21827181906443596,0.5665548890829086,0.34719727039337156,0.12855952978134155,1.0,0.994931961422496,0.6940558552742004,frustrated,engaged
0.5056869983673096,0.5865874886512756,0.8663712739944458,0.20028825505736308,0.01379251480102539,0.03317219018936157,2.006611819540437,0.20826352820567337,0.1923129819090528,0.5614194571971893,0.340328586101532,0.12909537553787231,1.0,0.9997346607047441,0.6838120222091675,frustrated,engaged
0.49579334259033203,0.5810937285423279,0.8549366593360901,0.18886032242999795,0.013989448547363281,0.003679990768432617,2.000344107312208,0.18806628949765258,0.18965435536234335,0.5477820932865143,0.342027622461319,0.12558624148368835,1.0,0.9949633989620796,0.677193820476532,frustrated,engaged
0.5107011198997498,0.5911072492599487,0.8749383687973022,0.20750837094225794,0.021703779697418213,0.014021217823028564,1.9830908170310766,0.2094369487599983,0.2055797931245176,0.5628648698329926,0.34618620276451106,0.12664151191711426,1.0,0.9960735481738815,0.6873151957988739,frustrated,engaged
0.5121484994888306,0.5951082706451416,0.8865417242050171,0.21207766338170447,0.024006664752960205,0.020376265048980713,1.9692256216305244,0.22658126403428,0.19757406272912892,0.5739001929759979,0.34304156303405764,0.1303137242794037,1.0,0.9979119463477084,0.6941542029380798,frustrated,engaged
0.4961284101009369,0.5802724361419678,0.8610619902610779,0.13594978940846134,0.0005614757537841797,0.002255678176879883,1.9496469100810248,0.14363266828562052,0.12826691053130215,0.5474424362182617,0.3371813386678696,0.12790757417678833,1.0,0.9868345049605375,0.6847953796386719,frustrated,engaged
0.4976283609867096,0.5872335433959961,0.8667095303535461,0.19921053456057453,0.015164494514465332,0.037292540073394775,2.0212268541762737,0.21252018902273997,0.1859008800984091,0.5648863911628723,0.3426048338413239,0.12970441579818726,1.0,0.9890612642167501,0.6837784349918365,frustrated,engaged
0.5031298398971558,0.5863405466079712,0.8696683645248413,0.19934818920213832,0.01408889889717102,0.0390772819519043,2.0219890884881795,0.21275707923570122,0.18593929916857538,0.5728877782821655,0.33829492926597593,0.13088476657867432,1.0,0.9978857571794081,0.6849599480628967,frustrated,engaged
0.5024128556251526,0.5861407518386841,0.8692524433135986,0.20217403763777111,0.014341354370117188,0.03578615188598633,2.017907897073144,0.20786783772145853,0.1964802375540837,0.5712953358888626,0.3374655246734619,0.12742745876312256,1.0,0.9947049937331891,0.6825920045375824,frustrated,engaged
0.4979093670845032,0.5813788771629333,0.8595172166824341,0.17587323983644007,0.0014728307723999023,0.0023301243782043457,1.9594202380521444,0.1752333868933053,0.17651309277957483,0.5449918508529663,0.34450660049915316,0.12660542130470276,1.0,0.9926488463246672,0.6869127750396729,frustrated,engaged
0.4924669563770294,0.5860533118247986,0.8645839095115662,0.14843641169062827,0.0019438862800598145,0.0019849538803100586,1.9510995508596247,0.16303119600204558,0.13384162737921093,0.5434428751468658,0.34260537922382356,0.12662649154663086,1.0,0.984984631618129,0.689568042755127,frustrated,engaged
0.500648558139801,0.5829075574874878,0.8641504645347595,0.22265837272577566,0.0005704164505004883,0.00921255350112915,1.978476894254941,0.22443699713701998,0.2208797483145313,0.5564345717430115,0.33896405100822447,0.13103008270263672,0.0,0.9926179696249349,0.6883126199245453,frustrated,engaged
0.4945104122161865,0.5769550800323486,0.8459370136260986,0.17090297578785335,0.011803925037384033,0.0017685890197753906,1.9994102190635288,0.17219771171254378,0.1696082398631629,0.5378072261810303,0.3374265193939209,0.12632137537002563,1.0,0.9998059387567519,0.6747235953807831,frustrated,engaged
0.4960789680480957,0.5956591367721558,0.8827685117721558,0.18506133502733907,0.020752251148223877,0.005263686180114746,1.9746390353983938,0.18922634132197547,0.1808963287327027,0.5669393539428711,0.3514770776033401,0.12610211968421936,1.0,0.9972016512514005,0.6953040361404419,frustrated,engaged
0.49938881397247314,0.5860655903816223,0.8575385808944702,0.18743905429852625,0.014394640922546387,0.01810133457183838,2.0335302091737137,0.18299695623230267,0.19188115236474987,0.5520505607128143,0.34102150797843933,0.12474963068962097,1.0,0.9992531490563306,0.6780613362789154,frustrated,engaged
0.5066409111022949,0.5931694507598877,0.8666160702705383,0.2170131038226785,0.01982596516609192,0.018798649311065674,2.024340670575107,0.21563114299029254,0.21839506465506445,0.5535511374473572,0.34952532649040224,0.12397366762161255,1.0,0.9954803260743211,0.684736043214798,frustrated,engaged
0.5084631443023682,0.5972450375556946,0.8872091770172119,0.22715053218355402,0.019537508487701416,0.029976189136505127,1.9741377644927218,0.23012566139962462,0.22417540296748345,0.5724311321973801,0.34676254391670225,0.13032010197639465,0.0,0.993545860817915,0.6950039267539978,frustrated,engaged
0.5006430745124817,0.5981926918029785,0.8745942115783691,0.22602604154890643,0.01859116554260254,0.028636813163757324,1.9978488818492723,0.23425123043746712,0.21780085266034577,0.5522104650735855,0.3512100905179978,0.1263708472251892,0.0,0.9991393152498291,0.6894858777523041,frustrated,engaged
0.5122804641723633,0.5924609303474426,0.8745471835136414,0.21100814297992415,0.02011120319366455,0.026629745960235596,2.0198948092174884,0.21702573539792144,0.2049905505619269,0.5697865784168243,0.34188720881938933,0.13004609942436218,1.0,0.9984601361884848,0.6895957887172699,frustrated,engaged
0.5004650354385376,0.6037933230400085,0.8638536930084229,0.2332560791750925,0.01117861270904541,0.005585849285125732,2.0981226945731244,0.242272923122357,0.22423923522782804,0.5456406623125076,0.3430639386177063,0.13267922401428223,0.0,0.9912082897918317,0.6882084906101227,frustrated,engaged
0.5045329928398132,0.5949515104293823,0.8646194338798523,0.2513837292036485,0.0030273795127868652,0.004913508892059326,2.0951647299598966,0.26361114222155285,0.23915631618574412,0.5650008171796799,0.3399967342615128,0.12995845079421997,0.0,0.9911698244533148,0.6893990337848663,frustrated,engaged
0.4861263334751129,0.6006615161895752,0.8491602540016174,0.1667433883061033,0.014807373285293579,0.013553917407989502,2.2325123148759487,0.14755533688600492,0.18593143972620169,0.5547787249088287,0.33379683196544646,0.13495701551437378,1.0,0.9830994834130788,0.6776560842990875,frustrated,engaged
0.5088712573051453,0.5945279598236084,0.8532447814941406,0.2089930853040821,0.008805274963378906,0.0013228058815002441,2.1007604351082896,0.2110985755195963,0.20688759508856788,0.5435041636228561,0.33506079018116,0.13171425461769104,1.0,0.991775116961226,0.6789727807044983,frustrated,engaged
0.5011683106422424,0.5915993452072144,0.8635600805282593,0.21516888542346563,0.0004369020462036133,0.0007889270782470703,2.0632891925892722,0.22756973241838657,0.20276803842854466,0.5611357092857361,0.33871286511421206,0.1308085322380066,1.0,0.9938875510646178,0.6855770945549011,frustrated,engaged
0.4887402355670929,0.603440523147583,0.8527529239654541,0.18140199883029695,0.01924148201942444,0.010399401187896729,2.254282255056862,0.1778052903111183,0.18499870734947563,0.5620227754116058,0.32852944135665896,0.14033466577529907,1.0,0.9844888390566513,0.6807382702827454,frustrated,engaged
0.49896109104156494,0.5887521505355835,0.8295400738716125,0.18728226343428925,0.007087737321853638,0.011441349983215332,2.2216864916391743,0.17718569896585398,0.1973788279027245,0.5349574983119965,0.3329651415348053,0.12943708896636963,1.0,0.980850912345897,0.6646063029766083,frustrated,engaged
0.49875301122665405,0.5987197160720825,0.8701093196868896,0.24517269146188278,0.0007470548152923584,0.0005364418029785156,2.081882342822471,0.26303310445059974,0.22731227847316582,0.5650033056735992,0.34247241020202634,0.13373887538909912,0.0,0.9955745470927244,0.6912899911403656,frustrated,engaged
0.497467041015625,0.5946844816207886,0.8713597059249878,0.22843858216638344,0.0033931732177734375,0.0005709528923034668,2.0500112254017524,0.24021906350787225,0.21665810082489462,0.5671893656253815,0.3436191976070404,0.1311282515525818,0.0,0.985555847886206,0.6979106068611145,frustrated,engaged
0.49851587414741516,0.6007590889930725,0.8565769791603088,0.1985262158805872,0.0007508397102355957,0.014025628566741943,2.185609311551702,0.20837049828822982,0.18868193347294457,0.5591201484203339,0.33694489598274235,0.1338564157485962,1.0,0.9785590501764272,0.6814565658569336,frustrated,engaged
0.5024228096008301,0.5970799326896667,0.8660874962806702,0.20191522785022376,0.0034770965576171875,0.0005130171775817871,2.053879431308164,0.19680255563018834,0.20702790007025915,0.5525111556053162,0.3487532138824463,0.13119125366210938,1.0,0.988114448036692,0.6918697357177734,frustrated,engaged
0.4991227984428406,0.5944030284881592,0.8664407730102539,0.22548940426176997,0.003030329942703247,0.0016810894012451172,2.0585602223756565,0.23730199818811362,0.21367681033542632,0.5600081384181976,0.34191118478775023,0.1318213939666748,0.0,0.9932284640619838,0.6926493048667908,frustrated,engaged
0.4977540373802185,0.596335768699646,0.8597715497016907,0.22639831372300445,0.0021925270557403564,0.005335748195648193,2.156737241881993,0.22974371760540221,0.22305290984060672,0.5681639164686203,0.32443211376667025,0.1418558955192566,0.0,0.9993241216354349,0.6802197992801666,frustrated,engaged
0.5011940002441406,0.5962934494018555,0.8685453534126282,0.2323034765995798,0.0030469000339508057,0.0012428760528564453,2.0685729500151626,0.2404567477620267,0.22415020543713293,0.5631749927997589,0.3423585921525955,0.1333867609500885,0.0,0.9973038385089121,0.6942872405052185,frustrated,engaged
0.49790674448013306,0.5929316282272339,0.8445462584495544,0.2093249847564071,0.007635235786437988,0.0018908381462097168,2.128116428897049,0.21032174092190525,0.20832822859090894,0.5354673564434052,0.33457531630992887,0.13136732578277588,1.0,0.9882191498245305,0.6739367246627808,frustrated,engaged
0.5060365796089172,0.5986301302909851,0.8598967790603638,0.18685027227382311,0.0037085413932800293,0.006053328514099121,2.1725121240771754,0.18070179384611734,0.19299875070152891,0.5676071345806122,0.3257980138063431,0.13958954811096191,1.0,0.9783922345363042,0.6803193390369415,frustrated,engaged
0.5039588809013367,0.6042566299438477,0.8604865074157715,0.22293572044381174,0.007974505424499512,0.004982709884643555,2.14011927326094,0.23004385213276032,0.21582758875486316,0.5483646392822266,0.33762948513031005,0.13628420233726501,0.0,0.9911645033664052,0.6864655017852783,frustrated,engaged
0.49727529287338257,0.5616463422775269,0.8705151081085205,0.2303930365217483,0.016004443168640137,0.0330963134765625,1.7840693746037202,0.23705713899103215,0.22372893405246444,0.5510450899600983,0.3414753615856171,0.1272413730621338,0.0,0.9903284409346386,0.6975243091583252,frustrated,engaged
0.5018823742866516,0.5927261710166931,0.8402919769287109,0.20479465781429107,0.015363097190856934,0.009318649768829346,2.178011361365255,0.21157221340509128,0.19801710222349087,0.5392033159732819,0.33039655983448024,0.13523966073989868,1.0,0.9882173714170298,0.6702612042427063,frustrated,engaged
0.5025650262832642,0.5934730768203735,0.8651027679443359,0.24069032284536676,0.0018622875213623047,0.0016742944717407227,2.046936524065005,0.2582044176380852,0.2231762280526483,0.5560107827186584,0.3443991541862488,0.13027474284172058,0.0,0.9963758249539405,0.689191609621048,frustrated,engaged
0.5049285292625427,0.5960090160369873,0.8520130515098572,0.21715759972399862,0.0074822306632995605,0.0022063255310058594,2.125115126299204,0.21210854192781725,0.22220665752017998,0.54404017329216,0.3336100667715073,0.1303263008594513,1.0,0.9889290286261478,0.6793750822544098,frustrated,engaged
0.5055022835731506,0.5945067405700684,0.8441212177276611,0.2062535451421855,0.007834970951080322,0.008681416511535645,2.131833119485882,0.20351281341135757,0.20899427687301342,0.5321385413408279,0.33573352694511416,0.13151678442955017,1.0,0.9936900189712307,0.6745938956737518,frustrated,engaged
0.49662160873413086,0.588085412979126,0.8675752878189087,0.10448844844922026,0.004407346248626709,0.005204737186431885,2.007673457256217,0.11034693129538065,0.09862996560305988,0.5611264109611511,0.3393621355295181,0.13215559720993042,1.0,0.969943401543789,0.6874134540557861,frustrated,engaged
0.5025469064712524,0.5946706533432007,0.865249514579773,0.23814999853632557,0.0015521645545959473,0.0025434494018554688,2.0709186035103118,0.25809680525177214,0.218203191820879,0.5603488683700562,0.34233341217041013,0.1309119164943695,0.0,0.9944133197401219,0.6877943575382233,frustrated,engaged
0.496991902589798,0.5975016355514526,0.8436406850814819,0.16777008626485393,0.017895609140396118,0.003505527973175049,2.207956504142074,0.1455082109995447,0.19003196153016316,0.5434665232896805,0.33201762437820437,0.1351432204246521,1.0,0.9819069762651219,0.6745771169662476,frustrated,engaged
0.5059343576431274,0.5946123600006104,0.8507933020591736,0.2254022647933695,0.008330702781677246,0.0038643479347229004,2.1210196142710447,0.22894357597031717,0.22186095361642186,0.5433669239282608,0.3357033014297485,0.13196983933448792,0.0,0.9883132376434073,0.6788113117218018,frustrated,engaged
0.48949819803237915,0.5979875326156616,0.8366259932518005,0.19861105460536377,0.020445555448532104,0.005246877670288086,2.2148035453709123,0.1863158379777291,0.21090627123299846,0.5285395234823227,0.3339733272790909,0.1308887004852295,1.0,0.9791896922167966,0.6711931526660919,frustrated,engaged
0.4926856756210327,0.5822937488555908,0.8690152168273926,0.2283757444138112,0.0020566582679748535,0.004588961601257324,1.9588521000624495,0.2293005178730873,0.22745097095453512,0.5616469085216522,0.3367650717496872,0.13022178411483765,0.0,0.965485927410774,0.691337525844574,frustrated,engaged
0.490782767534256,0.5902418494224548,0.882407546043396,0.22221183709234432,0.0042594075202941895,0.008072912693023682,1.976020359330418,0.21584143546281276,0.2285822387218759,0.5773273408412933,0.335805207490921,0.13389086723327637,0.0,0.9469154705248566,0.7069118618965149,frustrated,engaged
0.49529844522476196,0.5921410918235779,0.8571375012397766,0.23258457502260116,0.0015735030174255371,0.0014698505401611328,2.0805808570781714,0.24370926698036344,0.22145988306483885,0.5513485372066498,0.34559827446937563,0.12942779064178467,0.0,0.988644540783614,0.6852676570415497,frustrated,engaged
0.496432900428772,0.5940529704093933,0.8616409301757812,0.23429919692467935,0.001035153865814209,0.0001690387725830078,2.0384075891967246,0.24483663419607934,0.22376175965327935,0.5454553663730621,0.34666385054588317,0.12705421447753906,0.0,0.9927959757140067,0.6873652338981628,frustrated,engaged
0.5093153715133667,0.5550343990325928,0.8645727634429932,0.23804799171451393,0.018065810203552246,0.019413113594055176,1.7871057949215174,0.24548675662187464,0.23060922680715323,0.5531795918941498,0.33835373222827914,0.12812861800193787,0.0,0.9989153718256532,0.6903617084026337,frustrated,engaged
0.5026729106903076,0.5947391390800476,0.8434465527534485,0.18816511297897343,0.0077002644538879395,0.00313413143157959,2.1650064005907024,0.18392510424783032,0.1924051217101165,0.5384553074836731,0.3358560621738434,0.13153493404388428,1.0,0.9875801404052929,0.6730847358703613,frustrated,engaged
0.49639105796813965,0.5845633745193481,0.8493735194206238,0.22658304987420402,0.0029613077640533447,0.001265883445739746,2.0537201831856255,0.24063786407128954,0.2125282356771185,0.543847993016243,0.33371338546276097,0.12975183129310608,0.0,0.9985264166872826,0.6738193929195404,frustrated,engaged
0.49612975120544434,0.5961745381355286,0.8697594404220581,0.21018733701718761,0.0007557868957519531,0.0009676814079284668,2.054693008893821,0.22289778690821935,0.19747688712615588,0.5621350407600403,0.34645785093307496,0.13250941038131714,1.0,0.991966824811579,0.6933650374412537,frustrated,engaged
0.5052212476730347,0.5717018246650696,0.8767907619476318,0.10374596130828993,0.01821005344390869,0.03744089603424072,1.8620304177015772,0.08372140631569305,0.12377051630088681,0.5680867433547974,0.3367712825536728,0.12852784991264343,1.0,0.9868877444479243,0.6938483417034149,frustrated,engaged
0.5103733539581299,0.5450634360313416,0.847184419631958,0.20863438464117007,0.019359201192855835,0.0019272565841674805,1.7722806980704542,0.2166329578024709,0.20063581147986925,0.5354449599981308,0.3422934502363205,0.12823402881622314,1.0,0.9665942220972068,0.6782764494419098,frustrated,engaged
0.3738223612308502,0.5252164006233215,0.856550931930542,0.15334522435594322,0.022816359996795654,0.027522027492523193,2.1060370067163343,0.1396089344580633,0.16708151425382317,0.6978048905730247,0.2841042160987854,0.15523770451545715,1.0,0.9006290297820709,0.6590511202812195,frustrated,engaged
0.49967461824417114,0.5386576652526855,0.859593391418457,0.26324743192203837,0.0496087372303009,0.0036793947219848633,1.7931494819753298,0.2658126153741298,0.2606822484699469,0.5754875242710114,0.3518084079027176,0.12461605668067932,0.0,0.8914276638498108,0.6894694566726685,frustrated,engaged
0.5089718699455261,0.5582047700881958,0.882788896560669,0.19324432866247762,0.0232083797454834,0.001118481159210205,1.8539845514872177,0.2144428997356769,0.17204575758927834,0.6017758101224899,0.3435297220945358,0.13511204719543457,1.0,0.9787342107920329,0.6969071626663208,frustrated,engaged
0.565245509147644,0.5480049848556519,0.9041131734848022,0.2780878425598645,0.008547663688659668,0.0017369985580444336,1.74348878988314,0.2901126775627674,0.2660630075569617,0.6208723783493042,0.3470680177211761,0.14019441604614258,0.0,0.8951234875726997,0.7146057486534119,frustrated,engaged
0.49472033977508545,0.544440746307373,0.8597831130027771,0.17267482080404425,0.03225839138031006,0.0022794008255004883,1.8356134046723949,0.17860077935926968,0.16674886224881882,0.5788485109806061,0.35283046066761015,0.1288657784461975,1.0,0.9282354476545221,0.6897017061710358,frustrated,engaged
0.4999503493309021,0.5573016405105591,0.882243812084198,0.1511878910968892,0.02613663673400879,0.0018749833106994629,1.8302605265996488,0.1728828516641086,0.12949293052966981,0.5947306603193283,0.3487402081489563,0.1335417628288269,1.0,0.9552794157208795,0.7000426948070526,frustrated,engaged
0.5013030767440796,0.5607260465621948,0.8863877654075623,0.1705719536694991,0.019493311643600464,0.0009666681289672852,1.8572844705585365,0.17751237109601858,0.1636315362429796,0.6048483103513718,0.3460872769355774,0.1360536515712738,1.0,0.9752590553929996,0.7026380598545074,frustrated,engaged
0.3372199535369873,0.532764732837677,0.8297418355941772,0.1865148816227266,0.011595815420150757,0.024783730506896973,2.2087148697183956,0.19709129368651837,0.17593846955893488,0.6559399515390396,0.31232201457023623,0.1564599871635437,1.0,0.8323523091166787,0.6581467986106873,frustrated,engaged
0.5124148726463318,0.5434854626655579,0.8585672378540039,0.28014647868672926,0.003892868757247925,0.0015206336975097656,1.716466750179775,0.2982778721826386,0.26201508519081995,0.5408291071653366,0.3591513246297836,0.12426584959030151,0.0,0.9125980516360119,0.6937560439109802,frustrated,engaged
0.522331714630127,0.5511682033538818,0.8731892108917236,0.27155887816112867,0.008449792861938477,0.0003838539123535156,1.7411498500639093,0.28367949906742956,0.25943825725482783,0.5606885701417923,0.3507726103067398,0.13267171382904053,0.0,0.9193970514120823,0.7002298533916473,frustrated,engaged
0.5179113745689392,0.5346913933753967,0.8576985597610474,0.2551378554150289,0.040216684341430664,0.0031228065490722656,1.7448348049688123,0.26123583657518085,0.24903987425487698,0.5635958909988403,0.3579508513212204,0.12286275625228882,0.0,0.868748388731365,0.6885462403297424,frustrated,engaged
0.49623972177505493,0.5229792594909668,0.8428156971931458,0.23934291249915698,0.04968291521072388,0.0032812952995300293,1.7813843573951484,0.24869161537270032,0.22999420962561365,0.5697534084320068,0.3453928053379059,0.12062299251556396,0.0,0.8894556069800633,0.6769894361495972,frustrated,engaged
0.5124201774597168,0.5304285883903503,0.8752157688140869,0.24055031584001474,0.049446702003479004,0.0039830803871154785,1.7591486481331893,0.24430543256202933,0.23679519911800015,0.6065336614847183,0.32555746734142305,0.13518720865249634,0.0,0.9157055580188487,0.6929600834846497,frustrated,engaged
0.4922712445259094,0.5366308689117432,0.8406414985656738,0.18788583567641604,0.028587043285369873,0.0026348233222961426,1.8543209777597012,0.1950205871554915,0.18075108419734057,0.5637351423501968,0.33986267149448396,0.1262110471725464,1.0,0.9395189489961012,0.6736828684806824,frustrated,engaged
0.5052876472473145,0.5377599000930786,0.8702684640884399,0.26442172138118647,0.03735867142677307,0.0036917924880981445,1.7276768902685482,0.259814060357935,0.2690293824044379,0.5744690895080566,0.3556633710861206,0.12082812190055847,0.0,0.8862825273005625,0.7009052634239197,frustrated,engaged
0.5260794758796692,0.5923150777816772,0.8744790554046631,0.2539513177394721,0.048619240522384644,0.0007338523864746094,2.015209825922388,0.257664062094935,0.2502385733840092,0.5686216354370117,0.3324636191129684,0.13494408130645752,0.0,0.9793845950674789,0.69392991065979,frustrated,engaged
0.5105404257774353,0.6063083410263062,0.8830824494361877,0.23908523405894871,0.03103739023208618,0.0019026994705200195,2.0263039798782017,0.25587285017415273,0.22229761794374467,0.5608305037021637,0.34072831869125364,0.12914681434631348,0.0,0.9752776042970585,0.7005885541439056,frustrated,engaged
0.49621152877807617,0.5939382910728455,0.8627573251724243,0.25490775216361816,0.008113056421279907,0.049307942390441895,1.9987070981177075,0.27740940105519196,0.2324061032720444,0.5372925102710724,0.34632267951965334,0.1233360767364502,0.0,0.9797955507751079,0.6899470090866089,frustrated,engaged
0.500688910484314,0.5740146636962891,0.8629826307296753,0.1727507438990165,0.010847270488739014,0.0022997260093688965,1.9585242628966368,0.1808857230054187,0.16461576479261436,0.5659527331590652,0.3383118897676468,0.12966734170913696,1.0,0.9959023854245589,0.6855084598064423,frustrated,engaged
0.5106955766677856,0.5995042324066162,0.8632335662841797,0.24340020604941265,0.019222259521484375,0.008249461650848389,2.0710054310119745,0.2597768968965593,0.22702351520226596,0.5461869537830353,0.34054552316665654,0.12970849871635437,0.0,0.9838789178854247,0.6904177963733673,frustrated,engaged
0.5026663541793823,0.5756679177284241,0.8554280400276184,0.25413917992169943,0.01025378704071045,0.014229536056518555,1.9439985642386317,0.2634428996740132,0.24483546016938568,0.543855220079422,0.3326383858919144,0.12626248598098755,0.0,0.9890899321219992,0.6767568290233612,frustrated,engaged
0.5167009830474854,0.6014860272407532,0.8791193962097168,0.2203132494147552,0.04381486773490906,0.0004417300224304199,2.0354557459119142,0.22483948045284102,0.21578701837666936,0.5651124715805054,0.3396193951368332,0.13272151350975037,0.0,0.9858054463525835,0.6965432167053223,frustrated,engaged
0.5010637044906616,0.593430757522583,0.8763920068740845,0.24018618983704626,0.011089086532592773,0.050034284591674805,1.9417442629386301,0.26662232610442604,0.2137500535696665,0.549440324306488,0.3351585298776627,0.1279943585395813,0.0,0.9854119003262718,0.6911287903785706,frustrated,engaged
0.4995163679122925,0.5895888209342957,0.8626400232315063,0.24914213921611653,0.009955942630767822,0.05018126964569092,1.9779402261516639,0.26724937529007553,0.23103490314215752,0.5400809347629547,0.3439165711402893,0.12591171264648438,0.0,0.9806516531394215,0.6867457628250122,frustrated,engaged
0.5039999485015869,0.5943238735198975,0.8627046346664429,0.24813334130890952,0.01644444465637207,0.011115312576293945,2.0290988698224695,0.2615456596852801,0.2347210229325389,0.5445731282234192,0.3424854189157486,0.12896648049354553,0.0,0.9743468400141156,0.6917762756347656,frustrated,engaged
0.5068610310554504,0.5905517339706421,0.8675262331962585,0.2415433573951702,0.011148273944854736,0.0498424768447876,1.9556843187394153,0.2683150321686713,0.21477168262166907,0.5416766405105591,0.3388901025056839,0.12698018550872803,0.0,0.9824242117831916,0.6883473992347717,frustrated,engaged
0.5192842483520508,0.6007543206214905,0.8765659928321838,0.2412359576856431,0.04579174518585205,0.00020903348922729492,2.041534391318522,0.24492446115334576,0.23754745421794043,0.5630810558795929,0.33985428512096405,0.1313779056072235,0.0,0.978217121320181,0.6954101920127869,frustrated,engaged
0.5295481085777283,0.6010937690734863,0.8829474449157715,0.2378248505907745,0.04627788066864014,0.000923454761505127,2.010354445145671,0.24423058163844472,0.23141911954310426,0.5666278004646301,0.33714151084423066,0.13350999355316162,0.0,0.9919299560279914,0.6980702877044678,frustrated,engaged
0.5065839290618896,0.5729445219039917,0.8557146787643433,0.2037832896414518,0.009781122207641602,0.00370025634765625,1.9703443908189382,0.21354002348414278,0.1940265557987608,0.5571565628051758,0.3372030109167099,0.1292075216770172,1.0,0.9910917860551732,0.6795095801353455,frustrated,engaged
0.4959900975227356,0.58698570728302,0.8559426069259644,0.22631762682097162,0.014167368412017822,0.047388672828674316,1.9471428915418596,0.25253533737463363,0.20009991626730958,0.5236994624137878,0.3451154619455338,0.12165182828903198,0.0,0.9810693106561837,0.6786251068115234,frustrated,engaged
0.4856208860874176,0.5695773363113403,0.8723288774490356,0.08030875983274707,0.0017354190349578857,0.0016775131225585938,1.9385729718857534,0.07553437295044138,0.08508314671505275,0.5869078934192657,0.3477477580308914,0.13166683912277222,1.0,0.9969551973462846,0.6941137313842773,frustrated,engaged
0.516265869140625,0.5964045524597168,0.8718815445899963,0.23837716752203186,0.04151272773742676,0.0011005997657775879,2.034167753883056,0.23326050652440036,0.24349382851966336,0.5603684484958649,0.33828720152378083,0.13197344541549683,0.0,0.9767336953895879,0.69385626912117,frustrated,engaged
0.506523847579956,0.5703621506690979,0.8578888773918152,0.19632085676703273,0.007777512073516846,0.002138495445251465,1.9680487090775365,0.2024381250689664,0.19020358846509905,0.5658685714006424,0.33779732286930086,0.12715384364128113,1.0,0.9985769139332513,0.6797886192798615,frustrated,engaged
0.5031302571296692,0.599923312664032,0.8685829639434814,0.2533005534501918,0.013927072286605835,0.007458150386810303,2.018590342258766,0.26880936149128726,0.23779174540909637,0.5423157960176468,0.3446350574493408,0.127430260181427,0.0,0.9895824930306075,0.6943168342113495,frustrated,engaged
0.49418723583221436,0.5939056873321533,0.8780674934387207,0.24142207008036431,0.008351385593414307,0.017124295234680176,1.9795405124467624,0.25860397478953245,0.22424016537119615,0.5625117868185043,0.34502075612545013,0.13138526678085327,0.0,0.9881706675120211,0.6959699988365173,frustrated,engaged
0.5148706436157227,0.6029625535011292,0.8750149607658386,0.25346467617198876,0.040721595287323,0.0007666349411010742,2.047552363717168,0.25635259551852296,0.25057675682545455,0.5570435971021652,0.3428016245365143,0.13379213213920593,0.0,0.9872254440468926,0.6953523457050323,frustrated,engaged
0.5156681537628174,0.5984411239624023,0.8763032555580139,0.22395837301957924,0.044855982065200806,0.0009664297103881836,2.0350707892884485,0.21615093773663097,0.23176580830252752,0.5654711425304413,0.33658682405948637,0.13317275047302246,0.0,0.9808564007799805,0.6963408291339874,frustrated,engaged
0.5074598789215088,0.584732711315155,0.847224235534668,0.24879824106935666,0.012188971042633057,0.03267979621887207,1.9902746168280483,0.2666652024955725,0.23093127964314084,0.5224322080612183,0.3467645883560181,0.12189611792564392,0.0,0.9880509639032565,0.6815972328186035,frustrated,engaged
0.5043612122535706,0.5954257845878601,0.874143660068512,0.24110508860395596,0.008761733770370483,0.05308234691619873,1.9662858147473368,0.2735395818275911,0.20867059538032082,0.548040971159935,0.34126919507980347,0.12583386898040771,0.0,0.9839942109001709,0.6935837864875793,frustrated,engaged
0.505422830581665,0.5980754494667053,0.8717154264450073,0.2652910219442269,0.011968046426773071,0.046171486377716064,1.9899501807974285,0.28760345949362603,0.24297858439482775,0.544531911611557,0.34246272444725034,0.12638339400291443,0.0,0.9852655441695322,0.6925564408302307,frustrated,engaged
0.5183359980583191,0.6061021089553833,0.8819994926452637,0.2131259608032533,0.042088091373443604,0.00023359060287475586,2.027407753590506,0.22046445867208156,0.20578746293442501,0.5593585222959518,0.3437098920345306,0.13184428215026855,1.0,0.9829599124922339,0.700247585773468,frustrated,engaged
0.522524893283844,0.6031032204627991,0.8870253562927246,0.22364703561738625,0.04549494385719299,0.0006810426712036133,1.9914888071796524,0.22252374338457395,0.22477032785019851,0.5654297471046448,0.342110937833786,0.13210785388946533,0.0,0.979224841848789,0.703732043504715,frustrated,engaged
0.5191977620124817,0.5940423011779785,0.8776575922966003,0.22765848064619768,0.04852008819580078,0.000540614128112793,1.9949204345669318,0.22704433343688885,0.2282726278555065,0.5657919347286224,0.33327952325344085,0.13299018144607544,0.0,0.9831829947296892,0.6917599141597748,frustrated,engaged
0.5026777982711792,0.5700488090515137,0.8472295999526978,0.194400830796648,0.01023489236831665,0.009912729263305664,1.9873247289593625,0.20235223650684314,0.18644942508645282,0.5508502274751663,0.3376874178647995,0.12563735246658325,1.0,0.9945406037978286,0.6735309362411499,frustrated,engaged
0.5013173818588257,0.601688027381897,0.8785475492477417,0.26119958295312484,0.011481702327728271,0.01140207052230835,1.9905798090505047,0.2781990558244321,0.24420011008181752,0.5511129647493362,0.34375427961349486,0.12897589802742004,0.0,0.9900195978991086,0.7007153332233429,frustrated,engaged
0.5090219974517822,0.5903607606887817,0.8708352446556091,0.23915203866373586,0.008360028266906738,0.0006818771362304688,2.0390459840102833,0.26067450047860297,0.21762957684886874,0.5719024091959,0.32405401468276973,0.13560751080513,0.0,0.9958518921587471,0.6840236186981201,frustrated,engaged
0.5133348703384399,0.5939964056015015,0.8686073422431946,0.22114291380808268,0.011732250452041626,0.0006359219551086426,2.07730793267073,0.24954331173203165,0.1927425158841337,0.570453554391861,0.3322355538606644,0.13445767760276794,0.0,0.9901917993896739,0.6768734753131866,frustrated,engaged
0.5087435245513916,0.5990582704544067,0.8707220554351807,0.23437134455645728,0.036412179470062256,0.001178741455078125,2.030393740534423,0.2445061498489584,0.22423653926395615,0.5515864789485931,0.34168827533721924,0.12868237495422363,0.0,0.98387804180992,0.6931091248989105,frustrated,engaged
0.508734405040741,0.5980725884437561,0.8677254319190979,0.2395283080742997,0.006638944149017334,2.5451183319091797e-05,2.1184463120373898,0.2709914577818096,0.20806515836678977,0.5712471902370453,0.33009969294071195,0.1350395381450653,0.0,0.9893112751754741,0.6808412671089172,frustrated,engaged
0.5039535760879517,0.5880275964736938,0.8544159531593323,0.20976527255177327,0.009779691696166992,0.000429689884185791,2.0922902468520133,0.23577981949676957,0.18375072560677697,0.5573638528585434,0.33695856928825374,0.1297619342803955,1.0,0.9902069483429156,0.6663978397846222,frustrated,engaged
0.49242955446243286,0.5869090557098389,0.8690420389175415,0.16209640941478795,0.001682877540588379,0.024597525596618652,2.0237432722276503,0.15929282089886945,0.16489999793070645,0.5709667503833771,0.3322065085172653,0.13546323776245117,1.0,0.9784970884420011,0.6902767419815063,frustrated,engaged
0.49081951379776,0.5839468240737915,0.880583643913269,0.08031575065602782,0.006418079137802124,0.05227315425872803,1.9594426021870188,0.07919449462178021,0.08143700669027543,0.5812447816133499,0.3250211954116822,0.13476887345314026,1.0,0.9779802821378055,0.6899564564228058,frustrated,engaged
0.5022343993186951,0.5944270491600037,0.8700071573257446,0.20357415956200486,0.023255527019500732,0.001263737678527832,1.9865851579846256,0.23741171931656715,0.1697365998074426,0.5474653393030167,0.3426107168197632,0.13034528493881226,1.0,0.9972537852991146,0.6952545642852783,frustrated,engaged
0.5121314525604248,0.5882818698883057,0.862301230430603,0.2099999995521632,0.011097550392150879,0.0012614727020263672,2.0641816988337407,0.23441206092136527,0.1855879381829611,0.5656278133392334,0.33315675854682925,0.1333337426185608,1.0,0.99750360306719,0.6690959334373474,frustrated,engaged
0.508368730545044,0.5935664772987366,0.8678458333015442,0.19720349328681613,0.02704489231109619,0.0011780858039855957,2.003918736395626,0.2315904518089379,0.16281653476469438,0.5496355444192886,0.33211843073368075,0.12808027863502502,1.0,0.9993086846867797,0.6876475811004639,frustrated,engaged
0.5126997232437134,0.5823966264724731,0.8543559312820435,0.19511541558131068,0.01036408543586731,0.0007121562957763672,2.0539891314349075,0.21233652776943046,0.17789430339319093,0.558603510260582,0.331991845369339,0.1297055184841156,1.0,0.9941194906799717,0.6642546653747559,frustrated,engaged
0.5030730962753296,0.5944278836250305,0.8784760236740112,0.11807490885622492,0.02643406391143799,0.002989649772644043,2.003999628680958,0.11332423005147514,0.12282558766097469,0.5692343711853027,0.33771264851093297,0.13606533408164978,1.0,0.9813888417715187,0.6881709396839142,frustrated,engaged
0.510238766670227,0.5852428674697876,0.8559498190879822,0.20463758415461863,0.011836111545562744,0.0008344054222106934,2.086551063373306,0.2298604068923288,0.17941476141690846,0.5648459643125534,0.3325629860162735,0.13077500462532043,1.0,0.9950305145169246,0.6648108959197998,frustrated,engaged
0.46619492769241333,0.6263943314552307,0.8516458868980408,0.33583473731549773,0.06785538792610168,9.02414321899414e-05,2.4783290440878973,0.3191549232820001,0.35251455134899534,0.5582499504089355,0.33009796440601347,0.1323724389076233,0.0,0.9026923932989463,0.6968425512313843,frustrated,engaged
0.49534493684768677,0.5842158794403076,0.8709505796432495,0.20445636270739356,0.0008082985877990723,0.04931443929672241,1.9935487503252207,0.20518782523448423,0.2037249001803029,0.5716215968132019,0.3289318889379501,0.13172978162765503,1.0,0.9748055724996846,0.6917553842067719,frustrated,engaged
0.5169039964675903,0.5973981618881226,0.8826569318771362,0.22455268025270003,0.03837120532989502,0.002239227294921875,1.988874517582385,0.23661129783320406,0.21249406267219598,0.5673458874225616,0.3353107392787933,0.13298094272613525,0.0,0.9820149469948833,0.6943443715572357,frustrated,engaged
0.5028369426727295,0.5927093625068665,0.8612490892410278,0.24233783560584357,0.00641179084777832,0.0017011165618896484,2.060164747763388,0.26624931167632504,0.2184263595353621,0.5532381385564804,0.33863345384597776,0.1299036145210266,0.0,0.9953077995410597,0.684128999710083,frustrated,engaged
0.5133058428764343,0.5951486825942993,0.8736478090286255,0.24350500691176785,0.007977694272994995,0.0010625123977661133,2.051539148899626,0.27142080183585665,0.21558921198767908,0.5713539123535156,0.3320546716451645,0.13278615474700928,0.0,0.9908838591021428,0.6835289001464844,frustrated,engaged
0.50932377576828,0.5964051485061646,0.8750098347663879,0.24640784029059903,0.010646194219589233,0.0008586645126342773,2.048924647335909,0.2695041737049594,0.2233115068762387,0.570842057466507,0.3290046215057373,0.13653498888015747,0.0,0.9960189909284769,0.6891964673995972,frustrated,engaged
0.5099932551383972,0.6019684672355652,0.8797053098678589,0.13841697347783952,0.03242775797843933,0.0019136667251586914,1.989508575123953,0.1579292604405961,0.11890468651508294,0.5525618195533752,0.3398332238197327,0.12937304377555847,1.0,0.9866654488597741,0.6952247023582458,frustrated,engaged
0.507993221282959,0.5889283418655396,0.857295036315918,0.20975029853418387,0.009729444980621338,0.0013988614082336426,2.088578954519332,0.23484798601265075,0.184652611055717,0.5605071187019348,0.3341706812381744,0.13279643654823303,1.0,0.9926123744842391,0.6721574664115906,frustrated,engaged
0.515133798122406,0.5836691856384277,0.8535908460617065,0.220373828337306,0.0099698007106781,0.0005879402160644531,2.080255077937192,0.23891350915816748,0.20183414751644452,0.561507984995842,0.3324902802705765,0.12931403517723083,0.0,0.99525117012759,0.6651471257209778,frustrated,engaged
0.5142199993133545,0.5831418633460999,0.8526621460914612,0.22909697266617887,0.010076344013214111,0.0008261799812316895,2.080676133850917,0.23859797978919237,0.21959596554316538,0.5607865005731583,0.32796443402767184,0.1308751106262207,0.0,0.9941004249222016,0.6610090434551239,frustrated,engaged
0.5014598369598389,0.5895374417304993,0.8694430589675903,0.22575257867526843,0.011241346597671509,0.0015665292739868164,2.04705236695543,0.24691648221828016,0.20458867513225673,0.5729835033416748,0.3326236307621002,0.13535195589065552,0.0,0.991656372344692,0.675761878490448,frustrated,engaged
0.5065944194793701,0.5857445001602173,0.8654725551605225,0.08356553990294191,0.025595486164093018,0.0022249817848205566,2.023659317364184,0.09003135040687416,0.07709972939900965,0.5660763084888458,0.3363665997982025,0.13541179895401,1.0,0.986762231700658,0.6737270057201385,frustrated,engaged
0.5136142373085022,0.5851932168006897,0.8675009608268738,0.15242467018522077,0.016918718814849854,0.002764105796813965,2.0405704290760394,0.14930357309590073,0.15554576727454078,0.5760708749294281,0.331425267457962,0.13850519061088562,1.0,0.9840788283202634,0.6728962063789368,frustrated,engaged
0.4943598508834839,0.5861989855766296,0.8842263221740723,0.2138162169413928,0.0031562447547912598,0.05424857139587402,1.913626720885484,0.23420714759895098,0.19342528628383465,0.5703149884939194,0.3371183007955551,0.1321302354335785,1.0,0.9737482370290471,0.6946553885936737,frustrated,engaged
0.5052345395088196,0.5909363031387329,0.8725435137748718,0.22335322266911042,0.009467333555221558,0.0009552240371704102,2.0385644027072614,0.24073801659307772,0.20596842874514312,0.5740764737129211,0.3348240464925766,0.13173401355743408,0.0,0.9954670763040118,0.6788182854652405,frustrated,engaged
0.4869542419910431,0.553406834602356,0.8742591738700867,0.3441186707673773,0.018171370029449463,0.00026613473892211914,1.757512390158554,0.3401696561685242,0.3480676853662304,0.5639037191867828,0.3376128524541855,0.12300214171409607,0.0,0.9728315180826066,0.6979755163192749,confused,engaged
0.4834148585796356,0.5519564151763916,0.8694835901260376,0.3273010376226429,0.014710426330566406,0.0002466440200805664,1.785211278810001,0.3205675294750515,0.3340345457702343,0.5668548792600632,0.3327670514583588,0.12202000617980957,0.0,0.9549335174810382,0.698633223772049,confused,engaged
0.5137612223625183,0.5869539380073547,0.891629159450531,0.31054593207109377,0.004595696926116943,0.0009030699729919434,1.9369081364460345,0.3113405696047394,0.30975129453744815,0.5901298522949219,0.34230746924877165,0.1316530406475067,0.0,0.962452248999138,0.7200726270675659,confused,engaged
0.5088329911231995,0.5729870796203613,0.8679518699645996,0.2710992925804112,0.0022689998149871826,0.012498259544372559,1.9035480340978188,0.26733284823449643,0.27486573692632593,0.5614815503358841,0.3422403633594513,0.1253887414932251,0.0,0.9654447256095262,0.702853798866272,confused,engaged
0.5074281692504883,0.5650641322135925,0.8625905513763428,0.2411229914845351,0.003255188465118408,0.007777571678161621,1.8905694355507066,0.24425987185910308,0.2379861111099671,0.5624962449073792,0.3417594522237778,0.12470811605453491,0.0,0.9713159321830038,0.694346010684967,confused,engaged
0.4818962812423706,0.5446547865867615,0.8594544529914856,0.3564369025205699,0.016361206769943237,0.0005808472633361816,1.7609725215827807,0.3518306760166235,0.3610431290245164,0.5543553233146667,0.32838302850723267,0.11919566988945007,0.0,0.9618587847331651,0.6903161704540253,confused,engaged
0.5134499073028564,0.5780906081199646,0.8788487911224365,0.32519663961323314,0.004781901836395264,0.008288383483886719,1.9177915915238313,0.3251394586127244,0.32525382061374186,0.5767934322357178,0.3440820276737213,0.1304679811000824,0.0,0.9565045166670785,0.7122235298156738,confused,engaged
0.5159885287284851,0.5687084197998047,0.8631433248519897,0.2583310726118989,0.0014489591121673584,0.003946781158447266,1.9109079845540218,0.2580439744894588,0.25861817073433896,0.5626399219036102,0.3444632709026337,0.12415456771850586,0.0,0.9575786109419527,0.6987157464027405,confused,engaged
0.5123052597045898,0.5804852843284607,0.8778552412986755,0.3194041110260788,0.0034669041633605957,0.005267024040222168,1.9355526868524795,0.3237218776779984,0.3150863443741591,0.5755771547555923,0.34385828375816346,0.12838038802146912,0.0,0.9610151437437768,0.7100231349468231,confused,engaged
0.5158684253692627,0.579018235206604,0.8821954131126404,0.3356021794007098,0.0030286312103271484,0.0005002021789550781,1.9165664030099228,0.3354266774153721,0.33577768138604747,0.5810611099004745,0.3411902844905853,0.13137158751487732,0.0,0.9526341566415079,0.7131011486053467,confused,engaged
0.5119253396987915,0.572259247303009,0.8737344741821289,0.30678500313547075,0.004253804683685303,0.003840327262878418,1.9206873338547075,0.30545450501230664,0.3081155012586348,0.5790415704250336,0.33808963000774384,0.12942305207252502,0.0,0.9615950163727254,0.7045165300369263,confused,engaged
0.47792863845825195,0.5379548668861389,0.8544408679008484,0.3534630342055982,0.015315830707550049,0.000517725944519043,1.7523573785756839,0.34730380342068995,0.3596222649905065,0.554598331451416,0.33053999245166776,0.11833617091178894,0.0,0.9635926523796291,0.683892548084259,confused,engaged
0.5027313828468323,0.5552024841308594,0.8444217443466187,0.21510145061842376,0.005277872085571289,0.004694342613220215,1.898968382912755,0.22828710257975843,0.20191579865708909,0.5492201298475266,0.33828007578849795,0.12225127220153809,1.0,0.994737870402458,0.6832625567913055,confused,engaged
0.5150742530822754,0.5841558575630188,0.8841418623924255,0.3099273197784949,0.0021809935569763184,0.0015728473663330078,1.9454790470516787,0.30271324987494486,0.31714138968204497,0.5836184322834015,0.34336124956607816,0.1307484209537506,0.0,0.9612911309922422,0.7160458564758301,confused,engaged
0.5157434344291687,0.5813928842544556,0.8798841238021851,0.32896982373841255,0.0030870139598846436,0.004419565200805664,1.9231149873208047,0.33031986639919436,0.3276197810776308,0.5740348994731903,0.34432191252708433,0.12874087691307068,0.0,0.9549143203043169,0.7124444842338562,confused,engaged
0.5089307427406311,0.5736175775527954,0.8780206441879272,0.3267902868973761,0.002762913703918457,0.005162477493286133,1.8972176170229154,0.3218581440908208,0.3317224297039314,0.5775207579135895,0.33990597128868105,0.13087648153305054,0.0,0.9661736775132576,0.7112654447555542,confused,engaged
0.4887927770614624,0.5502068996429443,0.862623929977417,0.3533455584798102,0.017086118459701538,0.0009379386901855469,1.779567537655535,0.351893009503273,0.35479810745634743,0.5559689849615097,0.3319422364234924,0.12249508500099182,0.0,0.9795066747735233,0.6908891201019287,confused,engaged
0.5128141641616821,0.5825811624526978,0.877267599105835,0.30592675019638005,0.001956850290298462,0.0023747682571411133,1.931330973641902,0.2995866493111063,0.3122668510816538,0.5691389739513397,0.3487405449151993,0.12838083505630493,0.0,0.962088961097221,0.7128989696502686,confused,engaged
0.48347699642181396,0.5473886132240295,0.8630351424217224,0.3366550905258663,0.015206634998321533,0.0003960132598876953,1.749831540239155,0.3247223111205782,0.34858786993115437,0.5523300021886826,0.33086878657341,0.12159305810928345,0.0,0.9609376640945143,0.6921690702438354,confused,engaged
0.48740115761756897,0.5554807186126709,0.8757926225662231,0.33986024860448294,0.016048699617385864,5.8650970458984375e-05,1.7774578101524707,0.3349800848250034,0.3447404123839625,0.5693426728248596,0.3366812080144882,0.12248995900154114,0.0,0.9604100785552598,0.7021299004554749,confused,engaged
0.5180834531784058,0.5739971399307251,0.866187334060669,0.2740765830973352,0.0013809502124786377,0.0027823448181152344,1.9339390392288036,0.27060681616331617,0.2775463500313542,0.5650799572467804,0.3437790542840957,0.12715566158294678,0.0,0.9633124001747158,0.7032445669174194,confused,engaged
0.5116565823554993,0.5684128999710083,0.868531346321106,0.2756256707641742,0.0011523962020874023,0.007254600524902344,1.8787501310393893,0.27288592063231554,0.2783654208960329,0.5638494491577148,0.3431390583515167,0.12632113695144653,0.0,0.968541542399239,0.7030279636383057,confused,engaged
0.49577972292900085,0.5368679761886597,0.8415786623954773,0.15809535901724764,0.005957484245300293,0.0014403462409973145,1.7995490605265623,0.1911203429024097,0.12507037513208555,0.5483436286449432,0.32463964521884914,0.12334761023521423,1.0,0.999867468450777,0.6779141128063202,confused,engaged
0.4880738854408264,0.5438482761383057,0.8618791103363037,0.34732120410234235,0.018437623977661133,0.00020307302474975586,1.7554025620825362,0.3401406621464508,0.3545017460582339,0.5582738965749741,0.3359123647212982,0.11820977926254272,0.0,0.959081581279268,0.6903021931648254,confused,engaged
0.5199118256568909,0.5751203298568726,0.8738541007041931,0.31750544339209263,0.004322916269302368,0.0066283345222473145,1.9221014761582158,0.3174478422322864,0.31756304455189893,0.5741985440254211,0.3428346127271652,0.12777653336524963,0.0,0.9499708297066687,0.7063664495944977,confused,engaged
0.5090822577476501,0.5754828453063965,0.868247389793396,0.3102552573710262,0.0035151243209838867,0.004501461982727051,1.90158578075551,0.3037061545071213,0.3168043602349312,0.5567187964916229,0.3482685923576355,0.12646925449371338,0.0,0.9677301896216559,0.705157607793808,confused,engaged
0.49807849526405334,0.5518398880958557,0.8537160158157349,0.1293281024768412,0.0066509246826171875,0.002617359161376953,1.827032725019865,0.15633033721588802,0.10232586773779441,0.5515393912792206,0.3352568507194519,0.12522488832473755,1.0,0.9993981344373611,0.6863455772399902,confused,engaged
0.516066312789917,0.5837854743003845,0.8834652900695801,0.31999143709366507,0.004566550254821777,0.0007729530334472656,1.948021789603841,0.313824658595833,0.3261582155914971,0.5837847590446472,0.34139754176139836,0.1308455765247345,0.0,0.9596798639022002,0.713809460401535,confused,engaged
0.5116596221923828,0.5662850141525269,0.8638976216316223,0.2772298606550331,0.0028535425662994385,0.009282052516937256,1.881429170081824,0.2764508257667269,0.27800889554333924,0.5599389225244522,0.3435470700263977,0.12519466876983643,0.0,0.9615512917389233,0.6972518265247345,confused,engaged
0.5096815228462219,0.5608540773391724,0.851206362247467,0.26048119918881996,0.003652602434158325,0.0070534348487854,1.901733959927884,0.2619138643595834,0.25904853401805655,0.5521747022867203,0.3421685367822647,0.12199333310127258,0.0,0.9609842125004335,0.6887052357196808,confused,engaged
0.48809343576431274,0.5488637685775757,0.8644161224365234,0.36191193432986846,0.016740351915359497,0.0008655786514282227,1.754055290302114,0.35442561142310763,0.3693982572366293,0.5534980297088623,0.32987489402294157,0.11866393685340881,0.0,0.9639811784656158,0.6916898488998413,confused,engaged
0.5068029165267944,0.5641586780548096,0.8572818636894226,0.2602241654122943,0.0025764405727386475,0.014856934547424316,1.9065139742626818,0.2597258425451289,0.2607224882794597,0.5588453561067581,0.34356050193309784,0.12379983067512512,0.0,0.9722877790700757,0.6929231286048889,confused,engaged
0.5100603103637695,0.5553312301635742,0.8461812734603882,0.24074760745508939,0.0035477280616760254,0.003704071044921875,1.8885499495229725,0.24706406406704023,0.2344311508431385,0.5492867231369019,0.3395039707422256,0.12163129448890686,0.0,0.9873412443921858,0.682447224855423,confused,engaged
0.5077823400497437,0.5647991299629211,0.8630524277687073,0.2631977436049615,0.0045153796672821045,0.016723990440368652,1.8866822006861097,0.2602688966610821,0.26612659054884097,0.5627110749483109,0.34194214046001437,0.12459537386894226,0.0,0.9653126180065139,0.6948194205760956,confused,engaged
0.5130327343940735,0.5767483711242676,0.8695883750915527,0.30847111209148337,0.003661632537841797,0.006624460220336914,1.9283975190224973,0.30395482797138573,0.312987396211581,0.56471386551857,0.3445190966129303,0.12597808241844177,0.0,0.9580436091062972,0.7032855153083801,confused,engaged
0.5051836967468262,0.5817240476608276,0.8802704811096191,0.28718214253328656,0.01488560438156128,0.0007287263870239258,1.9430716235911571,0.2911764465349658,0.2831878385316073,0.5800990462303162,0.3381892770528793,0.1320503056049347,0.0,0.9689714231758093,0.6986812353134155,confused,engaged
0.5132242441177368,0.592106819152832,0.9026206135749817,0.10857489490854391,0.007150620222091675,0.0006074309349060059,1.8038550084651903,0.08894258136431141,0.12820720845277642,0.5601236671209335,0.3465705245733261,0.13292372226715088,1.0,0.9512545848863659,0.7261496782302856,confused,engaged
0.5035925507545471,0.5737137198448181,0.8663421869277954,0.28100769070467785,0.007662713527679443,0.0025205016136169434,1.8417883544177904,0.28305765130639016,0.27895773010296554,0.5389615446329117,0.3473697304725647,0.12757599353790283,0.0,0.9718542431078601,0.6988068521022797,confused,engaged
0.5150730013847351,0.570496141910553,0.8646957874298096,0.2601338386263975,0.004593104124069214,0.0017857551574707031,1.8736184633406356,0.26549914361277616,0.2547685336400189,0.5512197613716125,0.3559515565633774,0.12612178921699524,0.0,0.9500739611348761,0.7009315490722656,confused,engaged
0.5026343464851379,0.5848038792610168,0.8823782801628113,0.2875334665538176,0.014189541339874268,0.005006611347198486,1.9418175615892208,0.28661657639044263,0.2884503567171926,0.5778371393680573,0.33972563147544865,0.1334364414215088,0.0,0.9669406627525541,0.7094987034797668,confused,engaged
0.5076039433479309,0.5889512300491333,0.883527398109436,0.31172791427714247,0.013161629438400269,1.8596649169921875e-05,1.9587109621289902,0.31341162584163795,0.310044202712647,0.5769915282726288,0.3463159173727035,0.12993833422660828,0.0,0.9637334871353179,0.7037356495857239,confused,engaged
0.5138702392578125,0.5858893990516663,0.886275589466095,0.33665333079332893,0.007835090160369873,0.000847935676574707,1.9342543438776776,0.3449120710020083,0.3283945905846495,0.5810252279043198,0.3440053999423981,0.129569411277771,0.0,0.9527607965104299,0.7053958475589752,confused,engaged
0.5146784782409668,0.5836116671562195,0.8933129906654358,0.2938878202954258,0.009319782257080078,0.0004685521125793457,1.8204153520466668,0.2966300557788085,0.2911455848120431,0.5637868642807007,0.3478064715862274,0.1256466507911682,0.0,0.9079552534244496,0.7207717001438141,confused,engaged
0.5369300246238708,0.5836982727050781,0.8945183753967285,0.2643685202863938,0.007764101028442383,0.0019627809524536133,1.8353971558736062,0.2646024147317139,0.26413462584107367,0.5704801678657532,0.3511759340763092,0.12602972984313965,0.0,0.8652055231736449,0.7225233614444733,confused,engaged
0.5056884288787842,0.5788457989692688,0.8790841698646545,0.29256684510058806,0.013149261474609375,0.0030091404914855957,1.9230397772925958,0.2999879659107811,0.28514572429039503,0.5773722529411316,0.3378662437200546,0.13312900066375732,0.0,0.9735703507888429,0.7068111598491669,confused,engaged
0.5091901421546936,0.5853957533836365,0.8832761645317078,0.3132044420179675,0.01481008529663086,0.0008625984191894531,1.9280167362693732,0.3128644155363218,0.3135444684996131,0.5743203461170197,0.3457641988992691,0.13010939955711365,0.0,0.9666645418091515,0.7018142938613892,confused,engaged
0.5058498382568359,0.5833814740180969,0.8749091029167175,0.2971061848524089,0.013577938079833984,0.0009707212448120117,1.9517102981206709,0.29758539902752823,0.2966269706772896,0.5689794272184372,0.3437050312757492,0.12999612092971802,0.0,0.966282475072973,0.6993561387062073,confused,engaged
0.5146114826202393,0.5869526863098145,0.8799771070480347,0.13677757199645302,0.0083712637424469,0.0020897388458251953,1.833095120223985,0.12132148092680155,0.1522336630661045,0.5371434688568115,0.34675284624099734,0.12818697094917297,1.0,0.9526201722482109,0.7115361988544464,confused,engaged
0.5085526704788208,0.5757312774658203,0.8665159940719604,0.2823731288829782,0.007921874523162842,0.005340993404388428,1.8992940403975187,0.2867954872055149,0.27795077056044154,0.5522875785827637,0.3451530784368515,0.12756362557411194,0.0,0.9707558866317262,0.7030667066574097,confused,engaged
0.5172299742698669,0.5826480388641357,0.8842593431472778,0.33035615436618687,0.003941059112548828,0.0008195042610168457,1.936090893633981,0.32806173735360183,0.3326505713787719,0.5839488357305527,0.3450753211975098,0.13157600164413452,0.0,0.952170117114483,0.7160814106464386,confused,engaged
0.5222364664077759,0.5706920623779297,0.8631720542907715,0.27460033278549556,0.006287813186645508,0.0014489293098449707,1.8759793206215054,0.28105294653439555,0.2681477190365956,0.5486882925033569,0.3500956624746323,0.12364652752876282,0.0,0.9368785682893367,0.7014552652835846,confused,engaged
0.5064352750778198,0.5763072967529297,0.874443531036377,0.27867958931725967,0.010100096464157104,0.0023208260536193848,1.9017742659028414,0.2797650076905404,0.2775941709439789,0.5669897198677063,0.3404879093170166,0.13111042976379395,0.0,0.9704247319178001,0.7084040939807892,confused,engaged
0.5175264477729797,0.5779891610145569,0.8761457800865173,0.2887139883272888,0.007770895957946777,0.0011042952537536621,1.819401281088928,0.28796532831927174,0.2894626483353058,0.5424683541059494,0.3471850514411926,0.12474256753921509,0.0,0.9537823784825139,0.7102063298225403,confused,engaged
0.5045648813247681,0.5690785646438599,0.8689868450164795,0.25585965339711203,0.001414865255355835,0.0009911060333251953,1.850751715159019,0.26947216158229037,0.24224714521193363,0.5550576150417328,0.34656213521957396,0.12368381023406982,0.0,0.9781300094630061,0.6997668743133545,confused,engaged
0.5170358419418335,0.5832317471504211,0.8867941498756409,0.14206278187846977,0.000850975513458252,0.0019717812538146973,1.8322368156824362,0.12053887655863547,0.16358668719830408,0.5562000423669815,0.34169562757015226,0.13141193985939026,1.0,0.9501755479267302,0.7173785269260406,confused,engaged
0.5220367312431335,0.5824736952781677,0.8929044008255005,0.2926812831182987,0.00918281078338623,5.435943603515625e-05,1.8245014873659782,0.2985974651632231,0.28676510107337433,0.566383108496666,0.3455899566411972,0.1279890239238739,0.0,0.9073601781203127,0.718157023191452,confused,engaged
0.5040583610534668,0.5751871466636658,0.8674261569976807,0.2977350294334117,0.012495815753936768,0.0006925463676452637,1.9261075888034394,0.29680565598624514,0.29866440288057816,0.5628857016563416,0.3412855416536331,0.1268307864665985,0.0,0.9693721354550012,0.6899950802326202,confused,engaged
0.5116348266601562,0.575838565826416,0.8726202249526978,0.28496123930537076,0.006364166736602783,0.0012905597686767578,1.8212566942649175,0.2917203537024049,0.2782021249083367,0.5405174046754837,0.34606650471687317,0.12555041909217834,0.0,0.9586890882910819,0.7064430713653564,confused,engaged
0.5157181024551392,0.5839893817901611,0.8819197416305542,0.33519613623745337,0.00540924072265625,0.0012535452842712402,1.9605310230162825,0.33599937674545016,0.3343928957294566,0.5841036736965179,0.3467695981264114,0.1282164752483368,0.0,0.9495893490047745,0.7056503593921661,confused,engaged
0.5020385384559631,0.589449942111969,0.8846350908279419,0.33665926375522914,0.011682271957397461,8.207559585571289e-05,1.9951315431347025,0.3366105492408347,0.33670797826962356,0.5889351963996887,0.34018481075763707,0.12976130843162537,0.0,0.966221505587624,0.704548567533493,confused,engaged
0.5111733675003052,0.5805103778839111,0.8659005165100098,0.2849795939011337,0.013889849185943604,0.0006078481674194336,1.9591840022511893,0.2816654653523422,0.2882937224499252,0.5591337531805038,0.34562397599220274,0.12732332944869995,0.0,0.966345576604018,0.7004161775112152,confused,engaged
0.5027322769165039,0.5677578449249268,0.8540312051773071,0.2398274701578234,0.010091423988342285,0.0004668235778808594,1.8825662917752697,0.24285177879245173,0.2368031615231951,0.5389304608106613,0.35211398601531985,0.11881354451179504,0.0,0.9963447005698921,0.6911791265010834,confused,engaged
0.5077822208404541,0.5784075260162354,0.8799600005149841,0.30111201983557423,0.012001097202301025,0.004762887954711914,1.8654172959955804,0.30866637521841034,0.2935576644527382,0.5625230669975281,0.3429105818271637,0.1307087540626526,0.0,0.969188260086755,0.7088595032691956,confused,engaged
0.5072944164276123,0.5789551734924316,0.8659453392028809,0.29920587583134817,0.013697504997253418,0.00015801191329956055,1.9615440480441972,0.30039405913869505,0.2980176925240013,0.5629458129405975,0.3440683364868164,0.1301496922969818,0.0,0.9708186257331687,0.6962428390979767,confused,engaged
0.5076053738594055,0.5689205527305603,0.8529201745986938,0.25228686332562833,0.006026864051818848,0.0008351802825927734,1.9050073402546952,0.25877259903370803,0.24580112761754863,0.5410232692956924,0.3521533638238907,0.12038740515708923,0.0,0.9879037607003123,0.6885680556297302,confused,engaged
0.5062382817268372,0.5814303159713745,0.8630836606025696,0.30041651209159653,0.01452687382698059,0.00025004148483276367,2.000797491193435,0.2965677939234752,0.30426523025971786,0.5635333061218262,0.3404444485902786,0.12823379039764404,0.0,0.9727216672717897,0.6938217878341675,confused,engaged
0.5042001008987427,0.5833634734153748,0.872707188129425,0.30122286283117183,0.013268470764160156,0.0009315013885498047,1.9594601590302678,0.29812897649766046,0.3043167491646832,0.5669594407081604,0.34672137200832365,0.13127708435058594,0.0,0.9723183339048526,0.7004877030849457,confused,engaged
0.501109778881073,0.5852794647216797,0.8787910342216492,0.28175256673445986,0.015670299530029297,0.0005522966384887695,1.9543219405123748,0.2830212683881128,0.2804838650808069,0.5736180543899536,0.3451113492250443,0.13205140829086304,0.0,0.9684144322989952,0.7020938396453857,confused,engaged
0.5061880350112915,0.5777101516723633,0.8763262033462524,0.3128248117451539,0.009672552347183228,0.000265657901763916,1.9488469144726042,0.3104915218168566,0.31515810167345126,0.5819589197635651,0.3350701779127121,0.13175183534622192,0.0,0.9685419175726377,0.6954300403594971,confused,engaged
0.5158438086509705,0.5798349380493164,0.8722068667411804,0.3286969551738817,0.0038572847843170166,0.0010363459587097168,1.9586610335387358,0.32705114273390784,0.33034276761385556,0.5726594626903534,0.3454200267791748,0.12912434339523315,0.0,0.9518510943935131,0.7057798504829407,confused,engaged
0.508458137512207,0.584726095199585,0.8847883939743042,0.3150083056085417,0.013084232807159424,0.0005335807800292969,1.9250834197341091,0.3115775223642197,0.3184390888528637,0.5776468813419342,0.34365058243274693,0.12954750657081604,0.0,0.9712042161821097,0.7022303640842438,confused,engaged
0.5165600776672363,0.5951157212257385,0.9092991352081299,0.2121239497368856,0.0034843087196350098,0.00020205974578857422,1.8290919815243816,0.1891120399414876,0.23513585953228358,0.5746721923351288,0.35215163230895996,0.13018402457237244,1.0,0.9484080205959501,0.7325646877288818,confused,engaged
0.5056282877922058,0.5879805088043213,0.8886405229568481,0.2929245887830694,0.012640148401260376,0.0006737112998962402,1.9474273076709339,0.2929927067088819,0.29285647085725686,0.5855154693126678,0.34023110270500184,0.13427072763442993,0.0,0.9650810335389216,0.7059073150157928,confused,engaged
0.5103063583374023,0.5815870761871338,0.8788307905197144,0.2956416801429377,0.00896143913269043,0.007818043231964111,1.9252370901091873,0.2965315801616574,0.2947517801242179,0.572266548871994,0.34481883943080904,0.13107144832611084,0.0,0.9717242830203762,0.712415337562561,confused,engaged
0.5161852836608887,0.575884222984314,0.8747110366821289,0.27974681928424294,0.009672433137893677,0.007486224174499512,1.8042904071521775,0.28683115210508936,0.2726624864633965,0.5391721576452255,0.34801667332649233,0.1263504922389984,0.0,0.9557201365342785,0.7035532295703888,confused,engaged
0.5238997936248779,0.586047887802124,0.8948940634727478,0.278528806543802,0.008941859006881714,0.0004010796546936035,1.8364878136273268,0.272643131053314,0.28441448203429004,0.5671940743923187,0.3499051988124847,0.12574061751365662,0.0,0.9101099348440487,0.7206267714500427,confused,engaged
0.519533097743988,0.5913947820663452,0.9075464010238647,0.2776108093148363,0.00650671124458313,1.4662742614746094e-05,1.8043684292359181,0.2726858892342034,0.2825357293954691,0.5704558044672012,0.35379347801208494,0.12698432803153992,0.0,0.9331908157404413,0.7289102077484131,confused,engaged
0.5102157592773438,0.586946427822113,0.8859875798225403,0.34333647689247176,0.009490728378295898,0.0003027915954589844,1.9815715451795184,0.34463371618737615,0.3420392375975674,0.592573419213295,0.3393075346946716,0.13068652153015137,0.0,0.9568551646369496,0.7054852545261383,confused,engaged
0.5248517990112305,0.5744292736053467,0.877666711807251,0.26415755271637553,0.0057329535484313965,0.0008146762847900391,1.859842259237322,0.27404242311936033,0.25427268231339073,0.5639756619930267,0.35125541388988496,0.1272648572921753,0.0,0.905361794697802,0.713120698928833,confused,engaged
0.5067580938339233,0.5837945342063904,0.8698861002922058,0.29386249220563143,0.012275904417037964,0.002435624599456787,1.9562980338357119,0.2968837629221743,0.29084122148908853,0.5596823245286942,0.3472470998764038,0.12725532054901123,0.0,0.9663302397969779,0.7029348015785217,confused,engaged
0.4839513301849365,0.5759860873222351,0.8579232692718506,0.141228448873906,0.015753239393234253,7.402896881103516e-05,1.9859114453805145,0.1386956186850133,0.14376127906279873,0.5599042624235153,0.35785895586013794,0.12659582495689392,1.0,0.9712742564253953,0.6907498836517334,confused,engaged
0.5044982433319092,0.5793550610542297,0.8578621745109558,0.21742502688447113,0.008440136909484863,0.00473785400390625,1.928135092405402,0.23181277244372733,0.20303728132521495,0.5370012670755386,0.35961778461933136,0.1229633092880249,1.0,0.9868743939367821,0.6946370303630829,confused,engaged
0.5043403506278992,0.5789119005203247,0.8667615652084351,0.22644842888836486,0.01181858777999878,0.002124488353729248,1.9111557798509504,0.23341868344352726,0.21947817433320246,0.5501274615526199,0.3553998380899429,0.12632125616073608,0.0,0.9918526069124527,0.6979081928730011,confused,engaged
0.4806692898273468,0.574435830116272,0.8550134897232056,0.1783225258521816,0.017721235752105713,0.0009250640869140625,1.9835857960875858,0.1990170832399799,0.1576279684643833,0.5565518438816071,0.3566168576478958,0.12371891736984253,1.0,0.9628791762306694,0.6879088282585144,confused,engaged
0.4982069432735443,0.5657071471214294,0.838188648223877,0.25134072592669376,0.011107265949249268,0.0006482601165771484,1.9265052569627172,0.26029403745801866,0.24238741439536887,0.5249389708042145,0.35267311334609985,0.11767509579658508,0.0,0.9807255992789365,0.6809237003326416,confused,engaged
0.5027881860733032,0.5794686675071716,0.8839022517204285,0.1980190261868468,0.003154844045639038,0.03727066516876221,1.8481706863726373,0.21921497444670307,0.1768230779269905,0.5626470744609833,0.35803975760936735,0.12855735421180725,1.0,0.982416304776236,0.7063672542572021,confused,engaged
0.48030105233192444,0.5681596398353577,0.8484082221984863,0.18663466927528358,0.013112902641296387,0.00032597780227661133,1.968713883807666,0.21156547249081106,0.1617038660597561,0.5517312437295914,0.3550210386514664,0.12361937761306763,1.0,0.9587041437147359,0.6774280071258545,confused,engaged
0.49145740270614624,0.5776933431625366,0.8556526899337769,0.22097879512839,0.007031917572021484,0.0004609823226928711,1.9392479720344489,0.22690047602332897,0.21505711423345103,0.5390340387821198,0.3615609496831894,0.1230505108833313,0.0,0.9866580800676766,0.6878491044044495,confused,engaged
0.4827865958213806,0.5670388340950012,0.8492479920387268,0.17461721664878077,0.012287378311157227,0.00037348270416259766,1.9625616669832666,0.20307002616016742,0.14616440713739412,0.553854838013649,0.35108440518379214,0.1248093843460083,1.0,0.9654382932901419,0.6820158064365387,confused,engaged
0.48812317848205566,0.5794889330863953,0.8608244061470032,0.179157142113271,0.010480642318725586,0.0020766258239746094,1.9499628889865057,0.170300264269128,0.188014019957414,0.5485956817865372,0.364775949716568,0.1268448829650879,1.0,0.9790874138554103,0.6947641372680664,confused,engaged
0.48509955406188965,0.573913037776947,0.853053092956543,0.2182442207155637,0.009116411209106445,0.0005159378051757812,1.954501812951316,0.22800680750561392,0.20848163392551347,0.5455816984176636,0.3568409562110901,0.1220666766166687,1.0,0.980516769380448,0.6817841827869415,confused,engaged
0.49259835481643677,0.580653727054596,0.8628957867622375,0.18412721903057225,0.01619499921798706,0.0001507401466369629,1.980776938694809,0.200478012972625,0.1677764250885195,0.5590605437755585,0.36221123039722447,0.12382414937019348,1.0,0.9698725558763296,0.6956846117973328,confused,engaged
0.49478405714035034,0.5726518034934998,0.8611181974411011,0.2554075907403518,0.009396672248840332,0.0005453824996948242,1.8540894053039572,0.26195358569482186,0.24886159578588174,0.5348443388938904,0.3602470248937607,0.12117451429367065,0.0,0.9873496299634045,0.698523759841919,confused,engaged
0.4827424883842468,0.5741798877716064,0.8536078929901123,0.19966983050019482,0.01681041717529297,0.00014972686767578125,1.9603720267675822,0.22153385506222312,0.17780580593816656,0.5477848052978516,0.35932294428348543,0.12031739950180054,1.0,0.9621539869574212,0.6866334080696106,confused,engaged
0.4838206470012665,0.5712476372718811,0.856968104839325,0.20931422620975107,0.014924347400665283,0.00036078691482543945,1.9525040590458143,0.20992837371333545,0.2087000787061667,0.5578723251819611,0.3570342004299164,0.12420588731765747,1.0,0.9703045643093784,0.6890030205249786,confused,engaged
0.48717617988586426,0.5759422183036804,0.8588095307350159,0.20658157104999797,0.013162016868591309,0.000957787036895752,1.9587179892318294,0.21679312595378367,0.1963700161462123,0.5540592521429062,0.3625596761703491,0.12355363368988037,1.0,0.9698066320192361,0.6898238360881805,confused,engaged
0.48283037543296814,0.5623084306716919,0.8426882028579712,0.22379685453332954,0.012358516454696655,0.000321805477142334,1.9350358239312513,0.23010009963167136,0.21749360943498774,0.5425468385219574,0.354162859916687,0.12232384085655212,0.0,0.9712298367817723,0.675012469291687,confused,engaged
0.48490166664123535,0.5803877115249634,0.8626016974449158,0.21708591302656027,0.0198839008808136,0.0003216862678527832,1.9862864208981184,0.22003081287734957,0.214141013175771,0.5605597943067551,0.36663324832916255,0.12277597188949585,1.0,0.9705090950813876,0.6969335973262787,confused,engaged
0.48674333095550537,0.574383020401001,0.8534289002418518,0.18560462397604632,0.016323894262313843,0.0008937716484069824,1.9702649374135728,0.19041975687061863,0.18078949108147402,0.5497962832450867,0.35949658155441283,0.12386173009872437,1.0,0.9741879064908757,0.6866736114025116,confused,engaged
0.5015354752540588,0.5766613483428955,0.8636213541030884,0.21341954669704188,0.007145702838897705,0.03110361099243164,1.8933584492981108,0.22879717195913177,0.198041921434952,0.543320044875145,0.35500295758247374,0.12541404366493225,1.0,0.9892393127369976,0.6914700269699097,confused,engaged
0.4975162744522095,0.5807047486305237,0.8711225986480713,0.2180126200687886,0.009578049182891846,0.02286207675933838,1.8978692154647785,0.2241683239686454,0.21185691616893182,0.5511769950389862,0.36167714893817904,0.12516629695892334,1.0,0.9912289161158155,0.7038053274154663,confused,engaged
0.4943612813949585,0.5726393461227417,0.8537261486053467,0.251240018342319,0.012932807207107544,0.0008194446563720703,1.9254723950176844,0.25601820814089865,0.24646182854373944,0.5412268042564392,0.35490249991416933,0.12028908729553223,0.0,0.9841770022116998,0.6908729076385498,confused,engaged
0.48617202043533325,0.5809223651885986,0.8651224970817566,0.1735436564981243,0.016801118850708008,0.00010573863983154297,2.002716057823633,0.19127568657658894,0.1558116264196597,0.5691741704940796,0.36013054847717285,0.12648248672485352,1.0,0.9711753102836967,0.6952623724937439,confused,engaged
0.4805387854576111,0.577216386795044,0.8575356006622314,0.18375212853515105,0.01580291986465454,0.0006442070007324219,1.987245131499541,0.18758608679878416,0.17991817027151794,0.5570649802684784,0.3577263087034226,0.12373203039169312,1.0,0.9716972192050585,0.6905503869056702,confused,engaged
0.49164578318595886,0.5653709173202515,0.8456880450248718,0.23112774053108104,0.009569108486175537,0.00016838312149047852,1.8940048309923188,0.23177894761735535,0.23047653344480673,0.5309238880872726,0.3532346963882446,0.117188960313797,0.0,0.9956310546770254,0.6843930184841156,confused,engaged
0.4943239688873291,0.5813330411911011,0.8716615438461304,0.23812057777856083,0.016038179397583008,0.003696620464324951,1.9247773016252137,0.23759111624122561,0.23865003931589604,0.5588196367025375,0.35641259551048277,0.12566709518432617,0.0,0.986509227405153,0.703232616186142,confused,engaged
0.48713815212249756,0.5686957836151123,0.8466859459877014,0.23134735368567916,0.011180877685546875,0.0003495216369628906,1.9644071117113282,0.2418146976502596,0.22088000972109872,0.5460878163576126,0.35679415166378026,0.12334614992141724,0.0,0.9761175554773309,0.6797363460063934,confused,engaged
0.4950287640094757,0.5830002427101135,0.8663936853408813,0.2503036000414261,0.01854991912841797,0.0010855793952941895,1.953132919512546,0.24420338215643303,0.2564038179264192,0.5535070151090622,0.35954981446266177,0.12399086356163025,0.0,0.9736735292192331,0.7011300325393677,confused,engaged
0.48179009556770325,0.5708682537078857,0.8486615419387817,0.17697550178410143,0.012953519821166992,0.0005370378494262695,1.9777549616546661,0.20082112318740755,0.15312988038079528,0.549409031867981,0.3570229709148407,0.12351131439208984,1.0,0.9590095363374994,0.6821016073226929,confused,engaged
0.49521687626838684,0.5701534748077393,0.852803647518158,0.22930953460489292,0.010539233684539795,0.00021439790725708008,1.918210903892094,0.2363842405187632,0.22223482869102265,0.5421845614910126,0.3563678920269012,0.12257349491119385,0.0,0.991705504781841,0.6921932995319366,confused,engaged
0.4879297912120819,0.5673952698707581,0.8407002091407776,0.22993547584232474,0.01185452938079834,0.0005352497100830078,1.9709185477826963,0.24004281867988594,0.21982813300476353,0.5386637449264526,0.3571115583181381,0.12039798498153687,0.0,0.9874560360379301,0.6705479323863983,confused,engaged
0.49804002046585083,0.5727965235710144,0.8494752645492554,0.25880195391775385,0.01348114013671875,0.00045543909072875977,1.935829446562977,0.26088808284447085,0.2567158249910368,0.535604789853096,0.35812566578388216,0.1209823489189148,0.0,0.9814263457144992,0.6895350515842438,confused,engaged
0.4939534664154053,0.5685535669326782,0.8457465171813965,0.23426546509326546,0.010997772216796875,0.00017654895782470703,1.9410444506014992,0.23770872722530972,0.2308222029612212,0.5380457788705826,0.356644070148468,0.1201130747795105,0.0,0.978771527185027,0.6857962012290955,confused,engaged
0.5052141547203064,0.5819560289382935,0.8637128472328186,0.2095908846969965,0.009600162506103516,0.006676316261291504,1.9373373069239221,0.23177340222875567,0.18740836716523734,0.5458599328994751,0.3604934930801391,0.12485167384147644,1.0,0.9956168505534548,0.7003566324710846,confused,engaged
0.47891515493392944,0.5684088468551636,0.8507744669914246,0.20101109972721476,0.013360559940338135,2.8371810913085938e-05,1.9507124767405768,0.21847133917376452,0.183550860280665,0.5508160889148712,0.3568968206644058,0.1237412691116333,1.0,0.9659345621714078,0.6804203689098358,confused,engaged
0.49396827816963196,0.5730366706848145,0.8548912405967712,0.2500711644528148,0.009313702583312988,0.0006260871887207031,1.9186282506335026,0.2625187212564043,0.23762360764922533,0.5407760590314865,0.3572171777486801,0.12225326895713806,0.0,0.9854556375314936,0.6939914226531982,confused,engaged
0.49594852328300476,0.5836570262908936,0.8677636384963989,0.20932898223853738,0.015384078025817871,0.001639246940612793,1.9419894499136539,0.23040129800198828,0.1882566664750865,0.551733985543251,0.36194010376930236,0.12483012676239014,1.0,0.9809076968213646,0.7028946578502655,confused,engaged
0.48648279905319214,0.56843501329422,0.8410351276397705,0.22038677443766003,0.011939167976379395,5.0067901611328125e-05,1.9606879774933073,0.23876303858482195,0.20201051029049807,0.5344857275485992,0.35973584055900576,0.11932927370071411,0.0,0.9670889716090235,0.6719005107879639,confused,engaged
0.48277002573013306,0.571373701095581,0.8519306778907776,0.18008381220425007,0.013190209865570068,0.0001882314682006836,1.9650389438028948,0.21147955797843107,0.14868806643006907,0.55130735039711,0.3575746208429337,0.12309330701828003,1.0,0.9663836462937825,0.6843818426132202,confused,engaged
0.4954213500022888,0.5832189917564392,0.8718841671943665,0.228149733450762,0.008005201816558838,0.008567333221435547,1.914237396840907,0.23630136657209158,0.21999810032943246,0.5525755882263184,0.3620525568723678,0.12401914596557617,0.0,0.9838506205522818,0.7060010731220245,confused,engaged
0.4964374899864197,0.5691808462142944,0.8467214107513428,0.23087028672947296,0.006096839904785156,0.00028592348098754883,1.9238444452179564,0.23323317636870025,0.2285073970902457,0.5339467972517014,0.35891739726066585,0.11955016851425171,0.0,0.9805372226967095,0.6818200647830963,confused,engaged
0.49535828828811646,0.5767064094543457,0.8731918334960938,0.20589997012393335,0.0029787421226501465,0.038734614849090576,1.8634517583666408,0.2222544047910776,0.18954553545678912,0.5524881482124329,0.3543452888727188,0.12642839550971985,1.0,0.9846933884033444,0.701053261756897,confused,engaged
0.49162790179252625,0.574670135974884,0.8544142246246338,0.14431983294216005,0.010885119438171387,0.0013085603713989258,1.9548361329376696,0.1282676829429403,0.1603719829413798,0.5468558073043823,0.35862691998481755,0.12724310159683228,1.0,0.9820054198830915,0.6892616748809814,confused,engaged
0.4781268835067749,0.5648613572120667,0.8459742069244385,0.19591477797935358,0.012296915054321289,0.00019282102584838867,1.9556939317146629,0.21196431201011542,0.17986524394859177,0.5497726500034332,0.35404443740844727,0.12492042779922485,1.0,0.9584865138303613,0.6774682700634003,confused,engaged
0.48900073766708374,0.5841994285583496,0.8573331832885742,0.13270150732252237,0.007516264915466309,0.0012530088424682617,2.013877035985751,0.12614096086181523,0.1392620537832295,0.5500598102807999,0.3664911270141602,0.12588897347450256,1.0,0.9777402482254486,0.6946913599967957,confused,engaged
0.48881658911705017,0.5735284090042114,0.8595234751701355,0.23163719692371992,0.011239975690841675,0.00048595666885375977,1.922619851438376,0.23877461656116408,0.22449977728627574,0.5498617142438889,0.3549860566854477,0.1246582567691803,0.0,0.9839287301065109,0.694295197725296,confused,engaged
0.48527398705482483,0.5651137828826904,0.8432172536849976,0.20542841937076653,0.011137247085571289,0.0002549886703491211,1.9494727365787947,0.2241079666282097,0.18674887211332336,0.5421570837497711,0.3555374205112457,0.12430474162101746,1.0,0.9697869203723423,0.6750460267066956,confused,engaged
0.48824959993362427,0.5766416788101196,0.8578145503997803,0.20887326234681902,0.014752596616744995,0.0008134841918945312,1.964490009180422,0.21438759635039786,0.20335892834324018,0.5523632615804672,0.3631785333156585,0.12300848960876465,1.0,0.9689893219790849,0.6899675726890564,confused,engaged
0.499912291765213,0.573273777961731,0.858615517616272,0.19173997787636887,0.0038186609745025635,0.006915092468261719,1.9084044736186052,0.21518685692476874,0.16829309882796897,0.544549360871315,0.35728811621665957,0.12345230579376221,1.0,0.9964309067744934,0.6938860416412354,confused,engaged
0.49999019503593445,0.5740760564804077,0.8547412753105164,0.24642428249416676,0.011151671409606934,0.0022333860397338867,1.934424173846225,0.24582269013231717,0.24702587485601638,0.5429275184869766,0.35491271018981935,0.12085205316543579,0.0,0.9874536699878174,0.6924859285354614,confused,engaged
0.4964582026004791,0.5679283738136292,0.8579590320587158,0.18195158207524664,0.005300760269165039,0.001385033130645752,1.8820155060545425,0.20468805013272756,0.1592151140177657,0.5458440780639648,0.35186056792736053,0.12546110153198242,1.0,0.9960773707815809,0.6938696205615997,confused,engaged
0.493195503950119,0.5833230018615723,0.8756611943244934,0.1658676062784979,0.0045053958892822266,2.6464462280273438e-05,1.927708666666663,0.19964911696118684,0.13208609559580897,0.5635447949171066,0.362227663397789,0.12614846229553223,1.0,0.989140659740244,0.7019130289554596,confused,engaged
0.5120362639427185,0.5827749967575073,0.8667507171630859,0.23076019989775842,0.0024633407592773438,0.0032299160957336426,1.9342353537220358,0.2395548717209589,0.22196552807455794,0.5492778122425079,0.35771932303905485,0.12496516108512878,0.0,0.9787547037877199,0.7042619287967682,confused,engaged
0.4944504499435425,0.5769530534744263,0.8717467784881592,0.1874181263626687,0.007197976112365723,0.0012143850326538086,1.8731184759096953,0.19858701778645413,0.17624923493888323,0.552185446023941,0.35602222681045537,0.12383151054382324,1.0,0.9879293044064361,0.695984959602356,confused,engaged
0.49816250801086426,0.581119179725647,0.8625580072402954,0.10397502947813216,0.004896342754364014,0.00396418571472168,1.9333576491903686,0.08725374740341862,0.12069631155284569,0.5441238433122635,0.3608468174934387,0.12221059203147888,1.0,0.9961388146551158,0.6977021098136902,confused,engaged
0.5035398602485657,0.5798867344856262,0.8748583793640137,0.254335097516198,0.01565462350845337,0.0015614032745361328,1.910870152018319,0.25562744230095275,0.2530427527314432,0.5636544227600098,0.3580792069435119,0.12552982568740845,0.0,0.9913646268616215,0.708304226398468,confused,engaged
0.5076419711112976,0.5775644183158875,0.8706740736961365,0.2521389931575713,0.01358860731124878,0.00183027982711792,1.909211851384218,0.2538969341509047,0.25038105216423795,0.5596103370189667,0.3559262156486511,0.12410619854927063,0.0,0.9955972434176878,0.70245760679245,confused,engaged
0.5003595352172852,0.5823747515678406,0.867584228515625,0.19452220665034614,0.0066797733306884766,0.0018147826194763184,1.947206675016268,0.20304190739737,0.1860025059033223,0.5553637444972992,0.3591973453760147,0.12717881798744202,1.0,0.9935329308987366,0.7041471600532532,confused,engaged
0.503624439239502,0.5720919966697693,0.85270094871521,0.15243520724835208,0.007412552833557129,0.0005949139595031738,1.9399565985247826,0.16625168774580384,0.1386187267509003,0.5443711280822754,0.3531799137592315,0.12628251314163208,1.0,0.9936204216772222,0.6927406489849091,confused,engaged
0.49781227111816406,0.5814388990402222,0.8683081269264221,0.21294607803584187,0.007867038249969482,0.00116729736328125,1.8679725952577306,0.2231872205552174,0.20270493551646632,0.5358657240867615,0.3645046353340149,0.12141823768615723,1.0,0.9882095269877388,0.6977050006389618,confused,engaged
0.4988298714160919,0.579848051071167,0.8617829084396362,0.19270820417111234,0.008199870586395264,0.0009755492210388184,1.9186511587695692,0.21337609966290935,0.1720403086793153,0.5409365594387054,0.36142969429492955,0.12226441502571106,1.0,0.9952330889284386,0.6963772475719452,confused,engaged
0.499855637550354,0.5773761868476868,0.8621453642845154,0.16307528219908943,0.0005929470062255859,0.00034940242767333984,1.9903471273681346,0.17256919197604814,0.1535813724221307,0.5667915046215057,0.35263138711452485,0.12784212827682495,1.0,0.9903339663357148,0.6935188472270966,confused,engaged
0.5037166476249695,0.5808850526809692,0.8637703657150269,0.2309537440772274,0.0048767924308776855,0.0011249184608459473,1.9079688298498916,0.23265735560254086,0.22925013255191393,0.539738267660141,0.3613442987203598,0.12475231289863586,0.0,0.9934062258446359,0.7015049159526825,confused,engaged
0.5076735019683838,0.5847728252410889,0.8865386843681335,0.2178726306520552,0.004870951175689697,0.02839195728302002,1.9058567744608124,0.23042500348771802,0.2053202578163924,0.5751244127750397,0.3548242628574371,0.12964123487472534,1.0,0.9889444280476213,0.713188648223877,confused,engaged
0.5041391849517822,0.572959840297699,0.8540282249450684,0.1617389403263841,0.008814811706542969,0.0008436441421508789,1.944735629232737,0.15726513413389945,0.16621274651886878,0.54660564661026,0.35527839362621305,0.1273670494556427,1.0,0.9846093540609298,0.6948293447494507,confused,engaged
0.4962979555130005,0.5824645161628723,0.8735636472702026,0.22396819589773764,0.009793758392333984,0.0012079477310180664,1.860529789919074,0.22770455986383867,0.22023183193163662,0.5416004657745361,0.365365132689476,0.11960592865943909,0.0,0.9934652972321414,0.7005606293678284,confused,engaged
0.5068332552909851,0.5898147821426392,0.8756593465805054,0.21919044733575194,0.005278408527374268,0.0012835264205932617,1.9417312435526324,0.23734771522987827,0.2010331794416256,0.555035263299942,0.3618792653083801,0.1278887689113617,1.0,0.9969996391557556,0.712548553943634,confused,engaged
0.4987095892429352,0.5806347727775574,0.8652342557907104,0.10338823489519378,0.014702260494232178,0.000970304012298584,1.9386468914534523,0.08304864044217572,0.12372782934821183,0.5517398416996002,0.3514077097177506,0.1287819743156433,1.0,0.991022829740551,0.7012637853622437,confused,engaged
0.507293164730072,0.5896667838096619,0.8779871463775635,0.20298086033492757,0.00531691312789917,0.004888772964477539,1.954486645338004,0.22990893816913274,0.17605278250072243,0.5635202527046204,0.3562199503183365,0.1279325783252716,1.0,0.9974340295543627,0.7108414173126221,confused,engaged
0.5113558769226074,0.5786871910095215,0.8736716508865356,0.2137611148006892,0.0021355152130126953,0.024816811084747314,1.91031255094924,0.2310361710734519,0.19648605852792653,0.5635144263505936,0.353633776307106,0.1284012794494629,1.0,0.9761979703928824,0.7034448385238647,confused,engaged
0.5010069012641907,0.5774883031845093,0.8560574054718018,0.1956158196165891,0.005480825901031494,0.004400849342346191,1.9410958914910288,0.21885173790209236,0.17237990133108586,0.540731281042099,0.35580870807170867,0.12050580978393555,1.0,0.9866769746339175,0.6925074756145477,confused,engaged
0.49973440170288086,0.5790213346481323,0.8649049997329712,0.21213103984860582,0.00784119963645935,0.0014437437057495117,1.8746233682403206,0.22445329175286502,0.1998087879443466,0.5359260737895966,0.3633438289165497,0.12205475568771362,1.0,0.9983432714390466,0.6940581202507019,confused,engaged
0.5088939070701599,0.5814172029495239,0.8705741763114929,0.23501147918821796,0.005198121070861816,0.00951683521270752,1.9253109763365854,0.2523275239323077,0.21769543444412826,0.5567190200090408,0.3551320105791092,0.1257200837135315,0.0,0.985350586838789,0.7040638327598572,confused,engaged
0.5117607712745667,0.5846700072288513,0.8735442161560059,0.2394603124668815,0.005803525447845459,0.004595398902893066,1.9176718742278713,0.25875155021004004,0.22016907472372294,0.5539678633213043,0.35738330483436587,0.12823134660720825,0.0,0.9830710873448635,0.7085668444633484,confused,engaged
0.5029453039169312,0.5756549835205078,0.8674558401107788,0.15668447874084912,0.003900080919265747,0.0007897615432739258,1.9603140778459887,0.1864727322175658,0.12689622526413244,0.5720232874155045,0.351813992857933,0.1299585998058319,1.0,0.9944642061848303,0.7013821005821228,confused,engaged
0.5039495229721069,0.582542896270752,0.8696189522743225,0.23498645429475354,0.002157866954803467,0.01590442657470703,1.9115568386095125,0.24794385237455527,0.2220290562149518,0.5487641096115112,0.35809339582920074,0.12686747312545776,0.0,0.9844635742335959,0.7037273347377777,confused,engaged
0.49674609303474426,0.5729442834854126,0.8540292978286743,0.15153905034908652,0.001508086919784546,4.172325134277344e-06,1.9535832389656669,0.1524297543843986,0.15064834631377444,0.5491249263286591,0.3585063844919205,0.1259552538394928,1.0,0.978738314186873,0.689948320388794,confused,engaged
0.5043258666992188,0.5803443789482117,0.860802412033081,0.20552698538065717,0.004527747631072998,0.00524526834487915,1.949480595443433,0.23105469410759572,0.17999927665371865,0.5467494428157806,0.3548126667737961,0.12533652782440186,1.0,0.9951745350555379,0.6977358162403107,confused,engaged
0.4936811327934265,0.5846240520477295,0.8702576160430908,0.11788505154880558,0.0050994157791137695,0.0023077726364135742,1.924044302977448,0.10226217255683855,0.13350793054077262,0.5495735555887222,0.3593169540166855,0.1257649064064026,1.0,0.9847725776237783,0.7040939331054688,confused,engaged
0.504766047000885,0.5765639543533325,0.8609505891799927,0.21757390764931456,0.007092833518981934,0.0013028383255004883,1.8765367187186954,0.22668250488241973,0.20846531041620942,0.5336638391017914,0.362283107638359,0.12051662802696228,1.0,0.9959351522075769,0.6919684708118439,confused,engaged
0.5086770057678223,0.5768213272094727,0.8700563907623291,0.16032862030238842,0.00541260838508606,0.03396183252334595,1.8784642042105888,0.20466417378943158,0.11599306681534528,0.550833448767662,0.35410099029541015,0.12703368067741394,1.0,0.9950098975217857,0.6975513994693756,confused,engaged
0.5080775618553162,0.5867874026298523,0.868733823299408,0.2406594710171217,0.0017559826374053955,0.004102587699890137,1.9669985956928706,0.25192915489463164,0.2293897871396118,0.554590180516243,0.35451518297195433,0.12565138936042786,0.0,0.9933380996865719,0.7041811645030975,confused,engaged
0.5150562524795532,0.5849667191505432,0.8724788427352905,0.2126057603662631,0.0062920451164245605,0.0020088553428649902,1.955980547127223,0.2324161220240429,0.1927953987084833,0.5623700767755508,0.351976552605629,0.12780189514160156,1.0,0.9864686973530072,0.7078320384025574,confused,engaged
0.5065134167671204,0.5842514038085938,0.879218578338623,0.1950898401340898,0.004327267408370972,0.025148749351501465,1.9298438149345591,0.2212949173318194,0.1688847629363602,0.5692425072193146,0.3526013880968094,0.13215991854667664,1.0,0.9808188390020948,0.7054435014724731,confused,engaged
0.5015823245048523,0.5781644582748413,0.8696105480194092,0.2555103336448132,0.01392015814781189,0.0018362998962402344,1.9154879595662102,0.2581425961896438,0.25287807109998256,0.5582633912563324,0.35746858716011043,0.12282383441925049,0.0,0.9895166593928789,0.7025004029273987,confused,engaged
0.502204418182373,0.5758814811706543,0.8576686978340149,0.180471983881343,0.011110305786132812,0.0008761286735534668,1.9286779229977742,0.18622866921100492,0.17471529855168108,0.543478712439537,0.35979933440685274,0.12348371744155884,1.0,0.9991054993917132,0.6968218386173248,confused,engaged
0.49988916516304016,0.5833349823951721,0.8796525001525879,0.21928327351596022,0.004685580730438232,0.001402437686920166,1.856441528258734,0.2360552440850334,0.20251130294688702,0.5500980019569397,0.3656764626502991,0.1244855523109436,1.0,0.9987887265354533,0.7042267322540283,confused,engaged
0.5050666332244873,0.5768882036209106,0.8699166774749756,0.18365941298364796,0.006100505590438843,0.037128448486328125,1.9041156271123187,0.2159634985374755,0.15135532742982039,0.5579620003700256,0.3474537312984467,0.13041412830352783,1.0,0.9811578612737345,0.6977736353874207,confused,engaged
0.5011630058288574,0.5769567489624023,0.8785380721092224,0.20425124715659687,0.003384888172149658,0.03823655843734741,1.8266516764094018,0.2330113659123505,0.17549112840084327,0.5508858561515808,0.3601812690496445,0.12942665815353394,1.0,0.997286241482729,0.702846497297287,confused,engaged
0.4993394911289215,0.5704051852226257,0.8663943409919739,0.2087474537148008,0.007760524749755859,0.0017709732055664062,1.8828563533654425,0.22091124464898615,0.19658366278061548,0.5573069453239441,0.35630364418029786,0.12608769536018372,1.0,0.9855401171903383,0.7007341980934143,confused,engaged
0.49883848428726196,0.5734703540802002,0.8691602349281311,0.18936359140243242,0.0035086870193481445,0.0010079145431518555,1.9023656987215227,0.2106351344601732,0.16809204834469163,0.5625121891498566,0.36022566854953764,0.12527772784233093,1.0,0.9974561069176546,0.6928723454475403,confused,engaged
0.5010632276535034,0.5822901725769043,0.8657598495483398,0.1793274512183741,0.012351125478744507,0.001994609832763672,1.9623738973179148,0.16247556450617184,0.19617933793057635,0.5562754571437836,0.36395601332187655,0.12977895140647888,1.0,0.9906744999164426,0.707976371049881,confused,engaged
0.5011861324310303,0.5772794485092163,0.8635022640228271,0.16589694398359672,7.447600364685059e-05,0.0003687143325805664,1.9510265190802267,0.19018181472736415,0.14161207323982927,0.5584302544593811,0.35508446395397186,0.12705925107002258,1.0,0.99353442141578,0.6963119506835938,confused,engaged
0.5028585195541382,0.5806676149368286,0.878092885017395,0.18705169849539924,0.007488727569580078,0.0013457536697387695,1.876725915629908,0.19815405716552725,0.17594933982527122,0.5581875890493393,0.35755574405193324,0.1262076497077942,1.0,0.9994460269296426,0.7086478769779205,confused,engaged
0.5070168375968933,0.585995078086853,0.8720780611038208,0.21850548984946397,0.0041220784187316895,0.002716064453125,1.9616743064670281,0.22824318286110026,0.20876779683782767,0.5612035989761353,0.35437943041324615,0.1297358274459839,1.0,0.9981556910645191,0.7060266137123108,confused,engaged
0.5113360285758972,0.5833913087844849,0.869409441947937,0.22113707526110532,0.0005950629711151123,0.0026947855949401855,1.900523156918761,0.2430112532461384,0.19926289727607222,0.5435859858989716,0.35800648629665377,0.12468200922012329,0.0,0.9910836783824415,0.7037418186664581,confused,engaged
0.501204788684845,0.5767068862915039,0.8675372004508972,0.18812410653621595,0.006381899118423462,0.028660476207733154,1.927364700837822,0.2044149056782796,0.17183330739415228,0.5605380088090897,0.3505048274993896,0.12940773367881775,1.0,0.984343877261267,0.6965957880020142,confused,engaged
0.4979403018951416,0.5765161514282227,0.8621077537536621,0.21672694243096274,0.006367325782775879,0.0010356307029724121,1.9086986891079358,0.22764901821865413,0.20580486664327138,0.5451102256774902,0.36128491163253784,0.1196790337562561,1.0,0.9941180579203489,0.693238765001297,confused,engaged
0.49501118063926697,0.5699900388717651,0.8614786863327026,0.23877688249459472,0.009884685277938843,0.0030155181884765625,1.9171481237387094,0.24357919947888362,0.23397456551030585,0.5588288307189941,0.35427591800689695,0.1238815188407898,0.0,0.9721047980760925,0.695896565914154,confused,engaged
0.5047738552093506,0.575752854347229,0.8592639565467834,0.19366465987048073,0.0046007633209228516,0.0011533498764038086,1.879502832040061,0.21422402748807645,0.173105292252885,0.5328617990016937,0.3638005942106247,0.12192937731742859,1.0,0.9978924668498564,0.6956934332847595,confused,engaged
0.5025461316108704,0.5666365027427673,0.8444197177886963,0.15841336395719696,0.012537717819213867,0.00017845630645751953,1.9383917186987385,0.15771607689423423,0.15911065102015973,0.5384546220302582,0.34919812977313996,0.12166601419448853,1.0,0.9989557257930938,0.6835612058639526,confused,engaged
0.4977562129497528,0.5714685916900635,0.8536444902420044,0.20746510745321523,0.0077217817306518555,0.0019106268882751465,1.91599586807015,0.21574691112829994,0.1991833037781305,0.5406497716903687,0.35677139461040497,0.1203102171421051,1.0,0.9767200454228957,0.6914018392562866,confused,engaged
0.49558502435684204,0.5775091648101807,0.8585236668586731,0.2695886190805471,0.012010753154754639,0.0008174777030944824,1.939734320525852,0.2675619687134564,0.27161526944763786,0.5450954139232635,0.3611340641975403,0.12360909581184387,0.0,0.9785049814065043,0.6988869309425354,confused,engaged
0.4952374994754791,0.5654054880142212,0.849330484867096,0.251370642402903,0.010003060102462769,0.001356363296508789,1.910620206381461,0.2501862424693469,0.25255504233645915,0.5424747467041016,0.3542439877986908,0.11990877985954285,0.0,0.9777319726941437,0.6887445449829102,confused,engaged
0.49421417713165283,0.5733163356781006,0.8607475757598877,0.26597586106907223,0.010822653770446777,0.0012167692184448242,1.9200305284522348,0.2646936412259937,0.2672580809121508,0.5518786758184433,0.35709931552410124,0.12358063459396362,0.0,0.9735792196363084,0.699656754732132,confused,engaged
0.47017034888267517,0.5563435554504395,0.8524224758148193,0.28617552627432574,0.004533261060714722,0.0010865330696105957,1.869471559548865,0.29380542895163014,0.2785456235970214,0.5535129904747009,0.35221999883651733,0.1200714111328125,0.0,0.8809341435921978,0.6900664269924164,confused,engaged
0.47366809844970703,0.5525029897689819,0.8475399017333984,0.2991505386552946,0.004415780305862427,0.0016701221466064453,1.869971992771561,0.30406646480265875,0.2942346125079305,0.5517126321792603,0.3508983254432678,0.11776325106620789,0.0,0.8837245503910063,0.6856122612953186,confused,engaged
0.47108030319213867,0.5532498359680176,0.8482622504234314,0.28187357083842146,0.0036731958389282227,0.0011516809463500977,1.8125861508173735,0.28089839596475275,0.2828487457120901,0.534737229347229,0.3518026411533356,0.11585193872451782,0.0,0.8887009931432656,0.6837233006954193,confused,engaged
0.485120952129364,0.5713556408882141,0.8625954985618591,0.2570994419718065,0.00975877046585083,0.0013941526412963867,1.922455186297165,0.26317708702382014,0.25102179691979287,0.5598974972963333,0.3550450026988983,0.12300693988800049,0.0,0.9554879776088029,0.6987468600273132,confused,engaged
0.48594990372657776,0.5652759075164795,0.8479090332984924,0.2455092401233019,0.014330297708511353,1.4781951904296875e-05,1.9354208497382646,0.2425338497384066,0.2484846305081972,0.547015979886055,0.34969514012336733,0.1204213798046112,0.0,0.9685865078292084,0.6910779178142548,confused,engaged
0.47212710976600647,0.5584151148796082,0.8557592630386353,0.2822227387218238,0.006417572498321533,0.0020381808280944824,1.8873723336287438,0.2858423943034775,0.27860308314017007,0.5612010061740875,0.35686286687850954,0.1194036602973938,0.0,0.8877212404227952,0.6943099200725555,confused,engaged
0.494997501373291,0.5713143944740295,0.858221709728241,0.23142386594911657,0.012452006340026855,0.0038448572158813477,1.9062614689250588,0.2336449643717427,0.22920276752649044,0.5469222664833069,0.3576846241950989,0.12117931246757507,0.0,0.9796540370066256,0.6951054334640503,confused,engaged
0.4937548339366913,0.5788885354995728,0.8591362237930298,0.27150826235886805,0.010976076126098633,0.0008341670036315918,1.9682232264348185,0.26991216929205736,0.2731043554256788,0.5515919774770737,0.36391893327236174,0.12145999073982239,0.0,0.9708428838180935,0.7018930017948151,confused,engaged
0.48389437794685364,0.566529393196106,0.8584138751029968,0.2683137034604889,0.008557319641113281,0.001178741455078125,1.8800137918069035,0.2763762093022708,0.2602511976187069,0.5487487316131592,0.36030444502830505,0.11908513307571411,0.0,0.9479958859920184,0.6941525340080261,confused,engaged
0.47806334495544434,0.5568511486053467,0.8505446910858154,0.28439977494229435,0.006031662225723267,0.001419663429260254,1.8675346773865378,0.28271652809886605,0.28608302178572265,0.548484742641449,0.3531061768531799,0.1176496148109436,0.0,0.8909521250564958,0.6864733099937439,confused,engaged
0.49413013458251953,0.5768359899520874,0.8646843433380127,0.26174205222484476,0.010038554668426514,0.005093395709991455,1.9288711536121057,0.261232649107893,0.2622514553417965,0.5552243143320084,0.36024125218391423,0.12534892559051514,0.0,0.9742521311500858,0.701958954334259,confused,engaged
0.4923706650733948,0.5750119090080261,0.861760675907135,0.2741629324951317,0.011944413185119629,0.00028514862060546875,1.9464637495686286,0.2778807161955287,0.2704451487947347,0.5581480264663696,0.3570637941360474,0.12316182255744934,0.0,0.9678343664894786,0.7010060250759125,confused,engaged
0.4681204855442047,0.5600631237030029,0.8578268885612488,0.30240485243124304,0.006349772214889526,0.0019322037696838379,1.873859894793966,0.2981388070685871,0.30667089779389906,0.5579694509506226,0.3529629290103912,0.1186768114566803,0.0,0.8844236245421584,0.6936545968055725,confused,engaged
0.469912588596344,0.5607627630233765,0.8630717396736145,0.28867017689606456,0.00767749547958374,0.002577841281890869,1.8749251107476688,0.28418134302729503,0.293159010764834,0.5668085664510727,0.35000976622104646,0.12131363153457642,0.0,0.8883832347874685,0.6953782439231873,confused,engaged
0.48023170232772827,0.5593584775924683,0.8563196063041687,0.28753320500135093,0.003823578357696533,0.0009540915489196777,1.8712552003926217,0.2934233295237805,0.28164308047892145,0.5556919276714325,0.35592274069786073,0.11822235584259033,0.0,0.9127831202231383,0.6921171545982361,confused,engaged
0.4937504529953003,0.5743513107299805,0.8570719957351685,0.24309485755240784,0.011304736137390137,0.0011560320854187012,1.9276594775078126,0.242641185263961,0.24354852984085468,0.544991135597229,0.35992712080478667,0.12107902765274048,0.0,0.976503400605016,0.6972943544387817,confused,engaged
0.4942585527896881,0.5766264200210571,0.8668941855430603,0.279933080322054,0.012148916721343994,0.0013467669486999512,1.9250440622560818,0.28425959329488665,0.2756065673492214,0.558780163526535,0.3580065488815308,0.12459269165992737,0.0,0.9756886613313119,0.7034761607646942,confused,engaged
0.4739892780780792,0.5491788387298584,0.8476724624633789,0.2965318771305049,0.004769176244735718,0.0019593238830566406,1.8728621900365463,0.3062615293365565,0.2868022249244533,0.559039294719696,0.3491208106279373,0.12004441022872925,0.0,0.8931184496860587,0.6865105032920837,confused,engaged
0.4739871025085449,0.5538046360015869,0.8453686237335205,0.26826934992847634,0.0036982595920562744,0.0002598762512207031,1.8657134671050826,0.27532311495680273,0.26121558490014996,0.5439767241477966,0.35346744358539584,0.11558151245117188,0.0,0.9160256145328043,0.6814512014389038,confused,engaged
0.4949522614479065,0.5747079253196716,0.858406662940979,0.2678145653652412,0.011901408433914185,0.00033152103424072266,1.9231451695710509,0.268875705011213,0.26675342571926935,0.5455957800149918,0.3585829228162766,0.12007251381874084,0.0,0.9753162692550623,0.6977893710136414,confused,engaged
0.4690382480621338,0.5624486207962036,0.859169602394104,0.2949987479798578,0.00469285249710083,0.0014823675155639648,1.916770890467135,0.29491801590521793,0.2950794800544977,0.5687480568885803,0.3531954467296601,0.12350177764892578,0.0,0.8855082216809159,0.6940035223960876,confused,engaged
0.47007280588150024,0.5570653080940247,0.8588451743125916,0.28379544398834183,0.004374384880065918,0.0012609362602233887,1.8934927911613428,0.28604032775618676,0.2815505602204969,0.571419894695282,0.3488731890916824,0.12076717615127563,0.0,0.8856942273161725,0.6939848959445953,confused,engaged
0.49050408601760864,0.5764230489730835,0.8563928604125977,0.2636489537947778,0.01147487759590149,0.00023818016052246094,1.936083522330638,0.2653452386995077,0.26195266889004787,0.5420468747615814,0.36029073894023894,0.11850076913833618,0.0,0.9598815622957014,0.6958712935447693,confused,engaged
0.47080719470977783,0.5551620125770569,0.8542855381965637,0.3024209189873739,0.00617372989654541,0.0012036561965942383,1.8612882782296798,0.3079574782815714,0.29688435969317634,0.5567569732666016,0.3516231268644333,0.11899977922439575,0.0,0.8897138766968631,0.691401481628418,confused,engaged
0.4928473234176636,0.5711890459060669,0.854063868522644,0.241714330117684,0.01221311092376709,0.0014511346817016602,1.9173702281203737,0.23992000948339176,0.24350865075197625,0.5423776805400848,0.3577809691429138,0.12137153744697571,0.0,0.9708758488911914,0.6935374140739441,confused,engaged
0.4830140471458435,0.5612283945083618,0.8519587516784668,0.26673234127287093,0.0038957297801971436,0.000962376594543457,1.8963894025653714,0.27304630858851403,0.26041837395722783,0.551339864730835,0.35529099106788636,0.11849749088287354,0.0,0.9348796439221366,0.6888809204101562,confused,engaged
0.4953516721725464,0.5745129585266113,0.8542454838752747,0.27238011005629836,0.010873973369598389,0.000988602638244629,1.92359245465106,0.2720513181190719,0.2727089019935249,0.5380932986736298,0.36207169890403745,0.1194525957107544,0.0,0.9791062238712758,0.6953206658363342,confused,engaged
0.4659123122692108,0.5546878576278687,0.85146164894104,0.30892877940992186,0.005769222974777222,0.0007764101028442383,1.8481112202475392,0.31838532101048206,0.29947223780936166,0.5484728217124939,0.35061807930469513,0.11671394109725952,0.0,0.8947812069988142,0.6891739964485168,confused,engaged
0.49088186025619507,0.5714005827903748,0.8627586960792542,0.27014090686044856,0.008784294128417969,0.0014524459838867188,1.9240665375770076,0.2769622956840326,0.2633195180368646,0.5605943202972412,0.35694769322872166,0.12163132429122925,0.0,0.9463310237362015,0.6989271640777588,confused,engaged
0.49344170093536377,0.5742344260215759,0.8586950898170471,0.2557565103818341,0.012413084506988525,2.3245811462402344e-06,1.928946077190205,0.25878640027682415,0.2527266204868441,0.5487112104892731,0.356769984960556,0.1214786171913147,0.0,0.971704473317056,0.6978751718997955,confused,engaged
0.49255096912384033,0.5705043077468872,0.8572357296943665,0.26534067125071037,0.010524004697799683,0.0018745660781860352,1.9350979844203289,0.264379818383812,0.26630152411760877,0.5548553317785263,0.3549898207187653,0.12279254198074341,0.0,0.9754208305430274,0.6965811848640442,confused,engaged
0.4947747588157654,0.5782207250595093,0.8668760657310486,0.22615063733066731,0.010492324829101562,0.0017826557159423828,1.9468977841018567,0.2310146626559455,0.22128661200538913,0.5619843900203705,0.3569144427776336,0.12616151571273804,0.0,0.9757486312023448,0.7019125819206238,confused,engaged
0.49279168248176575,0.5781328678131104,0.8667738437652588,0.2694843292122366,0.010439008474349976,0.002643108367919922,1.9403714882377914,0.273904664048187,0.2650639943762862,0.560072660446167,0.35647990703582766,0.12418040633201599,0.0,0.9721127922504548,0.7042363882064819,confused,engaged
0.497951865196228,0.5716928839683533,0.8576939105987549,0.23355344165360828,0.010979831218719482,0.0006853342056274414,1.8949785992030777,0.24511271742509863,0.22199416588211793,0.5419677197933197,0.35938781797885894,0.12131738662719727,0.0,0.9835751956622489,0.6949723958969116,confused,engaged
0.49139225482940674,0.579075038433075,0.8640388250350952,0.2554354793587117,0.010151565074920654,0.0008144378662109375,1.9397753865892897,0.25179794187804894,0.25907301683937445,0.5527676790952682,0.3612590432167053,0.12411713600158691,0.0,0.9773632255074116,0.7025635242462158,confused,engaged
0.4929378032684326,0.5711727142333984,0.8521779179573059,0.24218735208412895,0.012848436832427979,0.00048232078552246094,1.9396610038823694,0.23558613389477237,0.24878857027348555,0.5450567752122879,0.35677275955677035,0.11908629536628723,0.0,0.9741255367900143,0.6945041716098785,confused,engaged
0.47240588068962097,0.5537236928939819,0.851677417755127,0.2937015057848339,0.00718417763710022,0.003780364990234375,1.895777734193107,0.2875210728530788,0.29988193871658897,0.5648559331893921,0.3433989197015762,0.12163612246513367,0.0,0.8867027059826853,0.683505654335022,confused,engaged
0.49241507053375244,0.5811703205108643,0.8662124276161194,0.2640785262139041,0.010006248950958252,0.0005956292152404785,1.9461128874108553,0.265959927883797,0.2621971245440112,0.5547260642051697,0.36176607608795164,0.12350630760192871,0.0,0.9746666831087524,0.7057618200778961,confused,engaged
0.48851409554481506,0.5789471864700317,0.8620182275772095,0.2676784238645823,0.011735975742340088,0.0009774565696716309,1.921493275986634,0.26904948273857787,0.2663073649905867,0.543921023607254,0.3622743487358093,0.12180745601654053,0.0,0.9701131629636293,0.7030842900276184,confused,engaged
0.4955056309700012,0.5731848478317261,0.8537482619285583,0.24403765923955373,0.010668128728866577,0.0007886290550231934,1.922687356380265,0.24009678895157058,0.2479785295275369,0.5394376516342163,0.3596671491861343,0.11994341015815735,0.0,0.9834501230639356,0.6931014955043793,confused,engaged
0.4962688684463501,0.5710999369621277,0.857539176940918,0.2533195831124664,0.013563811779022217,0.0010372400283813477,1.9251466869118938,0.25052859503010166,0.25611057119483105,0.5514394789934158,0.35399818420410156,0.12141239643096924,0.0,0.975642213513688,0.694198876619339,confused,engaged
0.4942891597747803,0.5749109983444214,0.8563638925552368,0.2218207279661492,0.012912005186080933,0.002590000629425049,1.9105348027708917,0.2322555091891988,0.2113859467430996,0.5377274602651596,0.36138307452201845,0.1186438500881195,0.0,0.971793639152899,0.6950183510780334,confused,engaged
0.4799238443374634,0.5541211366653442,0.8482313752174377,0.3055538921569613,0.006754428148269653,0.001481771469116211,1.8723322656773214,0.31400241688021524,0.2971053674337074,0.5506739616394043,0.34977146089076994,0.1156306266784668,0.0,0.899307731818147,0.6847919225692749,confused,engaged
0.49700450897216797,0.5771036744117737,0.858704149723053,0.2729591269682917,0.011468172073364258,0.001299738883972168,1.9412940600537447,0.26905182496284136,0.27686642897374203,0.5466712713241577,0.3623822748661041,0.12267500162124634,0.0,0.9782917748031464,0.6983473300933838,confused,engaged
0.4728684425354004,0.5586662292480469,0.8556571006774902,0.2863515135326541,0.0026488900184631348,0.0017832517623901367,1.8589584945956397,0.2900257546089898,0.2826772724563184,0.5520955622196198,0.35466807782649995,0.11853146553039551,0.0,0.8792285618132725,0.6918795704841614,confused,engaged
0.4755248725414276,0.5542464256286621,0.8477668762207031,0.2643935085700633,0.004419475793838501,0.0013791322708129883,1.87458564959696,0.2771764512579443,0.2516105658821823,0.5502310991287231,0.35005844533443453,0.11631891131401062,0.0,0.9239606852270523,0.6837016940116882,confused,engaged
0.4923035800457001,0.5797845721244812,0.8641320466995239,0.2745817952312729,0.012982040643692017,0.0006027817726135254,1.957833589942598,0.2747471949897445,0.27441639547280133,0.5567069947719574,0.35976348221302035,0.12474563717842102,0.0,0.9749872063235421,0.7058523595333099,confused,engaged
0.49600064754486084,0.5661362409591675,0.8512213230133057,0.22805105262907505,0.010734021663665771,0.0011239051818847656,1.8867819093996199,0.22498918673367646,0.23111291852447366,0.5378952622413635,0.354611536860466,0.11997002363204956,0.0,0.9790920767206569,0.687930703163147,confused,engaged
0.5073834657669067,0.5854272842407227,0.8605183959007263,0.252638386064296,0.003649771213531494,0.00035184621810913086,2.0642549769207896,0.2527246927579505,0.25255207937064156,0.5678602606058121,0.3534182220697403,0.12928733229637146,0.0,0.9738102557540964,0.6912549734115601,confused,engaged
0.5051494836807251,0.5911280512809753,0.8661264777183533,0.2860549749675975,0.0047321319580078125,0.005692899227142334,2.022706587546216,0.2806407401903315,0.29146920974486357,0.5562431514263153,0.35562457144260406,0.13166600465774536,0.0,0.9618790133039771,0.702302873134613,confused,engaged
0.5088486075401306,0.5898611545562744,0.8784509897232056,0.2529226040827532,0.0036846399307250977,0.0006780624389648438,2.0420023055554575,0.24565925420811313,0.26018595395739325,0.5893031507730484,0.353985407948494,0.13103541731834412,0.0,0.9663250668503407,0.7067123055458069,confused,engaged
0.5038090348243713,0.5914413332939148,0.86784827709198,0.28864257500178336,0.007702350616455078,0.0014916062355041504,2.0294956764456225,0.27881849820974774,0.298466651793819,0.5609687268733978,0.3528780072927475,0.12946227192878723,0.0,0.969916757070816,0.706575334072113,confused,engaged
0.5083982348442078,0.598543107509613,0.8764277696609497,0.2801223103323255,0.0037301480770111084,0.001262068748474121,2.0035317296565474,0.2709660905517981,0.2892785301128528,0.5567527413368225,0.3610009133815765,0.13166317343711853,0.0,0.9712740730590453,0.7108904421329498,confused,engaged
0.5122206211090088,0.5910239219665527,0.8719217777252197,0.2768893486752484,0.007205307483673096,0.0007009506225585938,2.063327741283907,0.27721956362325506,0.2765591337272418,0.5795864015817642,0.352990859746933,0.1312064528465271,0.0,0.972019132289454,0.6986281275749207,confused,engaged
0.5021876692771912,0.5978527069091797,0.8915688991546631,0.2540461939280246,0.003611624240875244,0.00027680397033691406,2.0295042860557215,0.25492796623745556,0.2531644216185936,0.5961003005504608,0.35312482416629787,0.13780665397644043,0.0,0.9832332680041442,0.7100830376148224,confused,engaged
0.5001588463783264,0.5884290337562561,0.8629423975944519,0.2713488276560582,0.0139504075050354,0.0010550618171691895,2.0107348852512312,0.27327595306780517,0.2694217022443113,0.5519756078720093,0.3545914471149445,0.1258845329284668,0.0,0.9844472797301936,0.7059104740619659,confused,engaged
0.5029841661453247,0.5875551700592041,0.8612339496612549,0.29177004465704304,0.010508298873901367,0.0011398792266845703,2.032552365429399,0.2863062930657475,0.2972337962483385,0.5562684834003448,0.35550102293491365,0.1285727620124817,0.0,0.9784632254055025,0.6999136209487915,confused,engaged
0.4769769012928009,0.5629469752311707,0.853364884853363,0.276458735315565,0.006219029426574707,0.0016599297523498535,1.874645359594541,0.26999013781423636,0.2829273328168936,0.5444324612617493,0.35717636644840245,0.118621826171875,0.0,0.9010872228115214,0.6918883323669434,confused,engaged
0.4966846704483032,0.5755627751350403,0.8593651652336121,0.26779527980107465,0.01139676570892334,0.00027507543563842773,1.9223654985806318,0.27793018534418285,0.2576603742579664,0.5455738455057144,0.35597862005233766,0.12120473384857178,0.0,0.969210326132846,0.6982808411121368,confused,engaged
0.48606276512145996,0.5632440447807312,0.8506641983985901,0.2759100585153035,0.008241236209869385,0.0015111565589904785,1.912194333746561,0.27562741209313196,0.27619270493747505,0.5496051013469696,0.35042203962802887,0.12118840217590332,0.0,0.9357951175702289,0.6902410686016083,confused,engaged
0.47704946994781494,0.5522094964981079,0.8416538834571838,0.28039252607868065,0.005333662033081055,0.001073598861694336,1.8865880664233508,0.2760059879713837,0.2847790641859776,0.5460642129182816,0.3439420908689499,0.12045210599899292,0.0,0.9218622532107454,0.6813988089561462,confused,engaged
0.4991835653781891,0.5764552354812622,0.8667289614677429,0.2507293855489299,0.013024449348449707,0.0005788207054138184,1.9132612114417995,0.2562635211216012,0.24519524997625847,0.5553713738918304,0.35516183972358706,0.1260737180709839,0.0,0.9906965604003114,0.7025119960308075,confused,engaged
0.504629909992218,0.5978240370750427,0.8729977011680603,0.28871472917461616,0.006264090538024902,0.004902839660644531,2.0205363504051457,0.2908051773145993,0.28662428103463294,0.5560004115104675,0.36079067289829253,0.1317598521709442,0.0,0.9669829163067515,0.7084001898765564,confused,engaged
0.5069203972816467,0.5975177884101868,0.8876701593399048,0.2584143224374888,0.0011314749717712402,0.0011159777641296387,2.036168638734493,0.2513458629101193,0.2654827819648583,0.5908011943101883,0.3573715716600418,0.13728278875350952,0.0,0.9664371381072676,0.7097519636154175,confused,engaged
0.5073690414428711,0.5910341739654541,0.8816937804222107,0.2694015083867677,0.005706727504730225,0.0006325840950012207,2.0502598509179766,0.26852616394572304,0.27027685282781233,0.5959297716617584,0.35101991295814516,0.13346347212791443,0.0,0.9717876997746163,0.7069900929927826,confused,engaged
0.4745469093322754,0.5539138317108154,0.8533727526664734,0.28325579475635426,0.006237715482711792,0.005385398864746094,1.8827902287563194,0.28163947223534236,0.28487211727736617,0.5638202130794525,0.34452647566795347,0.12099933624267578,0.0,0.8881192450871503,0.6880341172218323,confused,engaged
0.47248074412345886,0.5527057647705078,0.850695013999939,0.28382382454825333,0.006020009517669678,0.00411224365234375,1.8697592786867132,0.28164306292365543,0.28600458617285124,0.557170033454895,0.34404694736003877,0.12251147627830505,0.0,0.8916121653981042,0.6870495676994324,confused,engaged
0.4744182229042053,0.5587375164031982,0.8557862639427185,0.284521609127963,0.005826026201248169,0.002498924732208252,1.8925759945557472,0.2804832352533927,0.2885599830025333,0.5621892213821411,0.34765445291996,0.12250885367393494,0.0,0.8943244913778176,0.6912299990653992,confused,engaged
0.507625937461853,0.588939905166626,0.8646124601364136,0.22269940407524513,0.0014081001281738281,0.0032105445861816406,1.9765606509672011,0.21766556258638972,0.22773324556410052,0.5448855012655258,0.356744772195816,0.1294456422328949,0.0,0.9663557546806817,0.7010942697525024,confused,engaged
0.5073732733726501,0.5873457193374634,0.860007643699646,0.16318251764179426,0.000709831714630127,0.005436897277832031,1.9861913952796553,0.17248775545968045,0.1538772798239081,0.5415607541799545,0.3563290953636169,0.12869811058044434,1.0,0.9709491720373772,0.6969572901725769,confused,engaged
0.5057767629623413,0.5911546945571899,0.8647278547286987,0.25069575337114247,0.009401082992553711,0.001473546028137207,1.9857870990390227,0.2491389437692106,0.25225256297307436,0.5432600378990173,0.35825458765029905,0.12573423981666565,0.0,0.9773243083860431,0.7051422595977783,confused,engaged
0.5084347724914551,0.5921720862388611,0.8800163865089417,0.23501761593989473,0.003875553607940674,0.0002816915512084961,2.057008356851902,0.22949596564096658,0.24053926623882285,0.5921001881361008,0.3541309326887131,0.13368090987205505,0.0,0.9640064192875454,0.7071219980716705,confused,engaged
0.5070515871047974,0.5869840979576111,0.8603629469871521,0.29039846267835057,0.007138431072235107,0.0025181174278259277,2.0073588917881127,0.28487292484906457,0.2959240005076365,0.548771470785141,0.35301820635795594,0.12980234622955322,0.0,0.9740092301909483,0.7003210484981537,confused,engaged
0.5115069150924683,0.5936464667320251,0.8738857507705688,0.2791473389905702,0.004253268241882324,0.005212664604187012,1.9774673754135978,0.27671924353492716,0.28157543444621325,0.5541660189628601,0.3597909867763519,0.13152417540550232,0.0,0.9533614297371595,0.7081769704818726,confused,engaged
0.5052682161331177,0.588292121887207,0.8638718724250793,0.28581278878107175,0.008599311113357544,0.0011212825775146484,2.0252627353685115,0.2769624222276111,0.29466315533453247,0.5581234246492386,0.3513033241033554,0.1290092170238495,0.0,0.9722584479030585,0.7053267955780029,confused,engaged
0.5154414176940918,0.5860737562179565,0.8729225993156433,0.263265518771736,0.004063069820404053,0.0008125901222229004,2.0430722381568422,0.26013859364638575,0.26639244389708616,0.5860549509525299,0.347784286737442,0.13275843858718872,0.0,0.9662634067752137,0.6975992918014526,confused,engaged
0.5042829513549805,0.594151496887207,0.8671277165412903,0.2832264224732243,0.005025297403335571,0.003094017505645752,2.026579163860374,0.28113625137812204,0.2853165935683266,0.5532099455595016,0.3572486490011215,0.13036000728607178,0.0,0.9654729391096715,0.7022772133350372,confused,engaged
0.5032567381858826,0.5832481384277344,0.8594412803649902,0.25266674721786003,0.004971027374267578,0.00021201372146606445,2.082398791119094,0.2454555291361272,0.2598779652995929,0.575146347284317,0.3465404361486435,0.12834477424621582,0.0,0.9739432505210286,0.6870949566364288,confused,engaged
0.4686979055404663,0.5653131604194641,0.8603801727294922,0.2657756202141554,0.005181431770324707,0.0012521743774414062,1.871622290021352,0.2629258161042187,0.2686254243240921,0.5522558689117432,0.35577866435050964,0.12096160650253296,0.0,0.8949160247763326,0.6942746043205261,confused,engaged
0.505301296710968,0.5925995111465454,0.8641213178634644,0.29557790398163314,0.009796679019927979,0.001269221305847168,2.0129311338723825,0.29609227887700335,0.29506352908626293,0.5465567111968994,0.3572347819805145,0.1269696056842804,0.0,0.9756197486322065,0.7028681039810181,confused,engaged
0.505479097366333,0.5907046794891357,0.8683250546455383,0.2869949343862061,0.0074117183685302734,0.0028710365295410156,2.0128774970805208,0.2790046734821474,0.2949851952902648,0.5588178187608719,0.35401788651943206,0.12983804941177368,0.0,0.9635371558654171,0.7034561038017273,confused,engaged
0.502937376499176,0.5780066847801208,0.8610528707504272,0.23298248048258013,0.011338293552398682,0.00032889842987060547,1.9249320828505538,0.23976694270312435,0.22619801826203595,0.5448466092348099,0.35785039067268376,0.12197083234786987,0.0,0.979648961238473,0.700657457113266,confused,engaged
0.5135553479194641,0.586651086807251,0.8668355941772461,0.2593287204908385,0.000220566987991333,0.0028658509254455566,1.950008793188373,0.24738964511469674,0.27126779586698024,0.5463642030954361,0.35525158047676086,0.12872451543807983,0.0,0.9671857796659802,0.701513022184372,confused,engaged
0.5022404193878174,0.5891157984733582,0.8770170211791992,0.2588029552770809,0.004218012094497681,0.0006756782531738281,2.0117677263312315,0.2586156208868267,0.2589902896673351,0.5791923999786377,0.35239097476005554,0.13275745511054993,0.0,0.9735333631946865,0.7042754292488098,confused,engaged
0.5031113028526306,0.5953835844993591,0.8708083629608154,0.2812992634581001,0.004207134246826172,0.0037656426429748535,2.0102775809830256,0.27868209717779063,0.2839164297384096,0.553682267665863,0.36048192083835606,0.13020175695419312,0.0,0.9824416117453731,0.7079403400421143,confused,engaged
0.4763997793197632,0.5609588623046875,0.851590633392334,0.28562193283609416,0.00272291898727417,0.0008762478828430176,1.8674347024450886,0.28133713871344723,0.28990672695874103,0.5427377223968506,0.354106006026268,0.11812746524810791,0.0,0.9073084860380362,0.6880672872066498,confused,engaged
0.4992561340332031,0.5832682847976685,0.8691936731338501,0.25083694833339437,0.01122593879699707,0.005882143974304199,1.9217239970092779,0.2644408513281122,0.23723304533867653,0.5494716018438339,0.3587183505296707,0.12414321303367615,0.0,0.9902083099381833,0.7044208347797394,confused,engaged
0.5030369758605957,0.5913264155387878,0.8654719591140747,0.2846770818022903,0.009152054786682129,0.0018508434295654297,2.0295164542941526,0.2728662046623006,0.29648795894227997,0.5563849210739136,0.35360932946205137,0.12834131717681885,0.0,0.9790337177911237,0.704749345779419,confused,engaged
0.4961262345314026,0.5781797766685486,0.856139600276947,0.2561530659783278,0.012414753437042236,0.0009089112281799316,1.947753174539965,0.2646243774194771,0.24768175453717858,0.5413990765810013,0.3545312613248825,0.12224379181861877,0.0,0.9903084253987274,0.6938169002532959,confused,engaged
0.5002492070198059,0.5891430377960205,0.8765625953674316,0.26119841753687756,0.011159569025039673,0.003942668437957764,1.9873114739317193,0.2711871803898235,0.2512096546839316,0.5711941719055176,0.35337469577789304,0.13191735744476318,0.0,0.9902299522984963,0.710097074508667,confused,engaged
0.46793806552886963,0.5584158897399902,0.8576534986495972,0.27854043467030526,0.006127357482910156,0.002842128276824951,1.8688391833121105,0.2748798800632496,0.2822009892773609,0.5592288374900818,0.34816392660140993,0.12332504987716675,0.0,0.8906191086673325,0.6936339735984802,confused,engaged
0.5016350746154785,0.5885642170906067,0.8672398328781128,0.25020329544304803,0.0029552578926086426,0.0010799765586853027,2.049950765192809,0.23937344226949267,0.2610331486166034,0.5712733417749405,0.3542045414447784,0.1321554183959961,0.0,0.9775913691779827,0.6958318948745728,confused,engaged
0.504673421382904,0.5848632454872131,0.8713394999504089,0.2420953498705436,0.003936648368835449,9.292364120483398e-05,1.979338785555226,0.23656483233639006,0.24762586740469716,0.5670355409383774,0.35589450001716616,0.12810689210891724,0.0,0.9661548505537308,0.6964259743690491,confused,engaged
0.48469799757003784,0.5674557685852051,0.8519836068153381,0.2563055807025741,0.01022481918334961,0.000943601131439209,1.908026878880531,0.25743312792142836,0.2551780334837198,0.5428886711597443,0.35620881915092467,0.12084445357322693,0.0,0.9544044063526465,0.6898372769355774,confused,engaged
0.5005629062652588,0.5933060646057129,0.8647857904434204,0.2984809766241451,0.007837444543838501,0.0013483762741088867,2.0284338612438497,0.29645145930436423,0.30051049394392587,0.5506806969642639,0.35640213191509246,0.12933048605918884,0.0,0.9844346826921171,0.7041158676147461,confused,engaged
0.5241672992706299,0.584906280040741,0.873959481716156,0.2682775338669296,0.0011864900588989258,0.001651763916015625,2.03023305422767,0.24909550063732203,0.28745956709653714,0.5868473947048187,0.35474217534065244,0.1342814564704895,0.0,0.9527290504714924,0.7054721117019653,confused,engaged
0.5183995366096497,0.5800185203552246,0.8680444359779358,0.2664405304408798,0.0007183551788330078,0.00043845176696777344,2.0395230738165777,0.2629793233882969,0.26990173749346263,0.5874375402927399,0.3459897130727768,0.12907227873802185,0.0,0.9573059008112952,0.69618159532547,confused,engaged
0.5147874355316162,0.5924251079559326,0.8832696676254272,0.24559697507297934,0.0018226802349090576,0.0005120038986206055,2.0659164366952822,0.23759848440264716,0.2535954657433115,0.6008626222610474,0.3470514178276062,0.1392100751399994,0.0,0.9523902759679859,0.7016528248786926,confused,engaged
0.5197898149490356,0.588609516620636,0.8924949169158936,0.25883635770386193,0.0026055574417114258,0.0018628239631652832,1.9683270584845536,0.2529233307260124,0.2647493846817114,0.5981478244066238,0.3576786041259765,0.1307373046875,0.0,0.9569545674667836,0.7234220802783966,confused,engaged
0.5059595704078674,0.5766417980194092,0.8593869805335999,0.23692904353889338,0.0001291036605834961,1.9431114196777344e-05,2.0284849638096376,0.2272863995979997,0.24657168747978706,0.5735463798046112,0.34205995202064515,0.12837627530097961,0.0,0.9643226041940689,0.6845816373825073,confused,engaged
0.516680121421814,0.5821974277496338,0.8638339042663574,0.2621189206407404,0.004435151815414429,0.002031087875366211,2.028823443684474,0.2473209963419691,0.2769168449395117,0.5713927149772644,0.35114915668964386,0.13061106204986572,0.0,0.9552778218254925,0.6899827718734741,confused,engaged
0.5150405168533325,0.5868171453475952,0.8795121312141418,0.27180920602705394,0.0029085874557495117,0.001849532127380371,1.9878193571436844,0.26862852814684035,0.2749898839072676,0.5818267464637756,0.3578464716672897,0.12861734628677368,0.0,0.9633019163981021,0.7108358144760132,confused,engaged
0.518078625202179,0.5804832577705383,0.8639851212501526,0.26174296596490815,0.002470076084136963,0.0012022852897644043,2.0277878768449544,0.2559599262532487,0.2675260056765676,0.5748836696147919,0.35076990723609924,0.13216978311538696,0.0,0.9549882469730294,0.6935252249240875,confused,engaged
0.5065068006515503,0.5804643034934998,0.8557724356651306,0.24625224841808863,0.0035734176635742188,0.001332104206085205,2.0421439238638186,0.2369149022070999,0.2555895946290774,0.5622208714485168,0.35227898955345155,0.12639528512954712,0.0,0.9542077194868022,0.6863557994365692,confused,engaged
0.5143924951553345,0.5892166495323181,0.8826725482940674,0.24853396512214043,0.0026111900806427,0.0005981326103210449,2.048037115944482,0.24040886497547073,0.25665906526881016,0.6010106205940247,0.3500536352396011,0.1370193362236023,0.0,0.9566978644845684,0.703842282295227,confused,engaged
0.5204801559448242,0.5875490307807922,0.8797689080238342,0.2679604481200165,0.004518270492553711,6.479024887084961e-05,2.0228349733614164,0.26781109732083885,0.2681097989191942,0.5911146104335785,0.3516959816217422,0.12956592440605164,0.0,0.959269579653756,0.7034098505973816,confused,engaged
0.5188174247741699,0.5899221897125244,0.8628969192504883,0.2382728870976633,0.0026012063026428223,0.005460500717163086,2.022547831648271,0.2387204332380729,0.23782534095725374,0.5521064698696136,0.3664515972137451,0.12539458274841309,0.0,0.9663106334221577,0.7061435580253601,confused,engaged
0.5201238393783569,0.585297167301178,0.876444935798645,0.2584376020294985,0.0018177032470703125,0.0008589625358581543,2.0178658990293785,0.24518341057919465,0.2716917934798023,0.5874991714954376,0.3581390917301178,0.13302713632583618,0.0,0.9601604446073295,0.7128972113132477,confused,engaged
0.5163261294364929,0.5923449993133545,0.8892567157745361,0.23787787963630638,0.0038715600967407227,0.0008001923561096191,2.0188202178479138,0.23514674532830365,0.2406090139443091,0.5994133949279785,0.35366002321243284,0.13425803184509277,0.0,0.9563205099852193,0.7075122892856598,confused,engaged
0.5126433968544006,0.5881825089454651,0.8773516416549683,0.2660977923412198,0.0012292861938476562,0.000344693660736084,2.0427209083196507,0.2625610237391476,0.26963456094329197,0.5906938761472702,0.34993575215339656,0.1363142728805542,0.0,0.9591545336336682,0.702137678861618,confused,engaged
0.5177810192108154,0.5960345268249512,0.8786616921424866,0.24403426818629137,0.003131270408630371,0.007902801036834717,2.0314075147858124,0.2343542562926805,0.25371428007990227,0.5741329789161682,0.36335291266441344,0.13129490613937378,0.0,0.96063777567003,0.7153366804122925,confused,engaged
0.5158576369285583,0.5868425369262695,0.864423394203186,0.2568152064042021,0.0010491609573364258,0.0005807876586914062,2.0775067661563655,0.2520528778171245,0.26157753499127967,0.5766781866550446,0.35378029346466067,0.13288408517837524,0.0,0.9467355603659916,0.6949311196804047,confused,engaged
0.5050709843635559,0.5802614688873291,0.8567478060722351,0.2295235344522484,0.000996232032775879,0.0003374814987182617,2.076096508866534,0.2204631161707325,0.23858395273376432,0.5740143954753876,0.34853952527046206,0.12806501984596252,0.0,0.9580674139155863,0.6893497109413147,confused,engaged
0.5106253623962402,0.5908951759338379,0.8708820343017578,0.26732867017579254,0.007098793983459473,0.0021282434463500977,2.0823792019999012,0.26161817828453393,0.2730391620670511,0.5830408930778503,0.3568024694919586,0.12976178526878357,0.0,0.9776594227886913,0.7066676020622253,confused,engaged
0.5179732441902161,0.5779898166656494,0.8635565042495728,0.2624091632193681,0.0024636387825012207,0.002413630485534668,1.9789917224262779,0.25761911031217954,0.2671992161265566,0.5651360899209976,0.3579561412334442,0.1285838782787323,0.0,0.9513665903163739,0.7004496157169342,confused,engaged
0.5159781575202942,0.6056586503982544,0.9095633029937744,0.26893184288522076,0.006240785121917725,0.0032783150672912598,2.02563946339954,0.25925192695208443,0.2786117588183571,0.6156032830476761,0.36075111031532286,0.13536402583122253,0.0,0.9650342546122721,0.7403188049793243,confused,engaged
0.5084543824195862,0.5810297727584839,0.860801100730896,0.23934818583819584,0.00243377685546875,0.0008181929588317871,2.063872586374623,0.2315978359336581,0.24709853574273358,0.5774144381284714,0.3474751234054565,0.12763983011245728,0.0,0.9601699694541086,0.6876988410949707,confused,engaged
0.49711889028549194,0.5849772691726685,0.8664251565933228,0.24572843901380587,0.0016609430313110352,0.001297295093536377,2.064223850014697,0.2287790507435485,0.26267782728406325,0.5809735059738159,0.34810161888599395,0.1339779496192932,0.0,0.9659227036876091,0.6940021812915802,confused,engaged
0.5190691947937012,0.5804333090782166,0.8635584712028503,0.26116134514981315,0.0031998157501220703,0.0012320876121520996,2.01031983911541,0.2534652089404168,0.26885748135920945,0.5691741406917572,0.35213293433189397,0.13197559118270874,0.0,0.9414276319854679,0.6987215280532837,confused,engaged
0.5171191096305847,0.5818853974342346,0.8643834590911865,0.24027705415775202,0.0015798211097717285,0.00012540817260742188,2.0400588209028507,0.24484534553932133,0.23570876277618275,0.576314702630043,0.35453844666481016,0.12920433282852173,0.0,0.9579672914738683,0.6931942105293274,confused,engaged
0.5132733583450317,0.5931053161621094,0.8788250088691711,0.24047541790603827,0.0045018792152404785,0.005065262317657471,2.044035076653969,0.22108841887250652,0.25986241693957,0.584023118019104,0.3556433230638504,0.13276362419128418,0.0,0.972507880589804,0.7138471603393555,confused,engaged
0.5147331953048706,0.5838577747344971,0.86625075340271,0.24789642916989327,0.004061758518218994,0.0008505582809448242,2.044476840016322,0.24072854352236628,0.25506431481742026,0.5773479491472244,0.3497150599956512,0.1323167085647583,0.0,0.9588544341269984,0.6920485198497772,confused,engaged
0.5243613123893738,0.5943074226379395,0.8974360227584839,0.2667350331731516,0.002680361270904541,0.0036361217498779297,2.0055599736606387,0.25382270550248465,0.27964736084381864,0.607944592833519,0.35603700280189515,0.13582491874694824,0.0,0.9509719810385702,0.7314244508743286,confused,engaged
0.5210579037666321,0.5845010280609131,0.8714857697486877,0.2817658796188337,0.001567751169204712,0.0022627711296081543,2.0280173289500243,0.2706688598475356,0.2928628993901319,0.5820120573043823,0.35450229346752166,0.13538521528244019,0.0,0.955990843026855,0.7055785357952118,confused,engaged
0.5162678360939026,0.5904357433319092,0.8797739148139954,0.24655493557279762,0.002351105213165283,0.0002684593200683594,2.0791771188728925,0.2520524355074791,0.24105743563811619,0.6015873849391937,0.3523043215274811,0.136280357837677,0.0,0.9506313462375308,0.7039370536804199,confused,engaged
0.5116502642631531,0.5893970131874084,0.8837001323699951,0.2615174564536241,0.0024782419204711914,0.0001971721649169922,2.0325213813852314,0.26739208031812717,0.25564283258912107,0.5981794148683548,0.3498794704675674,0.1353307068347931,0.0,0.9626039230365218,0.7076886296272278,confused,engaged
0.5133676528930664,0.5838486552238464,0.8665350675582886,0.23981589133861025,0.0030118227005004883,0.00047075748443603516,2.0541171220375425,0.24403805617147928,0.2355937265057412,0.5806730538606644,0.3560369431972503,0.13088801503181458,0.0,0.9662862394796801,0.6954299211502075,confused,engaged
0.5171714425086975,0.5929558277130127,0.8719989657402039,0.2531406361538495,0.0063980817794799805,0.0036077499389648438,2.081085368463435,0.24647249701707105,0.259808775290628,0.5807146728038788,0.35745833516120906,0.1290443241596222,0.0,0.9767086535827444,0.7076415419578552,confused,engaged
0.50392085313797,0.5878438949584961,0.8570983409881592,0.2575493839369831,0.0028929710388183594,0.0012953877449035645,2.0656284659788837,0.2523315315041777,0.2627672363697885,0.5561817139387131,0.36056100726127627,0.12792295217514038,0.0,0.9705984816847132,0.6897523403167725,confused,engaged
0.5125662088394165,0.583997368812561,0.8732566833496094,0.2442052712567862,1.239776611328125e-05,0.0001665949821472168,2.063424951148204,0.2551272354262181,0.23328330708735426,0.5968669503927231,0.35041255354881284,0.1338985562324524,0.0,0.9643400609081055,0.6961927711963654,confused,engaged
0.5041640400886536,0.5855878591537476,0.8679606914520264,0.23893354255847543,0.004542559385299683,0.0010432004928588867,2.0429119217857403,0.22933241239646854,0.24853467272048232,0.5768648684024811,0.35034099221229553,0.13163340091705322,0.0,0.972009551541686,0.6940722465515137,confused,engaged
0.5089982151985168,0.5838794112205505,0.8606159090995789,0.22701392948002413,0.0035080313682556152,0.0008260607719421387,2.078817688382831,0.2162502392951156,0.23777761966493266,0.5752868056297302,0.351547184586525,0.13294491171836853,0.0,0.9609764688049831,0.6906350553035736,confused,engaged
0.5207516551017761,0.5805647373199463,0.8586000800132751,0.2703232616036404,0.0017174184322357178,0.0007767677307128906,2.009633884049884,0.2602850683673505,0.2803614548399303,0.558751255273819,0.35839280784130095,0.12774202227592468,0.0,0.9574365082986167,0.6955142021179199,confused,engaged
0.5214619636535645,0.5876388549804688,0.8907219767570496,0.2665738412512197,0.0027073919773101807,0.004594922065734863,1.9988786316916998,0.26195619297477685,0.27119148952766253,0.6058283746242523,0.35447541773319247,0.13497185707092285,0.0,0.9507512461619974,0.7255815863609314,confused,engaged
0.5154638886451721,0.579789936542511,0.8617312908172607,0.25167903614323284,0.002921760082244873,3.0219554901123047e-05,2.0636190226183078,0.2568906643145622,0.24646740797190345,0.5818216055631638,0.3523979365825653,0.12926536798477173,0.0,0.9658712254623905,0.6938836872577667,confused,engaged
0.5104401111602783,0.5763362050056458,0.8573691248893738,0.2324424887573704,0.003244161605834961,0.0001437067985534668,2.06123769460333,0.2437588491869223,0.22112612832781847,0.5792777091264725,0.34891696572303776,0.1294342577457428,0.0,0.9575247406085028,0.6898611485958099,confused,engaged
0.5019049644470215,0.565580427646637,0.8700444102287292,0.15221677518554896,0.013079404830932617,0.009813427925109863,1.8702021635647714,0.155760873266099,0.14867267710499893,0.5694110691547394,0.35238827764987946,0.12482354044914246,1.0,0.9932474361984639,0.7003283798694611,confused,engaged
0.5036823749542236,0.5739380717277527,0.8722031712532043,0.15435469286972286,0.009901344776153564,0.011304497718811035,1.8996578634839363,0.15862386583257754,0.1500855199068682,0.5666035413742065,0.35228952169418337,0.1259084939956665,1.0,0.9756135220630703,0.7031325399875641,confused,engaged
0.4783901274204254,0.5747344493865967,0.8610683083534241,0.1332991123248381,0.0364915132522583,0.006265103816986084,1.9474071148518741,0.17705431268131455,0.08954391196836164,0.5576105415821075,0.3637538254261017,0.11869221925735474,1.0,0.9415611589913749,0.6824202835559845,confused,engaged
0.5007748603820801,0.5858158469200134,0.8777122497558594,0.19984667556180954,0.013119369745254517,0.0038917064666748047,1.9910985716372709,0.21493133437843787,0.18476201674518122,0.5811965018510818,0.3591354817152024,0.13187748193740845,1.0,0.9963902345900248,0.7044156491756439,confused,engaged
0.4787887930870056,0.5744896531105042,0.8499321937561035,0.14764750675865262,0.03930273652076721,0.005035281181335449,1.9966233042878538,0.19961680855320915,0.0956782049640961,0.5499569922685623,0.3613553524017334,0.11911246180534363,1.0,0.9390770834344607,0.676028698682785,confused,engaged
0.507148027420044,0.5717681646347046,0.8700554370880127,0.17587458085348093,0.004003554582595825,0.014603376388549805,1.8853986104831653,0.18896331530473798,0.16278584640222388,0.5623922944068909,0.3538573145866394,0.1285805106163025,1.0,0.9831180866680268,0.7010853588581085,confused,engaged
0.5131496787071228,0.5857943892478943,0.8684235215187073,0.20674970291147649,0.011144101619720459,0.042465031147003174,1.8919927974870283,0.20098562389347147,0.21251378192948153,0.5347341746091843,0.3665647268295288,0.12625735998153687,1.0,0.9793509323480489,0.7033086121082306,confused,engaged
0.49070441722869873,0.5711252689361572,0.8499453067779541,0.1680857803244309,0.02004489302635193,0.0007810592651367188,1.9764445692618084,0.19948130518014656,0.13669025546871524,0.5510743260383606,0.35848488807678225,0.1231263279914856,1.0,0.9767073417054082,0.6833521127700806,confused,engaged
0.4856574237346649,0.5750294327735901,0.8590673208236694,0.14426328941172825,0.027472645044326782,0.000637054443359375,1.9184016994627513,0.1896595839756028,0.0988669948478537,0.5449006855487823,0.366010794043541,0.11994874477386475,1.0,0.9574369842569562,0.6852905750274658,confused,engaged
0.49631398916244507,0.5737006068229675,0.8622239828109741,0.18811840631875243,0.0204106867313385,0.008290290832519531,1.9713692455267298,0.21909480112305016,0.15714201151445467,0.568788081407547,0.35533489286899567,0.12450945377349854,1.0,0.9863033745907392,0.6913174986839294,confused,engaged
0.48408663272857666,0.5747780203819275,0.8543254137039185,0.14131156693595548,0.03566330671310425,0.0012502670288085938,1.9700614618750216,0.1723357961519875,0.1102873377199235,0.550727516412735,0.3626824736595154,0.11857849359512329,1.0,0.9375078958077506,0.6799888610839844,confused,engaged
0.5054781436920166,0.5801190733909607,0.8795420527458191,0.1705464306280008,0.005884528160095215,0.03797048330307007,1.9273200959601842,0.18336266345455174,0.15773019780144987,0.5770858526229858,0.35638625025749204,0.129255473613739,1.0,0.975585914243679,0.7090742886066437,confused,engaged
0.5075463652610779,0.5809739232063293,0.873198390007019,0.24791819682473276,0.012580960988998413,0.05208635330200195,1.8801410477153226,0.24703321084686447,0.24880318280260103,0.5494250953197479,0.3614296972751617,0.12315112352371216,0.0,0.9921136895613518,0.7030826210975647,confused,engaged
0.486082524061203,0.577029824256897,0.8604273796081543,0.2455965421134354,0.027928143739700317,0.004970192909240723,1.9996384468910158,0.24539732215980956,0.24579576206706127,0.5666946470737457,0.3636670857667923,0.1220589280128479,0.0,0.9688024294994745,0.6944230198860168,confused,engaged
0.48263853788375854,0.5755687952041626,0.8610324263572693,0.1477590752386275,0.03194341063499451,0.0010205507278442383,1.941783934819394,0.1884381233140664,0.10708002716318861,0.5543106347322464,0.3654854089021683,0.12456107139587402,1.0,0.9477069335019686,0.6852881908416748,confused,engaged
0.5103480815887451,0.5897147059440613,0.8755074739456177,0.2507054849197554,0.0036072731018066406,0.004088997840881348,2.0119536083558174,0.24169612154452674,0.25971484829498415,0.5750038027763367,0.36015201210975645,0.1294575333595276,0.0,0.9889362782482373,0.7080085575580597,confused,engaged
0.5112214088439941,0.5887666344642639,0.888990044593811,0.22034283090913642,0.005138754844665527,0.040484070777893066,1.9393452821570083,0.21355400773380734,0.2271316540844655,0.5822387933731079,0.35676131546497347,0.12979567050933838,0.0,0.9723405030953401,0.7109721302986145,confused,engaged
0.49556806683540344,0.5810728073120117,0.8812762498855591,0.1459724194289801,0.024376988410949707,0.05246454477310181,1.9852602685513179,0.18121787964818883,0.11072695920977135,0.5959839522838593,0.35422893464565275,0.12950778007507324,1.0,0.9898904819779921,0.7010618448257446,confused,engaged
0.512037992477417,0.5888660550117493,0.902428925037384,0.21735526204899525,0.0033749938011169434,0.04586160182952881,1.8549963157698297,0.23555802509107976,0.19915249900691076,0.5816598236560822,0.35984906256198884,0.1250147819519043,1.0,0.9694788447110817,0.718423992395401,confused,engaged
0.5093488097190857,0.5849233269691467,0.8746286630630493,0.23187932681762335,0.005230724811553955,0.05647379159927368,1.9078116018155256,0.2223177960014077,0.241440857633839,0.5527051091194153,0.3684908926486969,0.12754827737808228,0.0,0.9789910238490928,0.7156393826007843,confused,engaged
0.5222277045249939,0.5810182690620422,0.8802036046981812,0.19731764487073747,0.004072785377502441,0.045481204986572266,1.9135557598424084,0.20730733181521174,0.1873279579262632,0.5725097358226776,0.354746413230896,0.12954461574554443,1.0,0.9583407524420904,0.7055314779281616,confused,engaged
0.4960971474647522,0.5838046073913574,0.8872411847114563,0.25468588345981386,0.012752056121826172,0.05305439233779907,1.846480611122636,0.26175208784783066,0.24761967907179705,0.5602916032075882,0.36848829388618465,0.12456375360488892,0.0,0.9961215113700905,0.7105881869792938,confused,engaged
0.48099273443222046,0.5894166231155396,0.8756104707717896,0.24599399346808182,0.03036898374557495,0.00555187463760376,2.015242870163855,0.2482233615183573,0.24376462541780636,0.5767521262168884,0.3646136522293091,0.1255885660648346,0.0,0.9541877618036465,0.7053702473640442,confused,engaged
0.48871511220932007,0.5775683522224426,0.8722351789474487,0.24914095715276308,0.026909232139587402,0.004921972751617432,1.951436065321994,0.2583252788806463,0.23995663542487983,0.5750254243612289,0.35862317085266116,0.12461549043655396,0.0,0.9768947640895751,0.7001711130142212,confused,engaged
0.4796024560928345,0.5783761143684387,0.8659107089042664,0.14918654586752855,0.027753233909606934,0.00028073787689208984,1.9815632375597885,0.19651448107518257,0.10185861065987455,0.5697699636220932,0.35889110565185545,0.12489083409309387,1.0,0.9610732830907692,0.691900223493576,confused,engaged
0.49407485127449036,0.5836976766586304,0.8778802752494812,0.17170176123585484,0.024332642555236816,0.025808274745941162,1.994846645121065,0.1984447561653981,0.1449587663063116,0.5868511646986008,0.3568785309791565,0.12876498699188232,1.0,0.9897492653328267,0.6979239881038666,confused,engaged
0.5017773509025574,0.5521737337112427,0.8600653409957886,0.2000194261010724,0.017142057418823242,0.006188154220581055,1.8121419262840381,0.2146634540201454,0.1853753981819994,0.5579451024532318,0.34332102239131923,0.1219320297241211,1.0,0.9944482471164305,0.6883359551429749,confused,engaged
0.4898563027381897,0.5733731389045715,0.8565236926078796,0.2088964868889701,0.021906912326812744,0.006654500961303711,1.9885303411566047,0.21161483823599472,0.20617813554194547,0.5630554556846619,0.3589767664670944,0.12543725967407227,1.0,0.978697498682493,0.6879698634147644,confused,engaged
0.4854658842086792,0.5877115726470947,0.8773869872093201,0.1721995764020709,0.026506423950195312,0.002200305461883545,1.9886198628287552,0.18969075802531418,0.1547083947788276,0.5760562717914581,0.3708637773990631,0.1225433349609375,1.0,0.969122302116447,0.7084376811981201,confused,engaged
0.5040384531021118,0.5565189719200134,0.8591776490211487,0.16705810392212028,0.015333473682403564,0.013708353042602539,1.8427394474271697,0.1989561687161181,0.1351600391281225,0.5577229261398315,0.34826904237270356,0.12414005398750305,1.0,0.9905645524043551,0.6923773288726807,confused,engaged
0.4979681074619293,0.5890011191368103,0.8724274039268494,0.27277478953013357,0.01553332805633545,0.04078090190887451,1.9591194286034916,0.27024173054974143,0.27530784851052564,0.5552679002285004,0.3659476637840271,0.12434780597686768,0.0,0.9969000467438407,0.7074154913425446,confused,engaged
0.5119157433509827,0.59243243932724,0.8916143774986267,0.25427218801573664,0.0029777884483337402,0.08561939001083374,1.85718104841823,0.24250943940036723,0.26603493663110606,0.5556368827819824,0.3658256620168686,0.12020286917686462,0.0,0.954966161434883,0.7348540425300598,confused,engaged
0.48028942942619324,0.5758917331695557,0.8572661876678467,0.16801512106379257,0.0327582061290741,0.0005646944046020508,1.9346101181669109,0.19972643435919715,0.13630380776838802,0.544351801276207,0.367118039727211,0.12147492170333862,1.0,0.9428757953395717,0.6835166811943054,confused,engaged
0.5135966539382935,0.5900541543960571,0.9090859889984131,0.23337521300553232,0.00384676456451416,0.09402382373809814,1.7426657661945029,0.24396661321411603,0.2227838127969486,0.5559675991535187,0.3682756870985031,0.11845585703849792,0.0,0.9668517008588206,0.7372286021709442,confused,engaged
0.487851619720459,0.5800069570541382,0.8656625747680664,0.24648807870906897,0.027043193578720093,0.007019460201263428,2.013660434934027,0.25108546647599933,0.24189069094213864,0.5752154290676117,0.36023244857788084,0.12442576885223389,0.0,0.9701515624814869,0.691511332988739,confused,engaged
0.5028484463691711,0.5872995853424072,0.8868052959442139,0.27709705278862506,0.012432187795639038,0.05269157886505127,1.8826358989066538,0.29158152129475834,0.26261258428249173,0.5638620853424072,0.37039561569690704,0.12652790546417236,0.0,0.993674242479479,0.7112742960453033,confused,engaged
0.5071243643760681,0.547829806804657,0.8530813455581665,0.22545924576925164,0.019373416900634766,0.006230354309082031,1.776667978019045,0.24189670101351995,0.20902179052498332,0.5423324108123779,0.3376550912857056,0.11963540315628052,0.0,0.9995042227765776,0.6818451285362244,confused,engaged
0.5040308237075806,0.5556567907333374,0.8622416853904724,0.21368272178904957,0.01632291078567505,0.007466316223144531,1.821973468280072,0.22701516626987792,0.2003502773082212,0.558591365814209,0.3408282697200775,0.12314003705978394,1.0,0.9986493270589777,0.692273736000061,confused,engaged
0.5095418095588684,0.5836604833602905,0.8616847395896912,0.26728760771403404,0.0017690062522888184,0.0035190582275390625,2.002127445024421,0.2553469495079155,0.27922826592015265,0.5566419959068298,0.3554884910583496,0.12764352560043335,0.0,0.9912564298711277,0.6966055035591125,confused,engaged
0.5097283124923706,0.5815722346305847,0.8647154569625854,0.21940215916889752,0.004059493541717529,0.0059587955474853516,1.9935617556127527,0.2207705934320989,0.21803372490569614,0.5644654929637909,0.361712783575058,0.12624505162239075,1.0,0.9886117484149192,0.6992706656455994,confused,engaged
0.4912351965904236,0.5800060033798218,0.8598124980926514,0.18838411170481684,0.01606827974319458,0.0005401372909545898,2.027709547786123,0.21815817896840792,0.15861004444122576,0.5673683285713196,0.3623357266187668,0.12460052967071533,1.0,0.9792745001441021,0.6902902126312256,confused,engaged
0.5037338733673096,0.5444635152816772,0.8457016944885254,0.19946179833232358,0.017723381519317627,0.009437322616577148,1.8053514331258222,0.20461526495755814,0.19430833170708903,0.5438425838947296,0.3338071584701538,0.11987793445587158,1.0,0.9962637469637822,0.6776448786258698,confused,engaged
0.49810630083084106,0.5606403350830078,0.8668727874755859,0.19663562099555162,0.01411670446395874,0.008748650550842285,1.8565208887562832,0.21677970970110422,0.17649153228999903,0.568528801202774,0.34352010786533355,0.12515193223953247,1.0,0.9911082866313131,0.6947801113128662,confused,engaged
0.4996553659439087,0.549903154373169,0.8523882627487183,0.20785912766574008,0.01519477367401123,0.00645822286605835,1.8156274596896966,0.22335216738302952,0.19236608794845064,0.5492020845413208,0.33849016726017,0.12024375796318054,1.0,0.9968984487044283,0.6817053258419037,confused,engaged
0.5059728026390076,0.5593757033348083,0.8621585965156555,0.19720662183340743,0.01683974266052246,0.017608582973480225,1.8513315421685013,0.21450706607845835,0.1799061775883565,0.5605533719062805,0.3430202782154083,0.12333369255065918,1.0,0.9971350544621669,0.6888749003410339,confused,engaged
0.49954360723495483,0.5698642730712891,0.872958779335022,0.2049961006003807,0.016473770141601562,0.015081822872161865,1.9062488114158123,0.21440681217031438,0.19558538903044706,0.5777754485607147,0.34813388288021085,0.12653523683547974,1.0,0.9954385062190791,0.7001825273036957,confused,engaged
0.5010187029838562,0.5585727691650391,0.8631134033203125,0.21093933513316546,0.017063945531845093,0.005766510963439941,1.83212076973367,0.22953567961960494,0.19234299064672597,0.5579570531845093,0.34408627450466156,0.12233942747116089,1.0,0.9916848474297536,0.6906300187110901,confused,engaged
0.49414539337158203,0.6328371167182922,0.9553453326225281,0.015594338247639538,0.042835384607315063,0.00022929906845092773,1.7254094231033585,0.023198706504214395,0.007989969991064681,0.556460440158844,0.35673745274543767,0.13652005791664124,1.0,0.9863203484700407,0.776056706905365,looking_away,non_engaged
0.5024837255477905,0.6585708856582642,0.972997784614563,0.03523323571637053,0.05262833833694458,2.86102294921875e-05,1.9062992431020425,0.04787374027835586,0.0225927311543852,0.5993936657905579,0.34892965555191036,0.1376362442970276,1.0,0.9990318882493799,0.73145791888237,looking_away,non_engaged
0.5078611373901367,0.6573474407196045,0.9609818458557129,0.035799074973110974,0.0499039888381958,0.00022172927856445312,1.9348356717412578,0.04825407677403213,0.023344073172189818,0.5874846130609512,0.3565597116947174,0.13445377349853516,1.0,0.9945875754851511,0.7316776812076569,looking_away,non_engaged
0.509524941444397,0.6669774651527405,0.9785007834434509,0.04103282122871827,0.04252827167510986,0.0006729364395141602,1.9323091313665193,0.03526531131277117,0.04680033114466537,0.6019612848758698,0.32342733442783356,0.1388331949710846,1.0,0.9969178655777955,0.7362048625946045,looking_away,non_engaged
0.5256310701370239,0.6119804978370667,0.963930606842041,0.016765237059401857,0.006993144750595093,0.0015842914581298828,1.6020672909508533,0.015235677867465653,0.018294796251338064,0.5638493597507477,0.34841053485870366,0.13367369771003723,1.0,0.922117043597719,0.7717928290367126,looking_away,non_engaged
0.5128762722015381,0.588883638381958,0.8582049608230591,0.2396253223941035,0.0020144283771514893,0.0006347894668579102,1.9540304238056025,0.24137858895994221,0.2378720558282648,0.5262640118598938,0.3435422420501709,0.12140777707099915,0.0,0.9519962698247642,0.6989620327949524,looking_away,non_engaged
0.4720257520675659,0.5933535099029541,0.8828165531158447,0.2693748492203098,0.0033488869667053223,0.0009410381317138672,1.9242363694202922,0.2455612012477322,0.29318849719288737,0.5569972395896912,0.32680766880512235,0.11801618337631226,0.0,0.8324174802314526,0.681910514831543,looking_away,non_engaged
0.4853861927986145,0.6049622297286987,0.9661205410957336,0.10042870648368976,0.018274575471878052,0.07998692989349365,1.801083467990183,0.11406999391397332,0.0867874190534062,0.6504780650138855,0.34237017631530764,0.13191255927085876,1.0,0.936800045405453,0.7144544124603271,looking_away,non_engaged
0.493552029132843,0.6168511509895325,0.8714326024055481,0.30700165633226295,0.006334185600280762,0.004224717617034912,2.1122186162782723,0.2989472711857427,0.31505604147878313,0.537733793258667,0.3605323612689972,0.1232340931892395,0.0,0.9892006963209774,0.7281869947910309,looking_away,non_engaged
0.4898359775543213,0.6321357488632202,0.9904773831367493,0.22452246139233176,0.04664382338523865,0.08389359712600708,1.936412245958023,0.21860286343281804,0.23044205935184547,0.6938990652561188,0.35862707793712617,0.14285308122634888,0.0,0.9756229352161132,0.7926445007324219,looking_away,non_engaged
0.529629111289978,0.5655959844589233,0.8889430165290833,0.19286043100322953,0.034379035234451294,0.06433331966400146,1.7884670994458596,0.18058916608952655,0.20513169591693248,0.5782973170280457,0.3306779772043228,0.12297296524047852,1.0,0.8877029454841145,0.667868047952652,looking_away,non_engaged
0.47845324873924255,0.8350869417190552,1.0775907039642334,0.08061072495901278,0.05240929126739502,0.0018770694732666016,3.282041961135203,0.1223440562085174,0.038877393709508164,0.7959108054637909,0.3737685859203339,0.18944767117500305,1.0,0.8505684330737014,0.8800063729286194,looking_away,non_engaged
0.5051337480545044,0.5670804977416992,0.8316357731819153,0.23873893244226452,0.005020856857299805,0.002089202404022217,1.972085488748518,0.22772679312091226,0.24975107176361677,0.521727591753006,0.3150608271360398,0.11761030554771423,0.0,0.9925962395553284,0.6528982520103455,looking_away,non_engaged
0.5206342935562134,0.6178807020187378,1.0124433040618896,0.016826783019129675,0.01019299030303955,0.0002504587173461914,1.6146790289566388,0.02203878266466738,0.011614783373591966,0.63709357380867,0.29188521206378937,0.15450578927993774,1.0,0.9520206823897255,0.8009674847126007,looking_away,non_engaged
0.6019307971000671,0.5448790788650513,0.8050838708877563,0.2816166897215917,0.006130963563919067,0.045487046241760254,1.4922621823041695,0.3980267804033312,0.16520659903985216,0.3882952630519867,0.3149655610322952,0.07431626319885254,0.0,0.33425764169547667,0.6259014904499054,looking_away,non_engaged
0.55522221326828,0.521939754486084,0.8512808084487915,0.08835107343274802,0.02494591474533081,0.05458575487136841,1.623208286036945,0.10163196711440446,0.07507017975109158,0.5345907509326935,0.250450824201107,0.12799322605133057,1.0,0.7379570300999753,0.6225126683712006,looking_away,non_engaged
0.5505114793777466,0.49456050992012024,0.7985515594482422,0.2902354663332757,0.014083147048950195,0.00044852495193481445,1.7252665655704558,0.30394159504199536,0.27652933762455606,0.5244673192501068,0.23698867112398148,0.12693259119987488,0.0,0.8825163252235456,0.6261135935783386,looking_away,non_engaged
0.5778841972351074,0.5549693703651428,0.8112679719924927,0.16016780521314375,0.006987065076828003,0.04522669315338135,1.801111966960635,0.21109084181966306,0.10924476860662444,0.46162427961826324,0.3075082927942276,0.09289056062698364,1.0,0.5530139030505518,0.6206685602664948,looking_away,non_engaged
0.6133163571357727,0.6418977379798889,0.8325583338737488,0.1083650963983995,0.041245073080062866,0.025769591331481934,2.349211313772287,0.14451038849611159,0.0722198043006874,0.4479043781757355,0.3823602646589279,0.09871822595596313,1.0,0.6362246386662174,0.6515244841575623,looking_away,non_engaged
0.4660903811454773,0.5206149816513062,0.8122614622116089,0.3340076941799016,0.026129424571990967,0.0012981295585632324,1.6849382326620892,0.31981060622111884,0.34820478213868433,0.49140799045562744,0.2740348741412163,0.11247611045837402,0.0,0.7613260937570037,0.6433662474155426,looking_away,non_engaged
0.46464160084724426,0.5502505898475647,0.8499315977096558,0.3061963154243662,0.008773744106292725,0.0017884373664855957,1.8668038529333788,0.2939230399056515,0.31846959094308097,0.5594475269317627,0.26581131517887113,0.12923753261566162,0.0,0.7705445264085641,0.6710946559906006,looking_away,non_engaged
0.5356773138046265,0.5477666258811951,0.8037712574005127,0.3119603230356316,0.011006772518157959,0.0010306239128112793,2.041838093347397,0.3346196451508987,0.2893010009203644,0.5227220505475998,0.28630244731903076,0.11936640739440918,0.0,0.8085690447753433,0.6383573114871979,looking_away,non_engaged
0.5163817405700684,0.5439107418060303,0.8120253086090088,0.2866901595641227,0.0004272162914276123,0.0007655024528503418,1.9909338719333154,0.3078323004628029,0.2655480186654424,0.5338003635406494,0.2650503277778625,0.1287599802017212,0.0,0.8620070019373546,0.638091504573822,looking_away,non_engaged
0.5922918915748596,0.5128914713859558,0.8154774904251099,0.38602201634534317,0.015627771615982056,0.0023437142372131348,1.6094130638162398,0.43593422296321144,0.33610980972747484,0.48698750138282776,0.25300992131233213,0.10900592803955078,0.0,0.5882884830373066,0.6452115178108215,looking_away,non_engaged
0.44908642768859863,0.551333487033844,0.8524983525276184,0.3201495184100548,0.001443028450012207,0.002109825611114502,1.840911470567985,0.29812856515605063,0.342170471664059,0.5544196963310242,0.26704788506031035,0.12873822450637817,0.0,0.731004141644763,0.6716254949569702,looking_away,non_engaged
0.4365874230861664,0.5192917585372925,0.9353703260421753,0.4354560646386301,0.05985933542251587,0.004495561122894287,1.3820159489129809,0.39833022353917896,0.4725819057380813,0.5750285983085632,0.21007072925567627,0.12384024262428284,0.0,0.6323194277592266,0.6999681890010834,looking_away,non_engaged
0.5214688777923584,0.5793765783309937,0.7853206396102905,0.1587623437679683,0.0084913969039917,0.037757813930511475,2.4477065035041092,0.1668431836183969,0.1506815039175397,0.5040930658578873,0.3273720175027847,0.12592196464538574,1.0,0.9183676195783294,0.5975829362869263,looking_away,non_engaged
0.5190496444702148,0.5586183667182922,0.7977398633956909,0.19265607978566407,0.004413783550262451,0.0013912320137023926,2.1515512273340933,0.2246142273989601,0.16069793217236805,0.5144843012094498,0.2946342706680298,0.12723413109779358,1.0,0.8438023913732033,0.6417225003242493,looking_away,non_engaged
0.5313103795051575,0.525123119354248,0.80617356300354,0.28592565642018664,0.03262624144554138,0.00487828254699707,1.8505361447160285,0.30455873757966256,0.2672925752607107,0.5200958549976349,0.26048492789268496,0.1250220537185669,0.0,0.8541460308271749,0.6342231929302216,looking_away,non_engaged
0.5300629734992981,0.5293379426002502,0.769591212272644,0.2325412490637251,0.004592001438140869,0.0007458329200744629,1.9891672053907505,0.2529491020780231,0.21213339604942708,0.47790591418743134,0.2734241634607315,0.11774632334709167,0.0,0.819907854210992,0.6115217804908752,looking_away,non_engaged
0.5273087620735168,0.5123702883720398,0.8051868677139282,0.3039259590383916,0.0015821754932403564,0.0006643533706665039,1.790809304068762,0.3152220233342326,0.2926298947425505,0.5243804454803467,0.25201637148857114,0.12462073564529419,0.0,0.9124135358804047,0.6268047094345093,looking_away,non_engaged
0.5315865874290466,0.5084847807884216,0.7988554835319519,0.3068150034345297,0.004265010356903076,4.0471553802490234e-05,1.822090856248021,0.31709640023013447,0.29653360663892503,0.5290836244821548,0.248262682557106,0.1281774640083313,0.0,0.9133061100490156,0.6275683343410492,looking_away,non_engaged
0.5519128441810608,0.5858860611915588,0.8483723402023315,0.1663228114164601,0.024448782205581665,0.0064505934715271,2.1819837172916023,0.1971630293079792,0.135482593524941,0.5727429687976837,0.349026295542717,0.12370005249977112,1.0,0.7649015854922836,0.6844919621944427,looking_away,non_engaged
0.5238116383552551,0.5767554044723511,0.8724880814552307,0.16375135066082,0.011938869953155518,0.0009512901306152344,1.8652141039400811,0.1601668294605709,0.1673358718610691,0.5516066253185272,0.37475506663322444,0.11479967832565308,1.0,0.8681073394568182,0.6915590763092041,looking_away,non_engaged
0.44806089997291565,0.5360457897186279,0.8826496005058289,0.26866596190263137,0.027174681425094604,0.0008348822593688965,1.7733958551589841,0.25835234474648183,0.27897957905878085,0.614667534828186,0.3567401319742203,0.12285131216049194,0.0,0.7483020673916749,0.6952778398990631,looking_away,non_engaged
0.4918608069419861,0.5603976845741272,0.8280999660491943,0.15683212707708719,0.006930142641067505,0.002614259719848633,1.925940844302384,0.14335084480857122,0.17031340934560316,0.5155806839466095,0.3601456731557846,0.10665309429168701,1.0,0.8572981337694678,0.6598285138607025,looking_away,non_engaged
0.47510826587677,0.6024137139320374,0.9674108624458313,0.07994500196344395,0.029942303895950317,7.987022399902344e-06,1.827071097438442,0.07353737877828558,0.08635262514860233,0.6668775677680969,0.3459539175033569,0.14134636521339417,1.0,0.7754890615825899,0.7423545122146606,looking_away,non_engaged
0.5230681300163269,0.5648952722549438,0.8308604955673218,0.1350134422737375,0.013000041246414185,0.0008270740509033203,2.005490474437273,0.1568641434748635,0.11316274107261147,0.5333927273750305,0.3607862740755081,0.11291369795799255,1.0,0.9844301427970713,0.6633617281913757,looking_away,non_engaged
0.5191234946250916,0.5244419574737549,0.9348151087760925,0.31333223131182164,0.01743263006210327,0.00027114152908325195,1.686761031734118,0.32133698575001723,0.305327476873626,0.692203126847744,0.3154369026422501,0.14630788564682007,0.0,0.9180626422811047,0.7130715847015381,looking_away,non_engaged
0.5135834217071533,0.5562073588371277,0.7965932488441467,0.24422335468567283,0.0037204623222351074,0.0008959174156188965,2.1008190302978353,0.24176395362196093,0.24668275574938472,0.5050093531608582,0.359677317738533,0.10692566633224487,0.0,0.9790157593009718,0.6448912620544434,looking_away,non_engaged
0.5039653182029724,0.5593287944793701,0.8517850637435913,0.09377669519937618,0.0064716637134552,0.0011862516403198242,1.8864908647441307,0.11320938936940624,0.07434400102934612,0.5517179667949677,0.3678616255521774,0.11694258451461792,1.0,0.9852085468742426,0.6700354814529419,looking_away,non_engaged
0.5445631742477417,0.5994760990142822,0.8626478314399719,0.1429965481039445,0.016794592142105103,0.0041959285736083984,2.1440676994219605,0.17579830618097378,0.1101947900269152,0.5642601549625397,0.3518056899309159,0.11967185139656067,1.0,0.6833653388668374,0.6907157599925995,looking_away,non_engaged
0.4799692630767822,0.5582659244537354,0.8497963547706604,0.12142828246331526,0.0023291707038879395,0.0014755725860595703,1.8678036771622448,0.10814882695197556,0.13470773797465496,0.5445234775543213,0.3751447290182114,0.11287987232208252,1.0,0.8765897794953019,0.6683357954025269,looking_away,non_engaged
0.5087091326713562,0.5202111005783081,0.8444826602935791,0.25977282073190155,0.021338999271392822,0.001453101634979248,1.7184582657468934,0.25919225961527564,0.26035338184852747,0.5572488605976105,0.34044319689273833,0.1181098222732544,0.0,0.9166579517221762,0.663187563419342,looking_away,non_engaged
0.4224960505962372,0.5594205260276794,0.9176636934280396,0.09461062647970167,0.01697799563407898,0.0021167397499084473,1.7368442362563694,0.07494148463080266,0.11427976832860068,0.6222143173217773,0.36204561591148376,0.12706169486045837,1.0,0.7214026114020397,0.7050741016864777,looking_away,non_engaged
0.4736648201942444,0.5423380732536316,0.8658062815666199,0.2791708807524145,0.022571921348571777,0.0004252195358276367,1.7732181066924462,0.2776188498267937,0.2807229116780353,0.5735814571380615,0.3629666119813919,0.1099475622177124,0.0,0.8341009428691706,0.6834774911403656,looking_away,non_engaged
0.6304730176925659,0.563391923904419,0.8576784729957581,0.2474214466554819,0.005976051092147827,0.0013425946235656738,1.6945749333797653,0.3078931773647914,0.18694971594617243,0.4986923038959503,0.36585522890090943,0.10278475284576416,0.0,0.5967847315606747,0.6894938349723816,looking_away,non_engaged
0.5152922868728638,0.5670700073242188,0.8311854004859924,0.26540223413773234,0.050882548093795776,0.00037610530853271484,2.0402535318321937,0.27401741517728717,0.2567870530981775,0.538864403963089,0.3572811812162399,0.10962790250778198,0.0,0.890991906478828,0.6725378036499023,looking_away,non_engaged
0.536098062992096,0.5639262199401855,0.8650292158126831,0.19153147421739855,0.003450632095336914,0.002323627471923828,1.8513122769567385,0.2064678283407644,0.1765951200940327,0.5574375241994858,0.36872664988040926,0.11461499333381653,1.0,0.7509449855581298,0.6900794506072998,looking_away,non_engaged
0.5197880268096924,0.49800097942352295,0.8281233310699463,0.31502350431990067,0.03448799252510071,0.004752993583679199,1.693414329355389,0.3279750770527042,0.30207193158709716,0.5590356141328812,0.2981394439935684,0.11516720056533813,0.0,0.8723259768683848,0.64182910323143,looking_away,non_engaged
0.4516468048095703,0.5768145322799683,0.8108294606208801,0.13582609712989507,0.02390223741531372,0.04261654615402222,2.2298151405776916,0.11229714608414795,0.15935504817564217,0.5218122601509094,0.3552717626094818,0.11503207683563232,1.0,0.8665592946351868,0.6215487718582153,looking_away,non_engaged
0.5644104480743408,0.546947181224823,0.8168910145759583,0.28868732768762184,0.029994726181030273,0.00037366151809692383,1.8601789353491116,0.3008386684888183,0.27653598688642533,0.5021456927061081,0.35311095118522645,0.10514181852340698,0.0,0.7353069406845167,0.6666457951068878,looking_away,non_engaged
0.4859497547149658,0.5809834003448486,0.8587484955787659,0.2502562789061156,0.025548815727233887,0.005144596099853516,1.9732343863352342,0.22764829946114787,0.2728642583510834,0.5480976104736328,0.3479457497596741,0.11691594123840332,0.0,0.7957711974648976,0.6862890124320984,looking_away,non_engaged
0.49488502740859985,0.5634086728096008,0.8915538191795349,0.14484815534949252,0.006534874439239502,0.05646193027496338,1.807912207819646,0.12824014140970755,0.16145616928927747,0.5932594239711761,0.3314955532550812,0.12059244513511658,1.0,0.8648635238292821,0.6604577600955963,looking_away,non_engaged
0.4890734553337097,0.5029776692390442,0.8641570806503296,0.2619018570088356,0.03364640474319458,0.001497030258178711,1.6641931880601426,0.2508729527528383,0.272930761264833,0.6010739803314209,0.29790628850460055,0.12270104885101318,0.0,0.8840123274157374,0.668373167514801,looking_away,non_engaged
0.4574151933193207,0.5556450486183167,0.9127671122550964,0.20440291355465903,0.03675121068954468,0.0019474029541015625,1.7352885909452083,0.18729636203804018,0.2215094650712779,0.6197115778923035,0.3944079130887985,0.1228824257850647,1.0,0.8243849276579334,0.7177049517631531,looking_away,non_engaged
0.5164157152175903,0.5030860900878906,0.8710829019546509,0.1552630483423505,0.008205622434616089,0.0025292038917541504,1.6643891436623401,0.16698022805372423,0.1435458686309768,0.612491562962532,0.3633246958255768,0.1295226812362671,1.0,0.977443516066094,0.6722662150859833,looking_away,non_engaged
0.4911673665046692,0.5180373191833496,0.83343905210495,0.24489839141223066,0.002459108829498291,9.810924530029297e-05,1.7693011150113918,0.22620662876466274,0.2635901540597986,0.5580424070358276,0.34978972375392914,0.10618039965629578,0.0,0.8478597633308916,0.6518361866474152,looking_away,non_engaged
0.49998974800109863,0.5359208583831787,0.8071220517158508,0.19218968267242545,0.046999216079711914,0.0015562176704406738,1.969848897048499,0.20450562672296235,0.17987373862188855,0.5342273414134979,0.37892404198646545,0.11963897943496704,1.0,0.9594165727886059,0.6642644107341766,looking_away,non_engaged
0.46657949686050415,0.5360695123672485,0.8612581491470337,0.1861925216566689,0.017323315143585205,2.86102294921875e-06,1.7990767219418076,0.16866423932030958,0.20372080399302825,0.5850411057472229,0.39749365448951723,0.11388936638832092,1.0,0.8205126139831886,0.6818891763687134,looking_away,non_engaged
0.5178647637367249,0.503612756729126,0.8475913405418396,0.15451509748990566,0.025686562061309814,0.001255631446838379,1.9734839663804065,0.14834228425030765,0.16068791072950367,0.6788381934165955,0.37316358387470244,0.14071130752563477,1.0,0.8897329005164138,0.666581779718399,looking_away,non_engaged
0.4826003313064575,0.5057709813117981,0.8896080851554871,0.2319443148838105,0.024573802947998047,0.03426474332809448,1.6342551928124232,0.20869946100142334,0.2551891687661977,0.6272894144058228,0.31888153254985807,0.13730305433273315,0.0,0.8436768526798035,0.6884692013263702,looking_away,non_engaged
0.49038589000701904,0.49528104066848755,0.8693283200263977,0.27270931878031124,0.01450502872467041,0.005421042442321777,1.5695129653900082,0.2485091432436767,0.29690949431694574,0.5870736241340637,0.29623755514621736,0.12324458360671997,0.0,0.872133982279416,0.6713485419750214,looking_away,non_engaged
0.48297184705734253,0.5156046748161316,0.8067490458488464,0.3152849447185129,0.005898475646972656,0.0013293027877807617,1.8103162204609395,0.30345148555289636,0.3271184038841295,0.5270651876926422,0.31358103752136235,0.11432036757469177,0.0,0.9371830386493663,0.6550580263137817,looking_away,non_engaged
0.5252290964126587,0.5484954118728638,0.7771716117858887,0.391118711212333,0.004572272300720215,8.696317672729492e-05,1.9715683811162141,0.40407560994816616,0.3781618124764998,0.45085273683071136,0.31843469440937044,0.1039476990699768,0.0,0.8463528505163537,0.6536257863044739,looking_away,non_engaged
0.5397039651870728,0.5762231349945068,0.8430075645446777,0.38355133342488024,0.010698407888412476,0.0001678466796875,1.9098728094129325,0.3990466396219714,0.3680560272277891,0.5095262378454208,0.3231385171413421,0.11180561780929565,0.0,0.7619161104473743,0.702824056148529,looking_away,non_engaged
0.5453163385391235,0.5809102058410645,0.8444232940673828,0.3908815748937781,0.008656114339828491,1.1920928955078125e-07,1.920896694945514,0.40801712335976137,0.37374602642779486,0.5061833411455154,0.3274602234363556,0.11196181178092957,0.0,0.7674574925578881,0.7048384547233582,looking_away,non_engaged
0.5505083203315735,0.5716745853424072,0.8390467762947083,0.39799272411404085,0.013498693704605103,0.00026601552963256836,1.888886536697469,0.4131372203311599,0.38284822789692174,0.5050376206636429,0.32277536094188686,0.111529141664505,0.0,0.7723411670896065,0.7012655735015869,looking_away,non_engaged
0.5347360372543335,0.5718550086021423,0.8350409865379333,0.39253124614036605,0.012777209281921387,0.00013625621795654297,1.9235789531173648,0.4085025068898272,0.37655998539090485,0.5062609314918518,0.32501554787158965,0.112824946641922,0.0,0.7809983876467411,0.6982288062572479,looking_away,non_engaged
0.5436597466468811,0.56810462474823,0.8369738459587097,0.3942888619102827,0.01203426718711853,2.0384788513183594e-05,1.8777777572115064,0.4092780848942961,0.3792996389262692,0.5048785209655762,0.32074570953845977,0.1102294921875,0.0,0.758055063288501,0.6984412670135498,looking_away,non_engaged
0.5343103408813477,0.5757638812065125,0.8246046304702759,0.3805853527756836,0.006150484085083008,0.00029909610748291016,1.9713389869636206,0.38963012047478945,0.3715405850765777,0.4905514419078827,0.3304795056581497,0.11073848605155945,0.0,0.8145946031055431,0.6918691992759705,looking_away,non_engaged
0.5351916551589966,0.5793704390525818,0.8320078253746033,0.38532041487388574,0.005871802568435669,0.0003272891044616699,1.9660819932414952,0.40107581133718173,0.36956501841058975,0.4967077821493149,0.3320776164531708,0.11096319556236267,0.0,0.7962724932360541,0.6980987787246704,looking_away,non_engaged
0.5469335913658142,0.5761045217514038,0.8434048295021057,0.390382676886355,0.012889713048934937,0.00011557340621948242,1.8935824693772065,0.4043317627737035,0.3764335909990064,0.5061570703983307,0.32438273131847384,0.11025756597518921,0.0,0.7656750791262024,0.7021593749523163,looking_away,non_engaged
0.53428053855896,0.5698257684707642,0.8278276920318604,0.38985102717803677,0.01000136137008667,0.0003255605697631836,1.8906000204675946,0.40770679905053475,0.37199525530553884,0.4877803325653076,0.32520347535610195,0.10664954781532288,0.0,0.7753438426218594,0.6932104229927063,looking_away,non_engaged
0.5495480895042419,0.5741233825683594,0.8426394462585449,0.39283122158721795,0.014567017555236816,0.0002536773681640625,1.8796701861345646,0.4078515914804296,0.3778108516940063,0.5047235190868378,0.3260779708623886,0.10988038778305054,0.0,0.7640091058793108,0.702874630689621,looking_away,non_engaged
0.5305784940719604,0.5744637846946716,0.8409744501113892,0.38906811368860944,0.010524868965148926,0.00019037723541259766,1.8946146984852454,0.407957070442984,0.37017915693423487,0.5049369186162949,0.32462513148784633,0.11120003461837769,0.0,0.7766014896595376,0.7000243663787842,looking_away,non_engaged
0.5223258137702942,0.583790123462677,0.8216716647148132,0.3743861623785515,0.003402233123779297,5.120038986206055e-05,2.079294765264407,0.38208562092420867,0.36668670383289437,0.4946279227733612,0.3377868324518204,0.11373472213745117,0.0,0.8558261991049082,0.6914049386978149,looking_away,non_engaged
0.5274202227592468,0.5659095048904419,0.8183313608169556,0.396865294441084,0.010041356086730957,0.00028210878372192383,1.912706451788342,0.4118077461173504,0.38192284276481764,0.4828108251094818,0.32232884764671327,0.1052064299583435,0.0,0.7810473359791628,0.6856737732887268,looking_away,non_engaged
0.5292046070098877,0.5569453239440918,0.7909263968467712,0.3940123247148393,0.004694432020187378,0.00031447410583496094,1.9768278604282534,0.4132170004341598,0.3748076489955188,0.4625422805547714,0.32313692271709443,0.10472878813743591,0.0,0.8277370620170255,0.665782243013382,looking_away,non_engaged
0.5371549725532532,0.5751966238021851,0.8439501523971558,0.3971621176939064,0.008463680744171143,0.00019741058349609375,1.931670873558754,0.4163684963085805,0.37795573907923236,0.5191452950239182,0.31580021679401393,0.11409014463424683,0.0,0.7776850432090001,0.7023138403892517,looking_away,non_engaged
0.5454168319702148,0.5669227242469788,0.83524090051651,0.38747852947587114,0.012775003910064697,0.00020492076873779297,1.8736272346898148,0.4026882610108041,0.3722687979409381,0.5027301162481308,0.32058873772621155,0.10920947790145874,0.0,0.7518446130349907,0.6973263621330261,looking_away,non_engaged
0.5163031816482544,0.5927423238754272,0.8285917043685913,0.38640781771857263,0.0052065253257751465,0.00033718347549438477,2.0925588245656717,0.3986863778995239,0.3741292575376214,0.4935307949781418,0.34660021364688876,0.11437365412712097,0.0,0.8800805991606403,0.6981339752674103,looking_away,non_engaged
0.515771746635437,0.5576021075248718,0.867274284362793,0.40478422648937734,0.00014272332191467285,0.0009510517120361328,1.7115556467841335,0.41670007423492145,0.39286837874383324,0.5300228744745255,0.32110823690891266,0.11556452512741089,0.0,0.834742531283736,0.7092599272727966,looking_away,non_engaged
0.539141833782196,0.5877094268798828,0.8761404752731323,0.39966005804253074,0.0062871575355529785,0.00047451257705688477,1.8652007941863609,0.41286858728163206,0.3864515288034294,0.5379836857318878,0.333512556552887,0.1185465157032013,0.0,0.8106201001341296,0.7230454981327057,looking_away,non_engaged
0.5201953053474426,0.548680305480957,0.8555085062980652,0.3714807137777131,0.0017945468425750732,0.0001989603042602539,1.7371311268644147,0.37782534081868147,0.36513608673674464,0.5330025553703308,0.3161979466676712,0.11851829290390015,0.0,0.8780999768787667,0.6993894577026367,looking_away,non_engaged
0.5492259860038757,0.5715333223342896,0.8304026126861572,0.39385297313105094,0.011667788028717041,0.0004725456237792969,1.8566622827938908,0.4080080124852964,0.3796979337768055,0.4806347042322159,0.33007841408252714,0.10381007194519043,0.0,0.7849059511863555,0.6957524418830872,looking_away,non_engaged
0.5404894948005676,0.5708060264587402,0.8467060327529907,0.39407705047268293,0.008308231830596924,0.000609278678894043,1.907937828428269,0.40796596911810784,0.38018813182725797,0.5264019668102264,0.3130518704652786,0.11479827761650085,0.0,0.7959512896187009,0.7018739581108093,looking_away,non_engaged
0.5475833415985107,0.5662838220596313,0.8323394060134888,0.4049271579349463,0.007725059986114502,0.0003904104232788086,1.9085049216431433,0.41748297985396504,0.3923713360159276,0.507770299911499,0.3252513349056244,0.11407312750816345,0.0,0.8064694011090376,0.6945565640926361,looking_away,non_engaged
0.5350478291511536,0.5811982154846191,0.8449004888534546,0.39233779521013024,0.009545892477035522,0.00025665760040283203,1.9222197736769122,0.4078283010592968,0.3768472893609637,0.5068956464529037,0.33377849161624906,0.11164313554763794,0.0,0.7948309802728815,0.7071892023086548,looking_away,non_engaged
0.5398281216621399,0.5543991327285767,0.8261063098907471,0.4104100694682388,0.004369676113128662,0.0009551048278808594,1.7976400278611915,0.4272075457725338,0.39361259316394387,0.48843349516391754,0.31876614689826965,0.11008104681968689,0.0,0.7968375501938136,0.686502605676651,looking_away,non_engaged
0.5086504220962524,0.5710914731025696,0.8929520845413208,0.3719585954024818,3.933906555175781e-06,0.0005695819854736328,1.7638638327894338,0.3757144017237649,0.36820278908119863,0.5677200555801392,0.3299684047698974,0.12271714210510254,0.0,0.9284600707336148,0.7288983464241028,looking_away,non_engaged
0.5113077163696289,0.5536878108978271,0.8668396472930908,0.35743724251605546,0.0002911090850830078,0.0006250739097595215,1.7047984071442335,0.36526279938553013,0.34961168564658074,0.5338624566793442,0.3269719511270523,0.12062093615531921,0.0,0.9117029575655538,0.7063600718975067,looking_away,non_engaged
0.505439281463623,0.5595225095748901,0.8691403865814209,0.3565175481908578,0.0014783143997192383,0.00027483701705932617,1.7635183485599546,0.3601623271966698,0.35287276918504584,0.5460185706615448,0.32562621533870695,0.12222445011138916,0.0,0.9160358122966547,0.7118173539638519,looking_away,non_engaged
0.5192320942878723,0.521214485168457,0.8200461864471436,0.3605165892037533,0.0029725730419158936,0.00043976306915283203,1.6980200635616942,0.37091252587078155,0.350120652536725,0.507423922419548,0.2950181901454926,0.11125779151916504,0.0,0.8496499842851775,0.6651690602302551,looking_away,non_engaged
0.5390998125076294,0.5764734148979187,0.847785472869873,0.39899472408438796,0.008496910333633423,0.00041735172271728516,1.9095922442180127,0.41478958563466567,0.38319986253411026,0.518097311258316,0.32083193659782405,0.11317527294158936,0.0,0.796830647624463,0.7055754661560059,looking_away,non_engaged
0.5337917804718018,0.5844954252243042,0.8512039184570312,0.39557473431398404,0.008430421352386475,0.0003064870834350586,1.9147430144872135,0.4116208481187282,0.37952862050923997,0.5106801390647888,0.3338076949119568,0.11261439323425293,0.0,0.7944575151787275,0.7122470140457153,looking_away,non_engaged
0.5109244585037231,0.5694534778594971,0.8838924765586853,0.36138781119636276,0.0030042529106140137,0.0012410879135131836,1.786135769064135,0.3743259027476817,0.3484497196450438,0.5616325289011002,0.3232710599899292,0.1228264570236206,0.0,0.8882198259196391,0.7223113477230072,looking_away,non_engaged
0.5194765329360962,0.5609617233276367,0.8172181844711304,0.4057081597571289,0.010239869356155396,0.00012767314910888672,1.830321552798489,0.42521279272951185,0.3862035267847459,0.4690335541963577,0.3242833644151688,0.10425186157226562,0.0,0.7825133847580313,0.6845218539237976,looking_away,non_engaged
0.49613767862319946,0.5779067873954773,0.8980495929718018,0.3716193264678108,0.0022354722023010254,0.0002027750015258789,1.800381121690423,0.3681808964694182,0.3750577564662034,0.5763808637857437,0.3291753023862839,0.12691190838813782,0.0,0.9498816997086809,0.7319242060184479,looking_away,non_engaged
0.5269783735275269,0.5388619899749756,0.8261622786521912,0.4089772604984704,0.002849578857421875,0.00020068883895874023,1.732560147097431,0.42829475768638237,0.38965976331055835,0.49776676297187805,0.3070110470056534,0.10987532138824463,0.0,0.8228502708198084,0.6790201961994171,looking_away,non_engaged
0.527438223361969,0.5736258625984192,0.8471289873123169,0.399694380468131,0.010154187679290771,0.00021529197692871094,1.8947379205152584,0.41652793948866684,0.3828608214475951,0.5182186365127563,0.31492542624473574,0.11381757259368896,0.0,0.7928592793508518,0.7028521299362183,looking_away,non_engaged
0.51418536901474,0.5662515163421631,0.8250970840454102,0.3945212133317005,0.011532604694366455,0.000118255615234375,1.8603646131080072,0.4101306087207037,0.37891181794269724,0.4815489947795868,0.3275441527366638,0.10779121518135071,0.0,0.7840022277171127,0.6914224028587341,looking_away,non_engaged
0.5142061710357666,0.5649794340133667,0.8851300477981567,0.3877112583713821,0.0017718076705932617,0.0014511346817016602,1.7728769981545516,0.39901611165373413,0.37640640508903006,0.5675894320011139,0.32117692530155184,0.12410932779312134,0.0,0.8535900791021571,0.7224240899085999,looking_away,non_engaged
0.51805579662323,0.5713391900062561,0.8992721438407898,0.3710202521010808,0.0026626288890838623,0.00020760297775268555,1.7364707720951753,0.38870438947843866,0.35333611472372295,0.5694477260112762,0.3256339818239212,0.12636634707450867,0.0,0.8668619286501115,0.7294840812683105,looking_away,non_engaged
0.4766727089881897,0.5597845315933228,0.8522912263870239,0.36113076786323567,0.012370824813842773,0.0010964274406433105,1.7980630326613996,0.35232042758227144,0.3699411081441999,0.5259472727775574,0.3233902007341385,0.11482572555541992,0.0,0.8883125189674527,0.6980191767215729,looking_away,non_engaged
0.4930574893951416,0.5595287084579468,0.8524653315544128,0.3640243459091575,0.005746066570281982,3.30805778503418e-05,1.801900633456481,0.3584494474272328,0.3695992443910822,0.5278444886207581,0.32619728446006774,0.11607259511947632,0.0,0.9993704110310508,0.6984571218490601,looking_away,non_engaged
0.5077256560325623,0.5675994753837585,0.8731197118759155,0.35929630956605435,0.0012399554252624512,0.0010033845901489258,1.7958165717245087,0.36488201555911937,0.35371060357298933,0.5486600995063782,0.32955975234508517,0.12146726250648499,0.0,0.9723623747602966,0.7123052775859833,looking_away,non_engaged
0.494783878326416,0.5719667077064514,0.8799272775650024,0.3503685510728187,0.003381967544555664,6.0439109802246094e-05,1.7750326986676865,0.34887460066046594,0.35186250148517156,0.5466418564319611,0.3338803857564926,0.12142103910446167,0.0,0.9876259456622141,0.7190235257148743,looking_away,non_engaged
0.45724236965179443,0.5739436745643616,0.8720871210098267,0.38625806327350454,0.012779593467712402,0.0027986764907836914,1.8021923484525737,0.3640354043743505,0.40848072217265863,0.5373136401176453,0.33394210040569305,0.11876070499420166,0.0,0.831835340645244,0.7170233726501465,looking_away,non_engaged
0.487207293510437,0.5597385168075562,0.8488039970397949,0.359200760663463,0.00639033317565918,0.00031960010528564453,1.8243013182432481,0.3522395756154065,0.36616194571151955,0.527344360947609,0.3266682654619217,0.11592978239059448,0.0,0.9657098899294492,0.6955716013908386,looking_away,non_engaged
0.5004045367240906,0.570794939994812,0.8765220642089844,0.3610281708838722,0.0036731362342834473,0.0004048347473144531,1.789967630613916,0.35700342239179705,0.3650529193759473,0.5472434461116791,0.3324471265077591,0.11865144968032837,0.0,0.997656824782188,0.7160822749137878,looking_away,non_engaged
0.501940906047821,0.5420916080474854,0.8329414129257202,0.3663702837958902,0.004362940788269043,0.00013822317123413086,1.7592081881660036,0.36234796817461745,0.370392599417163,0.5116671174764633,0.31813074350357057,0.1119154691696167,0.0,0.9920721144904245,0.6799173653125763,looking_away,non_engaged
0.4833603501319885,0.5608693361282349,0.8556767702102661,0.33271529096538804,0.0055239200592041016,7.927417755126953e-05,1.842216066795779,0.3309756423712616,0.3344549395595145,0.5431008338928223,0.3290714621543884,0.11914873123168945,0.0,0.9955557320201284,0.6997355222702026,looking_away,non_engaged
0.4958142042160034,0.5451271533966064,0.8358538746833801,0.3561778899122703,0.004532039165496826,0.00017571449279785156,1.7569796370074788,0.3465133804020489,0.36584239942249164,0.510802686214447,0.3204914003610611,0.11128342151641846,0.0,0.9983574418023512,0.6822734475135803,looking_away,non_engaged
0.49918630719184875,0.5619935989379883,0.8623203039169312,0.3539838756629585,0.002215057611465454,0.0005217790603637695,1.79859893402259,0.3514956667789049,0.35647208454701207,0.5401690900325775,0.331139400601387,0.11789926886558533,0.0,0.9949611038170121,0.7023239731788635,looking_away,non_engaged
0.48584482073783875,0.5645877718925476,0.8576512336730957,0.3504893525879277,0.005141854286193848,0.000676274299621582,1.8355478452740848,0.3421898984403876,0.35878880673546776,0.5379338413476944,0.328384929895401,0.11869865655899048,0.0,0.9827612709326198,0.7016562521457672,looking_away,non_engaged
0.4890472888946533,0.5589414834976196,0.8533282279968262,0.3564692391098486,0.005809903144836426,0.0003056526184082031,1.8014715106374681,0.34800722729589056,0.3649312509238066,0.5303311347961426,0.3261654764413834,0.11631083488464355,0.0,0.9977577963218727,0.6971810460090637,looking_away,non_engaged
0.4964262843132019,0.578452467918396,0.8830453753471375,0.3606426996477017,0.004456520080566406,0.0005006790161132812,1.8145322007015607,0.356944358221364,0.3643410410740393,0.5526954531669617,0.33558101654052735,0.12098604440689087,0.0,0.9980091575790451,0.7203335762023926,looking_away,non_engaged
0.4583635628223419,0.5755268335342407,0.8847042322158813,0.3985878209142869,0.0094451904296875,0.002860426902770996,1.7891816375188938,0.3623237650350281,0.4348518767935457,0.5531763136386871,0.3268774151802063,0.12434464693069458,0.0,0.791800448531103,0.7233685851097107,looking_away,non_engaged
0.49359452724456787,0.5792447328567505,0.8855283856391907,0.34210867427007363,0.001571953296661377,3.546476364135742e-05,1.8018436332945549,0.33960955193566356,0.34460779660448376,0.5518770515918732,0.3347505748271942,0.12297916412353516,0.0,0.9815866002372065,0.7237176597118378,looking_away,non_engaged
0.4864489436149597,0.5716596245765686,0.8675141334533691,0.35483563379492084,0.005908399820327759,0.0006988048553466797,1.8523582454694023,0.3538593269106442,0.35581194067919747,0.5480303913354874,0.33259194791316987,0.11910426616668701,0.0,0.9508841403557582,0.7113797664642334,looking_away,non_engaged
0.5006097555160522,0.5850290060043335,0.8980210423469543,0.3522593441775288,0.0019103586673736572,0.00023424625396728516,1.8200941251534617,0.353801820176719,0.35071686817833864,0.5696767866611481,0.3369791835546494,0.12501585483551025,0.0,0.9821077341807445,0.732553243637085,looking_away,non_engaged
0.5018824338912964,0.5446269512176514,0.83577561378479,0.3604284533317227,0.0042189061641693115,0.0003218650817871094,1.752508124979046,0.35296748357690105,0.3678894230865444,0.510242149233818,0.31903131604194646,0.11160686612129211,0.0,0.9935275232802813,0.6840433478355408,looking_away,non_engaged
0.5109879970550537,0.5724595785140991,0.8812600374221802,0.3588464847819605,0.0012976229190826416,0.0009968280792236328,1.825181241577589,0.36703349158372595,0.3506594779801951,0.5636186301708221,0.3316861063241959,0.12307876348495483,0.0,0.959289652977417,0.7220715880393982,looking_away,non_engaged
0.5009152293205261,0.5571645498275757,0.8528510332107544,0.3552801056596574,0.005093365907669067,0.00037169456481933594,1.7666289564989985,0.353387950069848,0.35717226124946677,0.5223700702190399,0.3275394797325134,0.11389467120170593,0.0,0.9927135733161684,0.6974995136260986,looking_away,non_engaged
0.5003607273101807,0.5617737770080566,0.8616265654563904,0.3644336969737647,0.0035617947578430176,0.00036525726318359375,1.787988240697375,0.35934866284954214,0.3695187310979872,0.5361350476741791,0.32868413925170903,0.1171610951423645,0.0,0.9991590484613035,0.7056223452091217,looking_away,non_engaged
0.48268386721611023,0.5749353170394897,0.8789529800415039,0.35671596192379557,0.011046648025512695,0.0007532238960266113,1.809382018795359,0.3495126685910615,0.36391925525652963,0.5500859022140503,0.33100111186504366,0.12169697880744934,0.0,0.9182772257049463,0.717531144618988,looking_away,non_engaged
0.47308993339538574,0.5282151103019714,0.8035968542098999,0.4264380431253293,0.004890739917755127,0.0007041692733764648,1.6830866479324025,0.38732420349434293,0.4655518827563157,0.4634930193424225,0.31058714091777806,0.099183589220047,0.0,0.7366944344735241,0.6618603765964508,looking_away,non_engaged
0.4656796455383301,0.5269659161567688,0.8047803640365601,0.4130696118189786,0.0080605149269104,0.0007946491241455078,1.6823229659909076,0.37827689268868464,0.4478623309492725,0.4673753082752228,0.3091851383447647,0.10087844729423523,0.0,0.7723185142408574,0.6606279611587524,looking_away,non_engaged
0.4624226987361908,0.5476351380348206,0.8273977637290955,0.4678745320170894,0.0036874115467071533,0.00032401084899902344,1.6725905232971763,0.41106632176777774,0.5246827422664011,0.46792998909950256,0.3246893972158432,0.10280504822731018,0.0,0.679756593593491,0.6836438775062561,looking_away,non_engaged
0.4582279920578003,0.5309525728225708,0.8075695037841797,0.4558030318838744,5.02169132232666e-05,9.298324584960938e-06,1.6449610874299916,0.4030872116839714,0.5085188520837773,0.45502573251724243,0.3076681673526764,0.09709221124649048,0.0,0.695158164673384,0.6661378741264343,looking_away,non_engaged
0.5177701115608215,0.5840685367584229,0.8174981474876404,0.3497922010218897,0.0016902685165405273,0.0009163022041320801,2.0363118562592244,0.35878225383949014,0.3408021482042892,0.47533752024173737,0.349230232834816,0.10856017470359802,0.0,0.8456305710812517,0.6913311779499054,looking_away,non_engaged
0.5148134827613831,0.5789311528205872,0.8198914527893066,0.34825822049863275,0.001579195261001587,0.00017958879470825195,2.061625689347414,0.3560124494696253,0.3405039915276402,0.49677200615406036,0.3392015963792801,0.11470210552215576,0.0,0.8847084634721466,0.6889947652816772,looking_away,non_engaged
0.5351918339729309,0.5942809581756592,0.8598332405090332,0.3661598789299677,0.00046306848526000977,0.00047278404235839844,1.9131558255989307,0.3946560023897499,0.33766375547018546,0.5080448091030121,0.33540194034576415,0.11424866318702698,0.0,0.722610007808554,0.7159432470798492,looking_away,non_engaged
0.5349547863006592,0.6009175181388855,0.858646035194397,0.3497851668627925,0.006144702434539795,0.0011895298957824707,1.97222710337981,0.3762816295782289,0.3232887041473561,0.5083011388778687,0.34652776420116427,0.11383408308029175,0.0,0.7853596874939915,0.7169097065925598,looking_away,non_engaged
0.5082833766937256,0.585335910320282,0.8121687173843384,0.3509748537814932,0.0033187270164489746,0.00041878223419189453,2.1120498051657286,0.3487963500643557,0.35315335749863064,0.4790842980146408,0.3510403305292129,0.11224767565727234,0.0,0.9246044199801705,0.6871835589408875,looking_away,non_engaged
0.5481783747673035,0.5782981514930725,0.830305814743042,0.35326600749816117,0.0012859702110290527,0.000813603401184082,1.8731934542440194,0.3810412822974888,0.32549073269883355,0.4720609784126282,0.3350865840911865,0.10644754767417908,0.0,0.6710568089890081,0.6957065463066101,looking_away,non_engaged
0.5566924810409546,0.5913397073745728,0.7468405961990356,0.18587235848437728,0.004508405923843384,0.0040242671966552734,2.7003438442928784,0.25627427193675173,0.11547044503200285,0.4199085682630539,0.35052578449249266,0.09853100776672363,1.0,0.6035165848084143,0.639344334602356,looking_away,non_engaged
0.5595893859863281,0.5736047029495239,0.7224222421646118,0.16547280534089745,0.00755646824836731,0.0016990900039672852,2.4357808146847026,0.2544955176233821,0.07645009305841284,0.36248934268951416,0.3598019301891327,0.0873681902885437,1.0,0.5991549087330983,0.6296868026256561,looking_away,non_engaged
0.5421544909477234,0.5821301937103271,0.7299266457557678,0.20653416874694594,0.007880568504333496,0.001114189624786377,2.646803793172988,0.29186037801866116,0.12120795947523072,0.39119085669517517,0.35516093075275423,0.089272141456604,1.0,0.6668771881542399,0.6358574330806732,looking_away,non_engaged
0.5418086647987366,0.5660629272460938,0.7094533443450928,0.1686932039467508,0.0044626593589782715,0.0015825629234313965,2.659710959447317,0.234512273683516,0.1028741342099856,0.38137972354888916,0.35767086744308474,0.08914327621459961,1.0,0.7009888296418361,0.6186701059341431,looking_away,non_engaged
0.5481926202774048,0.582230269908905,0.7426469326019287,0.22220109786406694,0.009043484926223755,0.0005570650100708008,2.4622048422099456,0.3077668637165742,0.13663533201155967,0.39498114585876465,0.3589998364448548,0.08970209956169128,0.0,0.6486793235022033,0.6406720876693726,looking_away,non_engaged
0.5408174991607666,0.5650481581687927,0.7140772938728333,0.20092793669360987,0.004971146583557129,6.836652755737305e-05,2.7396364333665546,0.2589400383788646,0.14291583500835517,0.4082883894443512,0.3426168620586395,0.09542164206504822,1.0,0.7143601632044707,0.6240445971488953,looking_away,non_engaged
0.5490986704826355,0.5807242393493652,0.7404983639717102,0.18694376727155385,0.007244110107421875,0.0003561973571777344,2.5589055175641735,0.25439392165611113,0.11949361288699656,0.40884944796562195,0.35944212377071383,0.0895833671092987,1.0,0.6824243295212822,0.6413265466690063,looking_away,non_engaged
0.5405068397521973,0.5697466135025024,0.7203218936920166,0.14671077770968777,0.0024182796478271484,0.0015437006950378418,2.6861515733913977,0.19792920545536105,0.0954923499640145,0.4044707119464874,0.3505940496921539,0.09775674343109131,1.0,0.7272026232040243,0.6250119805335999,looking_away,non_engaged
0.5248439908027649,0.5658261775970459,0.7218754291534424,0.10547235392583022,0.0046527087688446045,0.0012822151184082031,2.8048173209040725,0.1220224136022873,0.08892229424937315,0.43769244849681854,0.34089342653751376,0.1044645607471466,1.0,0.8171596579287903,0.6201730370521545,looking_away,non_engaged
0.5304026007652283,0.568608820438385,0.712439775466919,0.10935422186504005,0.005361676216125488,0.000977933406829834,2.835078377029589,0.12133418355092157,0.09737426017915854,0.4077748656272888,0.3512657046318054,0.09740924835205078,1.0,0.8068482533503477,0.6191998720169067,looking_away,non_engaged
0.5289871096611023,0.5710928440093994,0.7151038646697998,0.10623488459255911,0.008177459239959717,0.0018453598022460938,2.8939703949968982,0.13010309329602754,0.0823666758890907,0.41676652431488037,0.3475528657436371,0.0978211760520935,1.0,0.7932774730732819,0.6216199696063995,looking_away,non_engaged
0.5408143997192383,0.5677185654640198,0.7163068056106567,0.12142323899580341,0.00441819429397583,0.0006690025329589844,2.6564274145877174,0.14426203982912497,0.09858443816248186,0.3947165310382843,0.3553680986166,0.09662359952926636,1.0,0.7416691703352434,0.6219894289970398,looking_away,non_engaged
0.5305241346359253,0.5742403864860535,0.7263500690460205,0.1631870088195633,0.00419461727142334,0.0006725192070007324,2.5903519275864144,0.22196132512040107,0.10441269251872555,0.3940201997756958,0.35828141570091243,0.0967596173286438,1.0,0.7345758882645158,0.6333756744861603,looking_away,non_engaged
0.5264853239059448,0.5797605514526367,0.7454763054847717,0.23565441973298332,0.008809566497802734,0.0003311038017272949,2.500139395651731,0.25464176423364915,0.21666707523231749,0.41431498527526855,0.3545754551887512,0.10057276487350464,0.0,0.8532883168495355,0.6372534334659576,looking_away,non_engaged
0.5292163491249084,0.5826587080955505,0.7371510863304138,0.15736535111664784,0.0011544525623321533,0.0015511512756347656,2.747275762962089,0.19386106493175143,0.12086963730154424,0.42443591356277466,0.3513238489627838,0.10161715745925903,1.0,0.7678590464764432,0.6341156959533691,looking_away,non_engaged
0.5243914723396301,0.5669004321098328,0.7456092238426208,0.09395425353320422,0.003494083881378174,0.0010479092597961426,2.474840782734122,0.10932943896549029,0.07857906810091815,0.44227828085422516,0.33785639703273773,0.10584014654159546,1.0,0.8320134766407605,0.6261112093925476,looking_away,non_engaged
0.527542233467102,0.5763723850250244,0.7319614291191101,0.12090361256567586,0.007773369550704956,0.0010802745819091797,2.7372775063981907,0.14422478245883183,0.0975824426725199,0.4258931279182434,0.35127744972705843,0.103476881980896,1.0,0.8539008995053066,0.631287008523941,looking_away,non_engaged
0.5374049544334412,0.5647400617599487,0.7233138084411621,0.12829512014696665,0.005810737609863281,0.0007118582725524902,2.6173101934883904,0.17341083448962855,0.08317940580430473,0.4150393009185791,0.33507358133792875,0.10032054781913757,1.0,0.7769710239431884,0.6227794885635376,looking_away,non_engaged
0.5398127436637878,0.5673108100891113,0.7100512385368347,0.11985971467743377,0.0032926201820373535,0.0012059807777404785,2.8161060894266834,0.16543754669284705,0.07428188266202049,0.40197500586509705,0.3502833753824234,0.09584802389144897,1.0,0.7449420244527316,0.619322270154953,looking_away,non_engaged
0.5212730765342712,0.5805136561393738,0.7404069900512695,0.1383037802106538,0.0076184868812561035,0.0005581378936767578,2.6747394286136075,0.148150042065243,0.1284575183560646,0.42767567932605743,0.3512838125228882,0.10460484027862549,1.0,0.8452931057219263,0.6363427639007568,looking_away,non_engaged
0.5295145511627197,0.5726770162582397,0.7136331796646118,0.09913044435089821,0.00685545802116394,0.0015401244163513184,2.9434089819539375,0.1174892250622062,0.08077166363959024,0.41489458084106445,0.34468900263309477,0.10329800844192505,1.0,0.8033247011057347,0.6193351745605469,looking_away,non_engaged
0.5307589769363403,0.5733407735824585,0.7187680006027222,0.140125997961135,0.005502879619598389,0.0009706020355224609,2.856573491247675,0.17667762849581095,0.10357436742645904,0.41542641818523407,0.3493596732616424,0.09780299663543701,1.0,0.7699153762104038,0.6279494166374207,looking_away,non_engaged
0.5291061997413635,0.5656085014343262,0.7112516760826111,0.10078149244042284,0.00837680697441101,0.0011888742446899414,2.8032723189829936,0.1223510465287751,0.07921193835207056,0.40828028321266174,0.3487780690193176,0.0963713526725769,1.0,0.8149308093514447,0.6164062023162842,looking_away,non_engaged
0.521676778793335,0.5793060064315796,0.7270317077636719,0.09753940566629643,0.0057180821895599365,0.001873791217803955,2.933474626421189,0.12017586790522086,0.07490294342737201,0.433352530002594,0.3493253380060196,0.10351020097732544,1.0,0.8117566959342639,0.6281786859035492,looking_away,non_engaged
0.5298311710357666,0.5683020353317261,0.7121164798736572,0.11792087903865672,0.0022407174110412598,0.0004926323890686035,2.7356578205118205,0.15340944294644207,0.08243231513087139,0.39342984557151794,0.3532660096883774,0.09551206231117249,1.0,0.7480900162367476,0.6232404708862305,looking_away,non_engaged
0.45759597420692444,0.5806270837783813,0.7681178450584412,0.3979778319373185,0.018000543117523193,0.0012494325637817383,2.1603166596040766,0.3463322351954996,0.4496234286791374,0.40504157543182373,0.3479863315820694,0.09109437465667725,0.0,0.5868557187966167,0.6592746675014496,looking_away,non_engaged
0.4354702830314636,0.5838744640350342,0.7791664600372314,0.2758585503183266,0.012511193752288818,0.00040608644485473633,2.0877383897607915,0.190673127718621,0.3610439729180323,0.407720685005188,0.3541483402252197,0.08831310272216797,0.0,0.5425450133049066,0.6659400165081024,looking_away,non_engaged
0.4507218599319458,0.5670539140701294,0.7440738081932068,0.25369494554550454,0.013577491044998169,0.0004735589027404785,2.1752164486034364,0.13943930032702623,0.3679505907639829,0.38505876064300537,0.3531146734952927,0.0827970802783966,0.0,0.46972234922599887,0.6313734948635101,looking_away,non_engaged
0.41797882318496704,0.5655194520950317,0.8056966066360474,0.5411167832607929,0.02537393569946289,0.00014466047286987305,1.741211520653216,0.36000427082535225,0.7222292956962336,0.4182009696960449,0.33943364322185515,0.07432937622070312,0.0,0.4155415837047226,0.6756055951118469,looking_away,non_engaged
0.43659019470214844,0.5569090843200684,0.8044118285179138,0.6154086102489733,0.01744556427001953,0.002103149890899658,1.5505859578515446,0.410214391450243,0.8206028290477035,0.38377583026885986,0.34131322503089906,0.0676429271697998,0.0,0.31787932701929555,0.6734496057033539,looking_away,non_engaged
0.4367620348930359,0.5661306381225586,0.8108534216880798,0.536631733903354,0.024776101112365723,0.000546872615814209,1.6439484800577473,0.3616181198433525,0.7116453479633553,0.4023132920265198,0.34282030165195465,0.07600978016853333,0.0,0.37385544935755977,0.6776002645492554,looking_away,non_engaged
0.4154347777366638,0.5685185194015503,0.8010285496711731,0.47588888958353626,0.029238015413284302,0.0007532835006713867,1.7994790931949727,0.32053865575944573,0.6312391234076268,0.41839873790740967,0.347496822476387,0.0804586410522461,0.0,0.437272822991535,0.6724128425121307,looking_away,non_engaged
0.44043833017349243,0.5599898099899292,0.8107486963272095,0.5116315396832476,0.018997162580490112,7.301568984985352e-05,1.6813391403853148,0.3715698881143366,0.6516931912521586,0.421612411737442,0.3408659279346466,0.08044677972793579,0.0,0.421436323153097,0.6815285086631775,looking_away,non_engaged
0.4192850589752197,0.5597520470619202,0.8094664812088013,0.4733660232768901,0.017926663160324097,0.0006577372550964355,1.6292511004745347,0.3464216098149615,0.6003104367388187,0.4068491458892822,0.3416351765394211,0.08256450295448303,0.0,0.3999486751714654,0.6816345751285553,looking_away,non_engaged
0.4243687391281128,0.5549218058586121,0.8033697009086609,0.4890949457304671,0.01666855812072754,0.00020182132720947266,1.7229249620743214,0.35750034563575167,0.6206895458251824,0.42805880308151245,0.33481232523918153,0.08555728197097778,0.0,0.42466557441445163,0.676477700471878,looking_away,non_engaged
0.40655240416526794,0.5615590214729309,0.8079622387886047,0.4673780176043848,0.015825510025024414,0.0012548565864562988,1.6141741619782055,0.3579037103427263,0.5768523248660433,0.39773932099342346,0.3388375133275986,0.07657632231712341,0.0,0.3840763558598509,0.6804719269275665,looking_away,non_engaged
0.41751861572265625,0.5537445545196533,0.8073975443840027,0.45486672674660394,0.018023967742919922,0.0003338456153869629,1.6132024752739682,0.3448705397786067,0.5648629137146012,0.4091952443122864,0.3404981017112732,0.08027869462966919,0.0,0.4262001767422908,0.6772768497467041,looking_away,non_engaged
0.4254886507987976,0.5566257834434509,0.8061671257019043,0.4760505308180357,0.017048239707946777,0.000727534294128418,1.6024300611030884,0.34824180466707866,0.6038592569689928,0.39987415075302124,0.33781552910804746,0.07804107666015625,0.0,0.3923387943198724,0.6751875281333923,looking_away,non_engaged
0.4190472960472107,0.5608354806900024,0.8110827207565308,0.5144057676962093,0.021388530731201172,0.0005782246589660645,1.6658687657641174,0.36730860420612904,0.6615029311862896,0.41688072681427,0.3404578477144241,0.08089184761047363,0.0,0.40963536751629126,0.6831567883491516,looking_away,non_engaged
0.4059368669986725,0.5632061958312988,0.8159061670303345,0.5556094161896429,0.0156744122505188,0.0002856254577636719,1.5298208024871098,0.38401569566137367,0.727203136717912,0.3865872025489807,0.3414462864398956,0.0756218433380127,0.0,0.3485304917830684,0.6805949211120605,looking_away,non_engaged
0.48015260696411133,0.5433523058891296,0.8413156270980835,0.30343172859204237,0.004549562931060791,0.0009392499923706055,1.8272993057614284,0.29296398192141704,0.31389947526266765,0.5444699972867966,0.3279182702302933,0.11646980047225952,0.0,0.9267484346919279,0.6865512132644653,looking_away,non_engaged
0.47582241892814636,0.5701905488967896,0.8893371224403381,0.3238953463728744,0.007352918386459351,0.0013671517372131348,1.8010038460339297,0.29683648855082506,0.35095420419492385,0.5747860074043274,0.33427139520645144,0.12405610084533691,0.0,0.8290544115086494,0.7196642160415649,looking_away,non_engaged
0.485064834356308,0.5405691862106323,0.8489941358566284,0.30434144794079276,0.007096588611602783,0.0008273124694824219,1.8117520751414042,0.29262174856758544,0.3160611473140001,0.5587913542985916,0.3230493783950806,0.12205630540847778,0.0,0.9376775338929969,0.6895198225975037,looking_away,non_engaged
0.48188602924346924,0.5500297546386719,0.8555285334587097,0.36284961703953456,0.0035543441772460938,0.0017567873001098633,1.7843758848087066,0.3422016859603507,0.38349754811871833,0.5451264381408691,0.33087236285209654,0.11949333548545837,0.0,0.8836966461243978,0.6942880749702454,looking_away,non_engaged
0.4756702482700348,0.5518461465835571,0.8704226613044739,0.32604267875096005,0.0036327242851257324,0.0011736154556274414,1.8204248628325792,0.30787947076581507,0.34420588673610497,0.5799464285373688,0.3217389643192291,0.12685298919677734,0.0,0.9136747585182234,0.7063528299331665,looking_away,non_engaged
0.4878810942173004,0.5513014793395996,0.8624160289764404,0.30518222141644,0.0033454298973083496,0.0008312463760375977,1.8394970718954913,0.2963226372398152,0.3140418055930649,0.572296142578125,0.33142427206039426,0.12528154253959656,0.0,0.9462137518813138,0.6994855999946594,looking_away,non_engaged
0.47278016805648804,0.5477619767189026,0.8351441621780396,0.32606097839549547,0.0018965601921081543,0.0010935068130493164,1.7584938248890465,0.294509882001768,0.35761207478922297,0.5053615570068359,0.3375976502895355,0.10626649856567383,0.0,0.7800781842289028,0.6869734823703766,looking_away,non_engaged
0.4742247462272644,0.5336359739303589,0.8479307889938354,0.31823627453668546,0.0026960670948028564,0.0013202428817749023,1.841795767904555,0.30695795157941197,0.3295145974939589,0.5788687020540237,0.308315372467041,0.12602195143699646,0.0,0.9416598272278658,0.683964729309082,looking_away,non_engaged
0.49694448709487915,0.5130212306976318,0.794197142124176,0.3252604931415908,0.007093191146850586,0.0013062357902526855,1.7786131913967587,0.31302385613581457,0.33749713014736704,0.5001049637794495,0.31448721587657924,0.11069545149803162,0.0,0.9338580472060083,0.6481921076774597,looking_away,non_engaged
0.49523016810417175,0.5726407766342163,0.8344781398773193,0.11057216332023487,0.004198551177978516,0.00014913082122802734,1.85023316209617,0.1274305140121116,0.09371381262835811,0.48446202278137207,0.3507919698953629,0.12114912271499634,1.0,0.9608282701945259,0.6780011057853699,drowsy,non_engaged
0.49812471866607666,0.5774046182632446,0.8358882665634155,0.058756136480989894,0.01116994023323059,0.0006371140480041504,1.8995369062699807,0.06340885358491274,0.054103419377067044,0.4910011291503906,0.346653151512146,0.1216895580291748,1.0,0.9604379831170539,0.6773701608181,drowsy,non_engaged
0.4960416853427887,0.5700615644454956,0.8331285119056702,0.22285554779292044,9.72747802734375e-05,6.139278411865234e-06,1.8357932006144158,0.230524096113616,0.21518699947222486,0.48293834924697876,0.35126470029354095,0.11851900815963745,0.0,0.9592889878663077,0.6768129765987396,drowsy,non_engaged
0.49511250853538513,0.5665666460990906,0.8269517421722412,0.08944509673481,0.008108854293823242,0.0007279515266418457,1.8605797054374034,0.09317710813850133,0.08571308533111868,0.48446908593177795,0.3466396123170853,0.11840319633483887,1.0,0.9697349955739671,0.671091228723526,drowsy,non_engaged
0.48024964332580566,0.5837290287017822,0.8222230672836304,0.034207423677366774,0.016187667846679688,0.0007967948913574219,2.0722082671120354,0.030756282007439704,0.037658565347293844,0.4942113906145096,0.35548520684242246,0.12171459197998047,1.0,0.980088830106888,0.6728838086128235,drowsy,non_engaged
0.5035350322723389,0.5786868333816528,0.8527706265449524,0.09990602449051195,0.0051863789558410645,0.00010526180267333984,1.834382686657282,0.0948484475749371,0.10496360140608678,0.5027763992547989,0.35441343784332274,0.12229353189468384,1.0,0.9666878132667345,0.6919381618499756,drowsy,non_engaged
0.49917423725128174,0.5742453336715698,0.8496026396751404,0.12223704851370368,0.005126863718032837,0.001049637794494629,1.8033362985225756,0.11372484428101433,0.130749252746393,0.4965636283159256,0.3574756234884262,0.12294033169746399,1.0,0.9710814507343257,0.6874140501022339,drowsy,non_engaged
0.5040755867958069,0.609070360660553,0.8691210746765137,0.06260955065395842,0.02638903260231018,0.016240060329437256,2.07451137630186,0.06002745592311481,0.06519164538480202,0.5394802391529083,0.35051004588603973,0.12235409021377563,1.0,0.9448135983862271,0.6828058958053589,drowsy,non_engaged
0.5015225410461426,0.6073486804962158,0.8573312163352966,0.05673544147959911,0.021397382020950317,0.004062056541442871,2.1693033483052755,0.05888479236200268,0.05458609059719554,0.5422901213169098,0.3455839574337006,0.1211722195148468,1.0,0.9443129020878844,0.6776331067085266,drowsy,non_engaged
0.48723167181015015,0.5766443610191345,0.8348756432533264,0.06986905935984161,0.011006772518157959,0.0007406473159790039,1.8810787158569477,0.06587414040608017,0.07386397831360304,0.4857552498579025,0.35343789756298066,0.11961543560028076,1.0,0.975263761814341,0.6793591380119324,drowsy,non_engaged
0.504021406173706,0.566197395324707,0.8392534852027893,0.16417935529128844,0.00021213293075561523,0.0006608366966247559,1.794663771277437,0.19047246441443813,0.13788624616813874,0.4900456666946411,0.3474449157714844,0.12009680271148682,1.0,0.9675206297888671,0.679685115814209,drowsy,non_engaged
0.47838616371154785,0.5791794061660767,0.8183131217956543,0.029880848837114345,0.012790858745574951,0.0001653432846069336,2.0489602996189125,0.026889299329191634,0.03287239834503706,0.48997753858566284,0.35246614217758176,0.11777907609939575,1.0,0.9803803934989975,0.6696521639823914,drowsy,non_engaged
0.5040298700332642,0.5654548406600952,0.8523738384246826,0.08265922608965931,0.00870463252067566,0.00016105175018310547,1.7826295837254627,0.062343296846383886,0.10297515533293472,0.511472076177597,0.34284473955631256,0.12601056694984436,1.0,0.9667268834514388,0.6821988821029663,drowsy,non_engaged
0.4878680109977722,0.5706397294998169,0.825757622718811,0.0776341071160967,0.009154587984085083,0.0005911588668823242,1.892390439103523,0.06698347879738648,0.0882847354348069,0.48278455436229706,0.3526701331138611,0.11732837557792664,1.0,0.9721662949916368,0.672649621963501,drowsy,non_engaged
0.4994097352027893,0.604724645614624,0.8654896020889282,0.2510904081621572,0.008864641189575195,0.0007410645484924316,2.1661438539619504,0.25919132993707633,0.24298948638723816,0.5648565739393234,0.339737331867218,0.13230019807815552,0.0,0.9884855284124286,0.7126514315605164,drowsy,non_engaged
0.4998038709163666,0.60796719789505,0.8586649298667908,0.14931847159646472,0.004078984260559082,0.00020182132720947266,2.247797387124071,0.17610667140896455,0.12253027178396492,0.5635199546813965,0.3369594246149063,0.13326957821846008,1.0,0.9876967789472423,0.7097429931163788,drowsy,non_engaged
0.49977874755859375,0.571523129940033,0.8560985922813416,0.1744007333736603,0.0010395646095275879,0.0007907748222351074,1.777417291924188,0.19954881705414523,0.1492526496931754,0.5058111250400543,0.3483936369419098,0.12538683414459229,1.0,0.965694065745502,0.6888985931873322,drowsy,non_engaged
0.5009959936141968,0.5665565729141235,0.8375451564788818,0.10401181096745993,0.005088686943054199,0.0001996159553527832,1.8104523513702924,0.1021228142757209,0.10590080765919895,0.490613728761673,0.3448975265026093,0.11899471282958984,1.0,0.9705496472198607,0.6777286529541016,drowsy,non_engaged
0.5028263330459595,0.5712016224861145,0.838495135307312,0.09280555835430922,0.006700694561004639,0.000398099422454834,1.8275843830305825,0.10700627686832444,0.078604839840294,0.48850327730178833,0.3500158667564392,0.12202128767967224,1.0,0.9689052550791116,0.6808955073356628,drowsy,non_engaged
0.501176118850708,0.563974142074585,0.847381055355072,0.20006244263511763,0.0029013752937316895,0.0008673667907714844,1.7555018955803225,0.1970485439289243,0.203076341341311,0.49752312898635864,0.348441231250763,0.12190145254135132,1.0,0.9700513465596813,0.6822539865970612,drowsy,non_engaged
0.5013116598129272,0.5761224031448364,0.8549694418907166,0.08037627728553878,0.012331366539001465,0.0010374784469604492,1.8349468649889902,0.058765246069673836,0.10198730850140374,0.5116713345050812,0.34562935233116154,0.1271289885044098,1.0,0.9666552109641796,0.6867969930171967,drowsy,non_engaged
0.4953015148639679,0.5716471672058105,0.8335307836532593,0.11382438518480228,0.004920095205307007,0.00033676624298095703,1.8313854074994662,0.1276609204437062,0.09998784992589838,0.47961166501045227,0.35548911094665525,0.11626642942428589,1.0,0.9669044193608856,0.6767616868019104,drowsy,non_engaged
0.4994656443595886,0.6053769588470459,0.8331493735313416,0.06128107727562597,0.0011352300643920898,0.0006935000419616699,2.314124014511369,0.0630547033647308,0.059507451186521135,0.5270959287881851,0.3591397047042847,0.12398922443389893,1.0,0.9922187978395394,0.6937391757965088,drowsy,non_engaged
0.4799130856990814,0.5774039030075073,0.8220807313919067,0.04146008410543536,0.012986421585083008,0.0005971193313598633,1.9814698982536205,0.03907671733571251,0.04384345087515822,0.48482175171375275,0.3550407260656357,0.11683109402656555,1.0,0.9832402843893482,0.6719488501548767,drowsy,non_engaged
0.5076338052749634,0.5694477558135986,0.8421377539634705,0.14862895631615158,0.0002097785472869873,0.0005357265472412109,1.7973064676802175,0.17217312937810064,0.1250847832542025,0.49010929465293884,0.3482829689979553,0.12082317471504211,1.0,0.9669694621874888,0.6802349388599396,drowsy,non_engaged
0.5015121698379517,0.5618716478347778,0.8493616580963135,0.1955440322056624,0.001377880573272705,0.0007011890411376953,1.7482057175954182,0.2133092882262229,0.17777877618510196,0.5025934278964996,0.3469110280275345,0.1227937638759613,1.0,0.9687012552190534,0.6831200420856476,drowsy,non_engaged
0.503818690776825,0.6105018854141235,0.8498787879943848,0.0777566425073278,0.0003591477870941162,0.00036829710006713867,2.266115655843378,0.09617964250815945,0.05933364250649614,0.5424580127000809,0.34422661066055293,0.12942788004875183,1.0,0.9836070584095103,0.7052598893642426,drowsy,non_engaged
0.4912124276161194,0.6016950011253357,0.8623694181442261,0.07152629166593755,0.028012394905090332,0.031172573566436768,2.04341030044284,0.05776198956792946,0.08529059376394563,0.5326668322086334,0.3551123350858688,0.12069064378738403,1.0,0.9358816092922445,0.6788423359394073,drowsy,non_engaged
0.49700266122817993,0.5647397041320801,0.8469986915588379,0.21539567528458267,0.0014367997646331787,0.0012729167938232422,1.7606872023707,0.21734153701701484,0.2134498135521505,0.4969715476036072,0.34919787347316744,0.12352332472801208,1.0,0.971042356121639,0.6817334294319153,drowsy,non_engaged
0.5074142217636108,0.5946879386901855,0.8545406460762024,0.24692941994767797,0.009195268154144287,0.0008979439735412598,2.1371218023297764,0.25602592693031095,0.23783291296504497,0.5553390234708786,0.3353658497333527,0.13165217638015747,0.0,0.991150574410397,0.702875167131424,drowsy,non_engaged
0.48220545053482056,0.5931846499443054,0.8232285976409912,0.05507649441498584,0.009211719036102295,5.602836608886719e-06,2.171836786665494,0.057436826008804655,0.05271616282116702,0.49962007999420166,0.34939451813697814,0.12326377630233765,1.0,0.9858609574981765,0.6745990514755249,drowsy,non_engaged
0.4784708023071289,0.5977944135665894,0.8085487484931946,0.04339124673798221,0.009839236736297607,0.00020545721054077148,2.30147816128014,0.05017342058171706,0.03660907289424737,0.4850488007068634,0.3588559776544571,0.11987879872322083,1.0,0.9895774775186724,0.6682550311088562,drowsy,non_engaged
0.4817763566970825,0.590954601764679,0.8280338644981384,0.06030838471052763,0.011386513710021973,7.003545761108398e-05,2.0822105845344385,0.05198374169410306,0.0686330277269522,0.49365103244781494,0.35251027941703794,0.12115806341171265,1.0,0.9773454985492145,0.6748806238174438,drowsy,non_engaged
0.482255220413208,0.597745954990387,0.8073697686195374,0.0594045037517473,0.007886409759521484,7.62939453125e-06,2.308138429670815,0.05795658544848694,0.06085242205500766,0.4838430881500244,0.35851320028305056,0.11957293748855591,1.0,0.9844429791542141,0.6684593260288239,drowsy,non_engaged
0.48033300042152405,0.5908267498016357,0.8121551275253296,0.04435025823302285,0.00892135500907898,1.633167266845703e-05,2.235560988365097,0.04026711480833691,0.048433401657708784,0.4947953224182129,0.34854967296123507,0.12533345818519592,1.0,0.983889339858107,0.6690515279769897,drowsy,non_engaged
0.4808219075202942,0.5969529747962952,0.8167299032211304,0.03954433418887794,0.011613994836807251,0.0003439784049987793,2.2493435511546926,0.039128374208136314,0.03996029416961957,0.49435606598854065,0.3541387349367142,0.12407192587852478,1.0,0.9827519452203853,0.6715640127658844,drowsy,non_engaged
0.4785594046115875,0.5956553220748901,0.8112128376960754,0.04070272365970699,0.010818928480148315,1.2636184692382812e-05,2.27922862606863,0.03842311841480884,0.042982328904605134,0.4913071393966675,0.35092991888523106,0.12258702516555786,1.0,0.9861593465358149,0.6676301658153534,drowsy,non_engaged
0.489790678024292,0.5981879234313965,0.8280559182167053,0.04109194649386018,0.011062204837799072,1.811981201171875e-05,2.192712638485079,0.038422246005850154,0.0437616469818702,0.5040366500616074,0.35471171140670776,0.12350082397460938,1.0,0.9780801519233238,0.6792417168617249,drowsy,non_engaged
0.46727052330970764,0.583718478679657,0.7878802418708801,0.04892314833469012,0.009857177734375,0.0007247328758239746,2.3099513279983572,0.04695851265869714,0.0508877840106831,0.47160604596138,0.35894511938095097,0.11633822321891785,1.0,0.9828846795905845,0.6530669927597046,drowsy,non_engaged
0.48817315697669983,0.5760995149612427,0.8273599147796631,0.04724520293706644,0.008058935403823853,0.0009498000144958496,1.9527809576135582,0.046868924533136326,0.04762148134099656,0.4906584769487381,0.35472352206707003,0.12107175588607788,1.0,0.9631932938934792,0.6755217015743256,drowsy,non_engaged
0.4767403304576874,0.5932923555374146,0.8066388964653015,0.04032931166999201,0.008542776107788086,0.00013947486877441406,2.2706085403260716,0.04344724649209736,0.03721137684788667,0.4844287484884262,0.3545689046382904,0.12338513135910034,1.0,0.9868681737764152,0.6671050786972046,drowsy,non_engaged
0.47747987508773804,0.5924786329269409,0.8063377737998962,0.04503592398187452,0.01022842526435852,0.00012564659118652344,2.283158650541117,0.04616151458369349,0.043910333380055545,0.4882766306400299,0.3572742998600006,0.12441587448120117,1.0,0.98403891367168,0.6673217415809631,drowsy,non_engaged
0.4843047559261322,0.5934547781944275,0.8243556022644043,0.04645029007335563,0.010700464248657227,0.0004928708076477051,2.1312134507691898,0.04720737165826559,0.04569320848844567,0.4921010732650757,0.356155788898468,0.12218984961509705,1.0,0.9748954796720819,0.6767449975013733,drowsy,non_engaged
0.4804896116256714,0.5939965844154358,0.8092672228813171,0.04826145645494502,0.007709324359893799,2.09808349609375e-05,2.2868921898448855,0.04691545732739006,0.04960745558249998,0.4923030287027359,0.35732961297035215,0.12292328476905823,1.0,0.9798811906868781,0.6679819524288177,drowsy,non_engaged
0.4865363836288452,0.5833793878555298,0.8266469240188599,0.03822997038971734,0.012522101402282715,0.0005862712860107422,2.0349443295504615,0.035248571577280265,0.04121136920215441,0.4950379282236099,0.3502939909696579,0.11788710951805115,1.0,0.9720311094635945,0.6739760041236877,drowsy,non_engaged
0.4823043644428253,0.5955785512924194,0.8153738975524902,0.05195271544355846,0.01007738709449768,3.635883331298828e-05,2.253721556030542,0.05073867341116633,0.053166757475950586,0.49535976350307465,0.34995139539241793,0.12384960055351257,1.0,0.9846166714568748,0.669667661190033,drowsy,non_engaged
0.5027180910110474,0.5763883590698242,0.8420262932777405,0.049557128152659446,0.010525017976760864,0.00010287761688232422,1.8874065774681674,0.036976544989478714,0.06213771131584017,0.5013686716556549,0.34542232751846313,0.1221582293510437,1.0,0.963993329675081,0.6813839972019196,drowsy,non_engaged
0.46383920311927795,0.591403603553772,0.7912515997886658,0.05262205151248857,0.005668222904205322,0.00017827749252319336,2.344716685614992,0.05151765713506515,0.05372644588991198,0.46858927607536316,0.3623895704746246,0.11604267358779907,1.0,0.995371671977227,0.6584221124649048,drowsy,non_engaged
0.4955751895904541,0.5717830657958984,0.8341739177703857,0.062916369690253,0.008469700813293457,0.0002658963203430176,1.879976890860097,0.0690281852852482,0.05680455409525778,0.49329061806201935,0.35578844547271726,0.12138473987579346,1.0,0.961985579615735,0.6782333552837372,drowsy,non_engaged
0.4798245429992676,0.6016414165496826,0.8081555962562561,0.05074351230620497,0.002828240394592285,0.00042682886123657227,2.355629489803466,0.052338539556646184,0.04914848505576376,0.4864732474088669,0.35943212509155276,0.12070438265800476,1.0,0.9998366299066175,0.6693417131900787,drowsy,non_engaged
0.4848124086856842,0.5848374962806702,0.8343766927719116,0.06290605917391832,0.009532749652862549,8.344650268554688e-06,1.9677357200920162,0.0641779355646315,0.06163418278320515,0.49102915823459625,0.3578962415456772,0.12199237942695618,1.0,0.9676764047569256,0.6803077459335327,drowsy,non_engaged
0.47452881932258606,0.5886031985282898,0.7946786880493164,0.05705748745681872,0.0077856481075286865,0.0005643963813781738,2.3247503949271535,0.0617289329007654,0.05238604201287204,0.47907640039920807,0.3590487241744995,0.11956363916397095,1.0,0.9855453317623886,0.6598194539546967,drowsy,non_engaged
0.48778966069221497,0.5995721817016602,0.8697458505630493,0.021415220659581853,0.009725004434585571,0.0033379793167114258,2.0257579183336434,0.028567076623165467,0.014263364695998239,0.547308474779129,0.3408817648887634,0.1251470446586609,1.0,0.9563547289689976,0.6974133551120758,drowsy,non_engaged
0.5081604719161987,0.6001770496368408,0.866396427154541,0.11455763105812268,0.004415273666381836,0.00811612606048584,2.0961664671397697,0.13839839997840359,0.09071686213784177,0.5580422282218933,0.34312704205513,0.13257157802581787,1.0,0.988651481848025,0.7035567164421082,drowsy,non_engaged
0.5006420612335205,0.5738963484764099,0.85456782579422,0.10243227502653793,0.005130141973495483,0.0010861754417419434,1.8175540364543417,0.10446583770441736,0.1003987123486585,0.5101373940706253,0.347330829501152,0.12415385246276855,1.0,0.9629978209320819,0.6872482299804688,drowsy,non_engaged
0.4756093919277191,0.5945624709129333,0.8108291625976562,0.06371639964249967,0.004770547151565552,0.00013083219528198242,2.2354507666039196,0.06131598403460136,0.06611681525039798,0.4834557771682739,0.35328971445560453,0.11885544657707214,1.0,0.9873318018248577,0.6653839647769928,drowsy,non_engaged
0.5083872675895691,0.5734577178955078,0.8578429222106934,0.07817151882101536,0.009902715682983398,0.0012035369873046875,1.7711280085569472,0.07170079310067619,0.08464224454135455,0.5036843717098236,0.35278235375881195,0.12346017360687256,1.0,0.9638194209613555,0.6896867752075195,drowsy,non_engaged
0.496669203042984,0.5731369853019714,0.8476042151451111,0.0665284727095462,0.006627082824707031,0.0002104640007019043,1.8037147006488161,0.07393586082947474,0.05912108458961768,0.49506238102912903,0.35154755711555485,0.12285467982292175,1.0,0.9694773291701354,0.6844450235366821,drowsy,non_engaged
0.4684598445892334,0.5892292261123657,0.794981062412262,0.0548961258440407,0.007168948650360107,0.00020581483840942383,2.3288555686716412,0.05103114115783387,0.05876111053024754,0.479168638586998,0.35561434030532835,0.11685881018638611,1.0,0.9783278700269996,0.657751202583313,drowsy,non_engaged
0.480638712644577,0.5921170711517334,0.8095101714134216,0.06753323538759438,0.0027692019939422607,8.314847946166992e-05,2.230030531569142,0.06725836022573628,0.06780811054945249,0.484795480966568,0.3558577299118042,0.1192547082901001,1.0,0.9893676307961375,0.6662352979183197,drowsy,non_engaged
0.48545461893081665,0.6001458168029785,0.8239985704421997,0.04606153833951647,0.0016727745532989502,0.00047981739044189453,2.208636708028138,0.050628591888075704,0.04149448479095724,0.4944116175174713,0.35496793389320375,0.12160009145736694,1.0,0.9966809896915867,0.6764557957649231,drowsy,non_engaged
0.503219723701477,0.5705742835998535,0.8582355976104736,0.09198967110367293,0.010280638933181763,0.0004984140396118164,1.7684376200313598,0.08412189246667576,0.0998574497406701,0.5087128579616547,0.34910644292831416,0.1269068419933319,1.0,0.971943257474254,0.6875330209732056,drowsy,non_engaged
0.5129101276397705,0.5898462533950806,0.8327680826187134,0.18091220627120452,0.0017563104629516602,0.00015681982040405273,1.9574983115484743,0.20679804241452007,0.155026370127889,0.4755210280418396,0.3544211953878402,0.11542367935180664,1.0,0.9178358264211617,0.6763679087162018,drowsy,non_engaged
0.4852873980998993,0.6017026305198669,0.8722788095474243,0.05925922467064325,0.024687498807907104,0.010427355766296387,1.9947540725341935,0.07329438804566568,0.04522406129562082,0.5397349298000336,0.3501397281885147,0.12771323323249817,1.0,0.9451249985602,0.6982740461826324,drowsy,non_engaged
0.49914973974227905,0.5693039298057556,0.8399726152420044,0.08391472531448196,0.0029779672622680664,0.0003705620765686035,1.8190809518745152,0.08412689936865028,0.08370255126031366,0.492370069026947,0.35155297815799713,0.12092581391334534,1.0,0.9686145068367558,0.6784595847129822,drowsy,non_engaged
0.4956606924533844,0.5918707251548767,0.8244636654853821,0.09539763489736047,0.0032313168048858643,7.56978988647461e-05,2.131345548288497,0.09141681345587119,0.09937845633884976,0.49573805928230286,0.35140062868595123,0.11857002973556519,1.0,0.9796390187956132,0.6733970046043396,drowsy,non_engaged
0.4923367500305176,0.5986090898513794,0.8660237789154053,0.030377776221096518,0.014680445194244385,0.002966761589050293,1.9807762773368458,0.030819597794404057,0.029935954647788983,0.5296906530857086,0.34285449683666225,0.12490111589431763,1.0,0.9554188321872203,0.6910437047481537,drowsy,non_engaged
0.49249494075775146,0.585426926612854,0.8174475431442261,0.12466827533891935,0.002815723419189453,0.00013566017150878906,2.0629903815809145,0.14528682288464645,0.10404972779319224,0.47865836322307587,0.3547920137643814,0.11724311113357544,1.0,0.9654029138451222,0.6704883575439453,drowsy,non_engaged
0.4893077611923218,0.6024318337440491,0.8314493298530579,0.0566261677002054,0.004781782627105713,0.0003470182418823242,2.182940625903398,0.05390297237800963,0.05934936302240116,0.49993377923965454,0.3551763892173767,0.12417620420455933,1.0,0.9960318992154256,0.6802792549133301,drowsy,non_engaged
0.4961243271827698,0.5645883083343506,0.8534557819366455,0.1454664253577363,0.00786125659942627,0.0010880231857299805,1.7446570004062112,0.15892411152989455,0.13200873918557807,0.5039764046669006,0.3469685345888138,0.12369692325592041,1.0,0.9695344518708493,0.6842755079269409,drowsy,non_engaged
0.4732348918914795,0.5945563316345215,0.8071463108062744,0.046179854900942285,0.007023215293884277,0.00013691186904907227,2.272908739170322,0.051527867184262194,0.040831842617622384,0.4831998944282532,0.3541844725608826,0.11850300431251526,1.0,0.9843134113535877,0.6651515662670135,drowsy,non_engaged
0.5098867416381836,0.608674168586731,0.8765125274658203,0.10956799461141437,0.0020963549613952637,0.018822193145751953,2.1010538475020093,0.13021061713197815,0.08892537209085058,0.5627449154853821,0.34496238827705383,0.13370966911315918,1.0,0.9968819474527738,0.7119208574295044,drowsy,non_engaged
0.487454891204834,0.592174768447876,0.817800760269165,0.1359431253608953,0.0037565231323242188,0.0002671480178833008,2.13492145349937,0.13881439734895376,0.13307185337283683,0.48169590532779694,0.35648932754993434,0.11758342385292053,1.0,0.9781582127542443,0.6719045639038086,drowsy,non_engaged
0.501448392868042,0.5676655769348145,0.8456262350082397,0.09294257706911681,0.010357290506362915,0.000873565673828125,1.7797211182629993,0.08184688380939789,0.10403827032883572,0.49469423294067383,0.35175821185112,0.12090495228767395,1.0,0.9682466960703657,0.681256890296936,drowsy,non_engaged
0.5028213858604431,0.5721302032470703,0.8577307462692261,0.08126615010424998,0.006754457950592041,0.0014922022819519043,1.794039296627963,0.06736467490096279,0.09516762530753715,0.5123803913593292,0.3449146389961243,0.12663251161575317,1.0,0.9687923628192692,0.6885761618614197,drowsy,non_engaged
0.5000234842300415,0.5681194067001343,0.8568444848060608,0.09036178611663731,0.007675349712371826,0.000634312629699707,1.7595393169304023,0.08487155690563337,0.09585201532764126,0.5080248862504959,0.3472254514694214,0.12444150447845459,1.0,0.9702507462883516,0.687214732170105,drowsy,non_engaged
0.5007193088531494,0.5629231333732605,0.8535552620887756,0.09783483644138613,0.008877336978912354,0.0011758208274841309,1.738049644476002,0.08871253200467222,0.10695714087810006,0.5051348060369492,0.3454199254512787,0.12354889512062073,1.0,0.9667311571968976,0.684185117483139,drowsy,non_engaged
0.5078215003013611,0.5794451236724854,0.8280246257781982,0.19153303642709252,0.0012628138065338135,7.218122482299805e-05,1.9288257155723245,0.2194800936820776,0.1635859791721074,0.4794684648513794,0.3454694449901581,0.11567935347557068,1.0,0.9213959217992312,0.6724579036235809,drowsy,non_engaged
0.49987515807151794,0.5690155029296875,0.8302361965179443,0.050104988729540875,0.006180942058563232,2.2292137145996094e-05,1.8609501574965028,0.05300817754036366,0.04720179991871809,0.4861205518245697,0.3492654681205749,0.11993485689163208,1.0,0.9577494942489174,0.6733371615409851,drowsy,non_engaged
0.5014077425003052,0.5700327754020691,0.833446741104126,0.025660440648912784,0.005074918270111084,0.0001900792121887207,1.8632905629334782,0.023804732831403604,0.02751614846642196,0.4908186197280884,0.3481690675020218,0.12175437808036804,1.0,0.9603251494168533,0.6751796901226044,drowsy,non_engaged
0.500938355922699,0.5730043649673462,0.821882963180542,0.027530587765579477,0.002166926860809326,0.0007938742637634277,1.9209361109809733,0.028257720863687687,0.026803454667471267,0.4780818074941635,0.3458316385746002,0.11711788177490234,1.0,0.9531305783604664,0.6693539917469025,drowsy,non_engaged
0.503021240234375,0.5706079006195068,0.8220375776290894,0.03632661951367255,0.0010451972484588623,0.0004697442054748535,1.8906033679379386,0.032910565385675335,0.039742673641669765,0.47535568475723267,0.34918178915977477,0.11758384108543396,1.0,0.9527101129061165,0.6689475178718567,drowsy,non_engaged
0.4978525638580322,0.5804119110107422,0.8427107930183411,0.03594856654246026,0.005764305591583252,0.00040435791015625,1.8722460205092912,0.04294497665665155,0.028952156428268972,0.49108991026878357,0.35948626101017,0.12065297365188599,1.0,0.9694139433614225,0.6865858733654022,drowsy,non_engaged
0.5019015669822693,0.5694960355758667,0.8339649438858032,0.05248537435218105,0.005874127149581909,0.00015342235565185547,1.850898456244553,0.04450703758185114,0.060463711122510956,0.48950694501399994,0.3452874481678009,0.12170591950416565,1.0,0.9597310645656331,0.6754668653011322,drowsy,non_engaged
0.4930844008922577,0.5690829157829285,0.8299177885055542,0.04548763465112053,0.006012260913848877,0.0005016922950744629,1.8570133026468436,0.04035217512888228,0.05062309417335878,0.4843756854534149,0.34854410886764525,0.12066245079040527,1.0,0.9641356639423465,0.6715641915798187,drowsy,non_engaged
0.5008037090301514,0.5655092597007751,0.8300438523292542,0.03983127732018105,0.004532217979431152,0.0005821585655212402,1.855213423122243,0.03420579124473637,0.045456763395625724,0.49076998233795166,0.3416562497615814,0.12268322706222534,1.0,0.9610331634580087,0.6727572381496429,drowsy,non_engaged
0.4940186142921448,0.5756946206092834,0.8376851081848145,0.04964341036437171,0.007056176662445068,0.0012865662574768066,1.8613745310382976,0.056837787054925544,0.04244903367381788,0.48766428232192993,0.3581929713487625,0.11871150135993958,1.0,0.9701771611498133,0.6802600026130676,drowsy,non_engaged
0.5013318657875061,0.570327639579773,0.8375173807144165,0.05388009930447567,0.0075514912605285645,0.0002690553665161133,1.8470735296246517,0.05438407840383217,0.05337612020511916,0.49352094531059265,0.35021471679210664,0.12177544832229614,1.0,0.9623207000988542,0.6785240173339844,drowsy,non_engaged
0.5063687562942505,0.5721673965454102,0.835355818271637,0.04058048615284385,0.0004975795745849609,0.00022399425506591797,1.880192214323703,0.037273428330229195,0.04388754397545849,0.4948467016220093,0.34212544560432434,0.11926862597465515,1.0,0.9590357542643771,0.6721071898937225,drowsy,non_engaged
0.49791646003723145,0.5669113993644714,0.8167448043823242,0.028268509997214208,0.0005167126655578613,0.00025010108947753906,1.8812191953731259,0.03146037328675099,0.025076646707677425,0.4699932783842087,0.35039092004299166,0.11562442779541016,1.0,0.9524990377591508,0.6631969213485718,drowsy,non_engaged
0.5010508894920349,0.5716260075569153,0.834995687007904,0.039931839597781654,0.005798399448394775,0.00018656253814697266,1.8454078973236152,0.03961649320662846,0.04024718598893485,0.486026331782341,0.35396803021430967,0.1188310980796814,1.0,0.9593351936998162,0.6777476668357849,drowsy,non_engaged
0.5032188296318054,0.5766485929489136,0.8437029719352722,0.042230308638163794,0.0017388761043548584,5.40614128112793e-05,1.8722928291328333,0.03503805236519974,0.049422564911127856,0.5000058710575104,0.34419599175453186,0.12214693427085876,1.0,0.9538590990298519,0.6803402602672577,drowsy,non_engaged
0.5023930668830872,0.5713528394699097,0.829444169998169,0.057247517727057676,1.9848346710205078e-05,0.00045162439346313477,1.8958975320209845,0.048001216666459935,0.06649381878765541,0.4893166124820709,0.3439103186130524,0.11816474795341492,1.0,0.9600979660310182,0.6686005294322968,drowsy,non_engaged
0.5049664378166199,0.5729528069496155,0.8442403674125671,0.03871267173325102,0.005699038505554199,4.267692565917969e-05,1.8331313087389904,0.039305068607814964,0.038120274858687075,0.49730755388736725,0.34736264050006865,0.12203961610794067,1.0,0.9647652927341891,0.682682603597641,drowsy,non_engaged
0.5086750984191895,0.57881098985672,0.8307898044586182,0.03957284301060951,0.0016056299209594727,0.0003249645233154297,1.9038940499766135,0.046421799541752705,0.03272388647946632,0.4797428697347641,0.34939021468162534,0.11796176433563232,1.0,0.9458610367779269,0.6725869178771973,drowsy,non_engaged
0.5062869787216187,0.5758374333381653,0.8253746032714844,0.04605409543637659,0.0015052556991577148,0.0003021359443664551,1.8928818034928423,0.050962106290550854,0.04114608458220232,0.4723462611436844,0.35257472693920133,0.11193737387657166,1.0,0.9425824029767639,0.6712831854820251,drowsy,non_engaged
0.49855947494506836,0.5787758827209473,0.8313807249069214,0.034613429050165935,0.002070307731628418,0.000971376895904541,1.9367608272723684,0.042086343977383596,0.027140514122948274,0.48923709988594055,0.3464174270629883,0.11800813674926758,1.0,0.9526587807271399,0.674150824546814,drowsy,non_engaged
0.5045516490936279,0.5750510692596436,0.8291148543357849,0.03791561197420043,0.0021139681339263916,0.00021648406982421875,1.9135026220053417,0.0413735948793767,0.03445762906902416,0.48615363240242004,0.3490118682384491,0.11717841029167175,1.0,0.9554645731017616,0.6721452176570892,drowsy,non_engaged
0.5029635429382324,0.5755196809768677,0.8391931653022766,0.041737692375595464,0.0003407597541809082,0.00010728836059570312,1.8648727668054823,0.044157152238724566,0.03931823251246636,0.4917193651199341,0.34792996346950533,0.11757394671440125,1.0,0.9582377479100799,0.6766743957996368,drowsy,non_engaged
0.49217528104782104,0.5644412040710449,0.8288320302963257,0.04706264225206017,0.0086250901222229,0.0003553628921508789,1.8267989552591968,0.039782432858700936,0.05434285164541941,0.48299071192741394,0.34546188116073606,0.11957469582557678,1.0,0.9665110246157446,0.6690477430820465,drowsy,non_engaged
0.5049216151237488,0.5794078707695007,0.8463364243507385,0.03287682187445643,0.001340031623840332,0.00067138671875,1.8786938490628617,0.03442700023430037,0.03132664351461249,0.501478910446167,0.34728538393974306,0.12418824434280396,1.0,0.9536989448764953,0.6837306022644043,drowsy,non_engaged
0.5062701106071472,0.5768849849700928,0.8389731049537659,0.04283256732061553,0.0017638206481933594,0.0004248619079589844,1.8791028318574556,0.040728485763812224,0.044936648877418835,0.4924924075603485,0.35054008960723876,0.12132403254508972,1.0,0.9574887024124425,0.6795458197593689,drowsy,non_engaged
0.5031090378761292,0.5770609378814697,0.8217542767524719,0.042470914225802625,0.004597395658493042,8.785724639892578e-05,1.9095490027298838,0.047413847576756,0.037527980874849244,0.4672558307647705,0.3532204687595367,0.11380651593208313,1.0,0.9487679257576584,0.6677004396915436,drowsy,non_engaged
0.49934473633766174,0.5911796689033508,0.8140304684638977,0.04171945597765556,0.006668776273727417,0.0004082322120666504,2.087533587370466,0.04566540477057107,0.037773507184740054,0.46521061658859253,0.3550440758466721,0.11669263243675232,1.0,0.949443531614634,0.6691162586212158,drowsy,non_engaged
0.5049906969070435,0.5806790590286255,0.8315443396568298,0.044105451926995845,0.003606557846069336,3.361701965332031e-05,1.9342792312097699,0.04736212406231629,0.04084877979167541,0.4852454364299774,0.34659876525402067,0.1190115213394165,1.0,0.9432309340792078,0.6752491593360901,drowsy,non_engaged
0.5041943788528442,0.5834202766418457,0.8255486488342285,0.0655610641572291,0.00631946325302124,0.00014150142669677734,1.9886383217597507,0.06343114607183263,0.06769098224262554,0.4815077483654022,0.3468119382858276,0.11738160252571106,1.0,0.9377029822912093,0.6718038618564606,drowsy,non_engaged
0.5068099498748779,0.5808224678039551,0.8205824494361877,0.04285127584535779,0.004731714725494385,0.0036260485649108887,1.9586537218085347,0.044887524137141845,0.04081502755357374,0.46960873901844025,0.3531253427267075,0.11561980843544006,1.0,0.9440601670167806,0.6664346754550934,drowsy,non_engaged
0.5070553421974182,0.5828909277915955,0.8182914853096008,0.05187048827077097,0.005418360233306885,0.00044333934783935547,1.9752228234253404,0.0474950118468928,0.05624596469464913,0.46497052907943726,0.35206621289253237,0.11461970210075378,1.0,0.9413706275635814,0.6680806279182434,drowsy,non_engaged
0.5049226880073547,0.5844793319702148,0.8234253525733948,0.05792006262731017,0.004413247108459473,0.0009564757347106934,1.955766277973231,0.049816390077381444,0.06602373517723889,0.46732452511787415,0.3533549815416336,0.11437675356864929,1.0,0.946828463004729,0.6719129979610443,drowsy,non_engaged
0.49904757738113403,0.5887671709060669,0.8057076334953308,0.038429709400846924,0.006309717893600464,0.0001900196075439453,2.128377561882868,0.04993945901032364,0.02691995979137021,0.461733341217041,0.353340283036232,0.11577475070953369,1.0,0.9468917836222366,0.6619428098201752,drowsy,non_engaged
0.509546160697937,0.5797774195671082,0.8228819370269775,0.04914482334199395,0.003832906484603882,0.0016686320304870605,1.9393429104093602,0.045394188446181254,0.05289545823780664,0.47146496176719666,0.35296577513217925,0.11325901746749878,1.0,0.9486441731570666,0.6697152256965637,drowsy,non_engaged
0.5017948150634766,0.5811289548873901,0.8194603323936462,0.03350840251230291,0.0053254663944244385,0.0007233619689941406,1.9587404437644287,0.04314567880388485,0.02387112622072097,0.4668312668800354,0.35516740083694454,0.11435586214065552,1.0,0.9462624276958229,0.6685645878314972,drowsy,non_engaged
0.49355754256248474,0.5923302173614502,0.8043020963668823,0.04121949820692154,0.004412412643432617,9.483098983764648e-05,2.171978433823225,0.044700041663109556,0.03773895475073352,0.4604005217552185,0.36243392527103424,0.11080533266067505,1.0,0.9528302776981162,0.6634809076786041,drowsy,non_engaged
0.5021146535873413,0.5799086689949036,0.8119217157363892,0.05595031290057603,0.007438004016876221,0.0001195669174194336,2.0006425596873907,0.05482736785838143,0.057073257942770635,0.4641771763563156,0.3572305619716645,0.1109844446182251,1.0,0.9443205353261601,0.6647766828536987,drowsy,non_engaged
0.5056403875350952,0.5822598934173584,0.8297924399375916,0.03443750133436542,0.0037366747856140137,0.00018835067749023438,1.92868468810893,0.04445815948433428,0.024416843184396558,0.47741416096687317,0.3520796000957489,0.11677253246307373,1.0,0.9412264616617788,0.673435628414154,drowsy,non_engaged
0.4965619146823883,0.5865005254745483,0.8039298057556152,0.05029059971267451,0.002700299024581909,0.00014281272888183594,2.1133886771967743,0.049004524637456366,0.05157667478789265,0.45951469242572784,0.35718291997909546,0.11274006962776184,1.0,0.9457149130628715,0.6606493294239044,drowsy,non_engaged
0.509096086025238,0.5768259763717651,0.8195792436599731,0.04979669565627621,0.008750557899475098,0.0011792182922363281,1.926173105316677,0.04333938045665361,0.05625401085589881,0.4675867408514023,0.3506697714328766,0.11554130911827087,1.0,0.9408961781354424,0.6658054292201996,drowsy,non_engaged
0.5033283233642578,0.5813179612159729,0.8263235092163086,0.05355011173501367,0.003955245018005371,0.0013622045516967773,1.922609255630075,0.04523725428894817,0.061862969181079176,0.4710518568754196,0.35326745808124543,0.11499291658401489,1.0,0.9438302071331057,0.6720189154148102,drowsy,non_engaged
0.5024915337562561,0.5849916934967041,0.808827817440033,0.04422657835805144,0.007151693105697632,0.00021284818649291992,2.057063432008407,0.03774066940423068,0.050712487311872195,0.46044716238975525,0.3560123234987259,0.1166267991065979,1.0,0.9475966674244246,0.6657136380672455,drowsy,non_engaged
0.4902626574039459,0.596912145614624,0.7947978973388672,0.0593602912981063,0.001983165740966797,0.0001138448715209961,2.3555233239546602,0.05371445566770798,0.06500612692850462,0.46612685918807983,0.35845350027084355,0.11573398113250732,1.0,0.9617344683592621,0.6599444448947906,drowsy,non_engaged
0.4886467158794403,0.5872572064399719,0.7967057824134827,0.04970995947924587,0.002595245838165283,0.0009607672691345215,2.1767525877190708,0.0510108221481984,0.04840909681029334,0.45591990649700165,0.3603322088718415,0.11135268211364746,1.0,0.9509104752662225,0.6576000154018402,drowsy,non_engaged
0.4940781891345978,0.5976423621177673,0.799443781375885,0.06396476505055355,0.0013960599899291992,0.0006829500198364258,2.318431618231674,0.059707553685856625,0.06822197641525049,0.46786510944366455,0.3553822934627533,0.11638695001602173,1.0,0.9588888618180588,0.6633429527282715,drowsy,non_engaged
0.4920591413974762,0.6033800840377808,0.8034831285476685,0.05820276048942717,0.002803027629852295,0.0002554655075073242,2.3606515825934737,0.0607830643442843,0.05562245663457005,0.47237592935562134,0.3605481326580048,0.1162150502204895,1.0,0.9730211457911367,0.6665421426296234,drowsy,non_engaged
0.4940371513366699,0.5944259762763977,0.8017663955688477,0.04838357798565041,0.002842545509338379,0.0011020898818969727,2.2690141227305727,0.04915212051422588,0.04761503545707495,0.47046060860157013,0.3524561315774918,0.11520320177078247,1.0,0.9680109625587181,0.6606044471263885,drowsy,non_engaged
0.4979792833328247,0.5939731597900391,0.7998627424240112,0.06751554434272318,0.004426628351211548,0.0008284449577331543,2.2803663227433897,0.05658089139854933,0.07845019728689703,0.4695059508085251,0.35293072164058686,0.11578461527824402,1.0,0.9546576755629508,0.6611487865447998,drowsy,non_engaged
0.4919256269931793,0.6038816571235657,0.8006959557533264,0.08487417133086136,0.00311964750289917,0.0005542635917663574,2.4202451774695923,0.08671191448167623,0.0830364281800465,0.47634127736091614,0.35528774559497833,0.11608016490936279,1.0,0.975779394127973,0.6648399531841278,drowsy,non_engaged
0.49706849455833435,0.5934802293777466,0.8057965040206909,0.04026386905814387,0.0028823912143707275,0.0002474784851074219,2.19968035367229,0.04504909325463652,0.03547864486165123,0.4670301377773285,0.3554075241088867,0.11701315641403198,1.0,0.9500640501558225,0.6647012829780579,drowsy,non_engaged
0.5042291283607483,0.6094651818275452,0.8149465918540955,0.0672926848301768,0.0014806091785430908,0.00016862154006958008,2.4387998784383558,0.06199937922087565,0.07258599043947794,0.5011304765939713,0.34607355296611786,0.12134626507759094,1.0,0.9542694068068491,0.6717014312744141,drowsy,non_engaged
0.4900004267692566,0.5883962512016296,0.7937133312225342,0.04883489976018557,0.004359215497970581,0.0003351569175720215,2.2709545006489242,0.04787625454982489,0.04979354497054625,0.46626801788806915,0.3548758625984192,0.11572265625,1.0,0.9606467356102089,0.6575181782245636,drowsy,non_engaged
0.4995940625667572,0.6092743277549744,0.8187831044197083,0.05834366364728013,0.0006353855133056641,0.0007421374320983887,2.3775784289878503,0.05212553720412072,0.06456179009043954,0.49812592566013336,0.3478829264640808,0.12139832973480225,1.0,0.9609632068679632,0.6747089624404907,drowsy,non_engaged
0.5178107619285583,0.6376377940177917,0.8027690052986145,0.13600723805026166,0.009774744510650635,0.0008318424224853516,3.0888692769503727,0.1178640306379152,0.15415044546260814,0.5100718140602112,0.3606348842382431,0.12433189153671265,1.0,0.9418605220302901,0.6775125563144684,drowsy,non_engaged
0.5016183853149414,0.6170450448989868,0.7983304858207703,0.07036086734522837,0.003871709108352661,0.0013051629066467285,2.7175441463817163,0.06413774010621288,0.07658399458424386,0.49265390634536743,0.3522483140230179,0.12172842025756836,1.0,0.9766987662039,0.6615584194660187,drowsy,non_engaged
0.509795606136322,0.6212503910064697,0.7981602549552917,0.09499458096227248,0.008605360984802246,0.001430809497833252,2.833164637240522,0.09345081057731171,0.09653835134723324,0.5012176036834717,0.35296731889247895,0.12379780411720276,1.0,0.9507056251183102,0.6634909212589264,drowsy,non_engaged
0.5187376141548157,0.6496074795722961,0.7842915654182434,0.1231484625490568,0.0170687735080719,0.00020229816436767578,4.046646746774443,0.10741236875099189,0.1388845563471217,0.5450229644775391,0.35736878514289855,0.12946581840515137,1.0,0.9587340739083247,0.6718745827674866,drowsy,non_engaged
0.48553451895713806,0.5976781845092773,0.7883332967758179,0.06956169736352408,0.0018839836120605469,0.00019019842147827148,2.4813817056391536,0.062199418481060816,0.07692397624598735,0.47309058904647827,0.3512238591909409,0.11712142825126648,1.0,0.9772179211360886,0.654932290315628,drowsy,non_engaged
0.49418503046035767,0.6138356924057007,0.8095473051071167,0.08665431980627816,0.00092354416847229,0.00011086463928222656,2.4858756623815172,0.08357780275972575,0.08973083685283056,0.4865172207355499,0.35361337959766387,0.1171923279762268,1.0,0.9766787031035322,0.6675420999526978,drowsy,non_engaged
0.5234031677246094,0.6373573541641235,0.8034610748291016,0.14963779738235503,0.008550912141799927,0.0011980533599853516,3.1147459676204807,0.1608011191049656,0.13847447565974444,0.5173740088939667,0.3563624233007431,0.12606152892112732,1.0,0.9389853802478849,0.6775450110435486,drowsy,non_engaged
0.4976898431777954,0.6172561645507812,0.809190034866333,0.07521423830989399,0.00636330246925354,0.0005118250846862793,2.5614279194819463,0.07435730137957094,0.07607117524021702,0.4916273355484009,0.35121832191944125,0.12133952975273132,1.0,0.9778803859859695,0.666144609451294,drowsy,non_engaged
0.49679872393608093,0.6097841262817383,0.7996119260787964,0.08546476657675364,0.0014078021049499512,0.00015425682067871094,2.534877339113116,0.08020044482291809,0.09072908833058918,0.4811927229166031,0.35244969129562376,0.1162850558757782,1.0,0.9704999455354676,0.6607095301151276,drowsy,non_engaged
0.5098446607589722,0.6238918900489807,0.8099964261054993,0.07287056764901048,0.005984663963317871,0.0007092952728271484,2.7117703666261894,0.07258716011201426,0.07315397518600672,0.5046754777431488,0.3514174938201904,0.12241271138191223,1.0,0.967063355728013,0.6716732978820801,drowsy,non_engaged
0.5139877200126648,0.6464773416519165,0.8084032535552979,0.1853656486556747,0.012149721384048462,0.0002021193504333496,3.21161788677482,0.16210755063733306,0.20862374667401634,0.5200473666191101,0.3654398858547211,0.12953314185142517,1.0,0.9573308830264519,0.6946531534194946,drowsy,non_engaged
0.5153048038482666,0.6363222599029541,0.8025721311569214,0.10779459296894815,0.014789015054702759,0.0008093118667602539,3.1350891119466766,0.11069158348079647,0.10489760245709984,0.5212112963199615,0.3574873358011246,0.1285889744758606,1.0,0.9452183969525885,0.6824224889278412,drowsy,non_engaged
0.5049062967300415,0.6219611167907715,0.793225884437561,0.12448225646912842,0.0026223063468933105,0.0012928247451782227,2.883446032535966,0.105250013457663,0.14371449948059384,0.49383559823036194,0.35202178955078123,0.1258893609046936,1.0,0.9546544318311232,0.6634145081043243,drowsy,non_engaged
0.5203733444213867,0.6644675135612488,0.810528039932251,0.1414541101510196,0.008981496095657349,0.00013488531112670898,3.8773127320656386,0.1275779960320527,0.15533022426998652,0.5663262158632278,0.35734601020812984,0.13234028220176697,1.0,0.9609465070139055,0.6991529166698456,drowsy,non_engaged
0.4910847246646881,0.6054703593254089,0.7942361831665039,0.06614419725441595,0.0016183555126190186,1.9431114196777344e-05,2.51994724359151,0.06368255138573249,0.0686058431230994,0.47568243741989136,0.3531480520963669,0.11777538061141968,1.0,0.9778882500051194,0.660112053155899,drowsy,non_engaged
0.5217058658599854,0.6517781615257263,0.8233403563499451,0.1805011582055284,0.012299120426177979,0.00016099214553833008,3.0846358793405533,0.16974281902731275,0.19125949738374404,0.5292099863290787,0.3634444892406463,0.13256710767745972,1.0,0.96376084391603,0.7028396725654602,drowsy,non_engaged
0.5199094414710999,0.6472844481468201,0.7981734871864319,0.120341768117536,0.012693047523498535,0.0009696483612060547,3.52292956385893,0.11668389058913314,0.12399964564593884,0.5315749794244766,0.3588245570659637,0.12647345662117004,1.0,0.9578683846362707,0.6810671985149384,drowsy,non_engaged
0.5195638537406921,0.6328449249267578,0.807361900806427,0.11129959535720273,0.011892318725585938,0.0013644099235534668,2.9673045565591405,0.09385038615064803,0.12874880456375742,0.5178479850292206,0.3494060397148132,0.12852704524993896,1.0,0.9449756890894933,0.6728301346302032,drowsy,non_engaged
0.5267362594604492,0.6548504829406738,0.821895956993103,0.13826919744284555,0.010449051856994629,0.001253664493560791,3.165287888879155,0.13635594052290959,0.1401824543627815,0.5287501811981201,0.36201869249343877,0.1301809847354889,1.0,0.9538757461807463,0.702840268611908,drowsy,non_engaged
0.5044369101524353,0.5810232162475586,0.8667095899581909,0.055369351384318574,0.012786179780960083,0.021723270416259766,1.896749102722793,0.05946348257968105,0.05127522018895609,0.541877269744873,0.3387391060590744,0.1294209361076355,1.0,0.9675924283316016,0.7054194808006287,drowsy,non_engaged
0.4933830201625824,0.5788648128509521,0.8514474630355835,0.0905524779555924,0.0026554465293884277,0.0006300210952758789,1.8626868447500766,0.07081666782693598,0.11028828808424881,0.5077379792928696,0.3515796929597855,0.12522652745246887,1.0,0.9766319628392318,0.6879606544971466,drowsy,non_engaged
0.4912160038948059,0.5775139331817627,0.8410420417785645,0.05934531966464937,0.007630258798599243,0.0006049275398254395,1.910222237554682,0.03972260984021131,0.07896802948908743,0.5033991634845734,0.3515322893857956,0.12371835112571716,1.0,0.9707140179828064,0.6803248524665833,drowsy,non_engaged
0.48862871527671814,0.5780101418495178,0.8258371949195862,0.08370379983950527,0.0038332343101501465,0.00020134449005126953,1.9615113013513747,0.12052458750484872,0.0468830121741618,0.48611752688884735,0.3465416878461838,0.11803168058395386,1.0,0.9602919113694801,0.6733244359493256,drowsy,non_engaged
0.5208101868629456,0.5821426510810852,0.8382604718208313,0.030027260310614725,0.008839160203933716,0.0007753968238830566,1.8456974385366447,0.0321548387276689,0.027899681893560548,0.47271785140037537,0.3458765327930451,0.11964374780654907,1.0,0.8822849851747688,0.6804099082946777,drowsy,non_engaged
0.4990498125553131,0.5762715339660645,0.8169782757759094,0.05237240163385393,0.010564565658569336,0.0008889436721801758,1.9595284467563652,0.052270174421996836,0.05247462884571102,0.4716736674308777,0.35202410221099856,0.11727222800254822,1.0,0.9203657121650998,0.6685319542884827,drowsy,non_engaged
0.5062031745910645,0.579208493232727,0.8532261848449707,0.022778562837746427,0.0036215484142303467,0.00030362606048583984,1.8427735520791495,0.019497316007667426,0.026059809667825427,0.5049543976783752,0.3474911689758301,0.12452444434165955,1.0,0.9365839681538992,0.6862810254096985,drowsy,non_engaged
0.4905335605144501,0.578298807144165,0.8319806456565857,0.07668855324003654,0.0071800947189331055,0.00039070844650268555,1.9102909254739453,0.08033840291686865,0.07303870356320441,0.4846080243587494,0.35280453860759736,0.11686861515045166,1.0,0.954765978328173,0.6764532923698425,drowsy,non_engaged
0.5003788471221924,0.5738620162010193,0.8121078014373779,0.030159119341754574,0.010828971862792969,0.0008107423782348633,1.946170199022291,0.03476526054142785,0.0255529781420813,0.4636687934398651,0.35211949348449706,0.11580601334571838,1.0,0.9070724326246223,0.6674230098724365,drowsy,non_engaged
0.5205616354942322,0.5868883728981018,0.8456934094429016,0.02979592308327353,0.008805632591247559,0.000752866268157959,1.8682750676747462,0.03200048049319188,0.027591365673355173,0.48352086544036865,0.3570402979850769,0.1188039779663086,1.0,0.9024390668103917,0.684839516878128,drowsy,non_engaged
0.4962289333343506,0.5770883560180664,0.8379465341567993,0.023541277289785736,0.005847036838531494,0.00044095516204833984,1.8984882347416694,0.016565422402435363,0.030517132177136107,0.4952380806207657,0.353431898355484,0.1205868124961853,1.0,0.95489395028431,0.6779018640518188,drowsy,non_engaged
0.49994057416915894,0.5799325108528137,0.8368342518806458,0.04222165575891289,0.007634520530700684,6.878376007080078e-05,1.9162142447081725,0.039312768674242105,0.04513054284358367,0.4922806918621063,0.3431589514017105,0.1224985420703888,1.0,0.9542289105381833,0.6790216565132141,drowsy,non_engaged
0.5074927806854248,0.5808735489845276,0.8355967998504639,0.04020096342673725,0.01002645492553711,8.553266525268555e-05,1.9390639597283266,0.03757778537086201,0.04282414148261248,0.49392661452293396,0.3383262693881989,0.12065473198890686,1.0,0.9436016698546374,0.6757418811321259,drowsy,non_engaged
0.5103049874305725,0.5765734910964966,0.8286308646202087,0.03217699072672601,0.00782841444015503,0.0006757974624633789,1.8598494230199158,0.03670281626926956,0.027651165184182456,0.46879062056541443,0.3547648757696152,0.11544111371040344,1.0,0.8950721128785324,0.6740534603595734,drowsy,non_engaged
0.4992252588272095,0.5818631649017334,0.8463797569274902,0.019591690926533598,0.00731244683265686,0.0006660819053649902,1.8867847204019426,0.019850705599632753,0.019332676253434444,0.49908775091171265,0.3561591029167175,0.11888787150382996,1.0,0.9613624573517044,0.6845572292804718,drowsy,non_engaged
0.49341192841529846,0.5768269300460815,0.8422257900238037,0.07763305732410941,0.007102340459823608,0.0009722113609313965,1.860669003959036,0.06947231299727641,0.08579380165094243,0.49382129311561584,0.35517709255218505,0.1242075264453888,1.0,0.971892241135165,0.6861499845981598,drowsy,non_engaged
0.49814045429229736,0.5808318257331848,0.8553463220596313,0.04427073439879478,0.006166666746139526,0.00013494491577148438,1.8493198640958166,0.028883390926244992,0.05965807787134456,0.5076669603586197,0.35397916436195376,0.12358421087265015,1.0,0.9731764372124623,0.69158074259758,drowsy,non_engaged
0.49133607745170593,0.5731639862060547,0.8366022109985352,0.0987148945653763,0.008473873138427734,0.0010415315628051758,1.8620236755902126,0.08603043336287737,0.11139935576787523,0.4905300736427307,0.35571927130222325,0.12560534477233887,1.0,0.9682112902291254,0.6829267740249634,drowsy,non_engaged
0.5035902261734009,0.5728335976600647,0.8286014199256897,0.02783499734132773,0.00879591703414917,0.0002549290657043457,1.8650594675396872,0.029556063003187884,0.026113931679467576,0.47702406346797943,0.3540428191423416,0.11820265650749207,1.0,0.9209412949649106,0.6738094985485077,drowsy,non_engaged
0.4978446662425995,0.5747197866439819,0.841372549533844,0.07861727354617862,0.0024985074996948242,0.0007015466690063477,1.8522644778458697,0.0758732410679999,0.08136130602435734,0.49391329288482666,0.35078791081905364,0.121440589427948,1.0,0.9662748722093134,0.6828999221324921,drowsy,non_engaged
0.5143145322799683,0.5761831402778625,0.827839732170105,0.024426121014910485,0.01094043254852295,0.0006476044654846191,1.8697790766798013,0.03175268614111442,0.017099555888706548,0.47054409980773926,0.34352887868881227,0.11738064885139465,1.0,0.8911306754041683,0.6736962795257568,drowsy,non_engaged
0.4872027635574341,0.5781148672103882,0.8287957906723022,0.18461504274992058,0.0015321671962738037,5.239248275756836e-05,1.9132387784421045,0.2158593415828577,0.15337074391698344,0.47961437702178955,0.3498399943113327,0.11787742376327515,1.0,0.9623967147936677,0.6760533154010773,drowsy,non_engaged
0.5114961266517639,0.5792767405509949,0.8360460996627808,0.03237259923175601,0.009748369455337524,0.00030517578125,1.8900023308528349,0.02972444547958496,0.03502075298392706,0.4852965772151947,0.3399037003517151,0.11975866556167603,1.0,0.924536955792557,0.6769946813583374,drowsy,non_engaged
0.5073434114456177,0.5762952566146851,0.8518719673156738,0.10346387338265053,0.00414237380027771,0.0007796883583068848,1.9051750842919175,0.10220129132966423,0.10472645543563684,0.5250237882137299,0.3351032257080078,0.12340289354324341,1.0,0.9548077633745957,0.683777391910553,drowsy,non_engaged
0.4871722459793091,0.564703106880188,0.8165993690490723,0.027189928257943953,0.00803995132446289,0.0003032684326171875,1.9306350672930712,0.022021315028654,0.03235854148723391,0.48632168769836426,0.3413139253854751,0.12170922756195068,1.0,0.9651378732434304,0.663155734539032,drowsy,non_engaged
0.4947369396686554,0.5748857259750366,0.8307143449783325,0.028368343211899957,0.00849887728691101,5.960464477539063e-08,1.927436996451424,0.026400731858724387,0.030335954565075526,0.4930954724550247,0.34331509470939636,0.12035325169563293,1.0,0.9631157962993169,0.6738058030605316,drowsy,non_engaged
0.5105995535850525,0.5680257081985474,0.8292025327682495,0.07983605687465992,0.008140802383422852,0.0009174942970275879,1.861799552283472,0.09210186812380623,0.06757024562551361,0.4862607568502426,0.34717965722084043,0.11323529481887817,1.0,0.9538342236946482,0.6697898507118225,drowsy,non_engaged
0.49661704897880554,0.5759474039077759,0.8416493535041809,0.04770400263362495,0.008120805025100708,0.0007930994033813477,1.8705458344350125,0.034276672685944115,0.06113133258130579,0.4970095455646515,0.3406994313001633,0.12283384799957275,1.0,0.9673179496316627,0.6796673536300659,drowsy,non_engaged
0.5009242296218872,0.5762917995452881,0.8523833751678467,0.041586404857969494,0.006264626979827881,0.0011878013610839844,1.8588052875147645,0.0387615782661869,0.044411231449752085,0.5132023394107819,0.34059374034404755,0.1299765706062317,1.0,0.9608393237652896,0.6879217624664307,drowsy,non_engaged
0.49803394079208374,0.5790114402770996,0.8581821918487549,0.03458890209793965,0.005582958459854126,0.0005422830581665039,1.876144397456075,0.03197502335984395,0.037202780836035336,0.5237665176391602,0.3382160037755966,0.12945818901062012,1.0,0.9610702224851202,0.6922805905342102,drowsy,non_engaged
0.5050137639045715,0.5764289498329163,0.8501977324485779,0.1157739961943886,0.00790315866470337,0.0002751350402832031,1.8660638775660368,0.11392510045146781,0.11762289193730939,0.5108719021081924,0.3366301506757736,0.12306982278823853,1.0,0.9579854073630014,0.6832992732524872,drowsy,non_engaged
0.4791894853115082,0.5700751543045044,0.8123842477798462,0.03038887204166941,0.007706165313720703,0.0006379485130310059,1.9820752452223327,0.026233969008749608,0.03454377507458921,0.48027683794498444,0.35150397121906285,0.12001222372055054,1.0,0.9661766039323181,0.6633842587471008,drowsy,non_engaged
0.5031125545501709,0.5763887166976929,0.8510681986808777,0.03656811277163906,0.007399380207061768,0.00016367435455322266,1.8564777215550503,0.03611057231969868,0.037025653223579445,0.509938195347786,0.33831614851951597,0.12454122304916382,1.0,0.9612598857388059,0.6853017210960388,drowsy,non_engaged
0.49096518754959106,0.5696547627449036,0.8218593597412109,0.02979295003918087,0.009179294109344482,0.00021922588348388672,1.9323593154879624,0.026698411129702976,0.03288748894865876,0.48735183477401733,0.3467224299907684,0.12077221274375916,1.0,0.9621369307125847,0.6672387421131134,drowsy,non_engaged
0.49270105361938477,0.5762940049171448,0.8308809995651245,0.028750987274155145,0.009220659732818604,0.000738978385925293,1.933009085487645,0.03017886672928457,0.02732310781902572,0.4921209067106247,0.3427886784076691,0.11958715319633484,1.0,0.9633349798466754,0.6740534603595734,drowsy,non_engaged
0.5016338229179382,0.5810688734054565,0.8579486012458801,0.07318810877163842,0.006889969110488892,0.0007985234260559082,1.8418601624564452,0.06265116938850433,0.08372504815477252,0.5099755823612213,0.34871722757816315,0.12852811813354492,1.0,0.9737754109806239,0.6950166821479797,drowsy,non_engaged
0.5053865909576416,0.5750529170036316,0.8454123735427856,0.024146641283880686,0.009287774562835693,0.0002894401550292969,1.8640466878605193,0.022609028055333557,0.025684254512427812,0.5039645135402679,0.3386817127466202,0.1261386275291443,1.0,0.9623070919066108,0.6827415227890015,drowsy,non_engaged
0.4820984899997711,0.5673725008964539,0.8166584372520447,0.026619374697401815,0.008813202381134033,1.1146068572998047e-05,1.9413590815535466,0.018215688240211372,0.03502306115459226,0.4839554578065872,0.34360766410827637,0.11877039074897766,1.0,0.9692833418646237,0.6626002192497253,drowsy,non_engaged
0.49001073837280273,0.5703558325767517,0.8284122347831726,0.03748995425555293,0.009825557470321655,0.0002943277359008789,1.8854162608348515,0.03352767061625232,0.04145223789485355,0.4865456223487854,0.3465543031692505,0.12070849537849426,1.0,0.965757442071591,0.6728506684303284,drowsy,non_engaged
0.4970460832118988,0.5555694103240967,0.8190485835075378,0.09824301306255784,0.009057283401489258,7.212162017822266e-05,1.7700519434926407,0.11951297000886388,0.07697305611625178,0.46637359261512756,0.35297315120697026,0.11738321185112,1.0,0.9659058258474923,0.6695685088634491,drowsy,non_engaged
0.4729453921318054,0.5965753793716431,0.8057593703269958,0.10878458555811407,0.0007257759571075439,0.0016267895698547363,2.4620870183384596,0.11548312368942773,0.10208604742680043,0.5150316506624222,0.3408989429473877,0.1292441487312317,1.0,0.9698280018319062,0.6542047560214996,drowsy,non_engaged
0.46863722801208496,0.5994583368301392,0.8069251775741577,0.06198282646436577,0.0005221962928771973,0.0011366605758666992,2.4554589642575197,0.06265635661164858,0.06130929631708298,0.5094287693500519,0.3509192198514939,0.12641537189483643,1.0,0.9734017530714033,0.6576449275016785,drowsy,non_engaged
0.4658638834953308,0.5901411771774292,0.7956068515777588,0.05139773956444245,0.0001240372657775879,0.0005702376365661621,2.476508858955026,0.05616478052098859,0.04663069860789631,0.5088400393724442,0.3505635023117065,0.12653446197509766,1.0,0.9805694192306025,0.6496665179729462,drowsy,non_engaged
0.5049445629119873,0.5596043467521667,0.8338963985443115,0.046610429908474124,0.00800710916519165,5.7578086853027344e-05,1.7319578688709214,0.04242706887058832,0.05079379094635993,0.4750640094280243,0.349751353263855,0.11784303188323975,1.0,0.9677208167841165,0.6774438619613647,drowsy,non_engaged
0.49171221256256104,0.5611994862556458,0.8261798620223999,0.05507247570776799,0.0072067975997924805,0.0007599592208862305,1.7837616878057347,0.06873584645947614,0.041409104956059845,0.47266362607479095,0.3514556854963303,0.11777514219284058,1.0,0.9612210580490682,0.6737597286701202,drowsy,non_engaged
0.5044400095939636,0.5575212240219116,0.8240538239479065,0.05197936703677286,0.010009944438934326,0.0013353228569030762,1.7908356387178561,0.058776511936303844,0.04518222213724187,0.4773178696632385,0.3492862999439239,0.11651480197906494,1.0,0.959394957613302,0.6719227731227875,drowsy,non_engaged
0.4705500304698944,0.5985209941864014,0.8102125525474548,0.06110225362851843,0.0002955198287963867,0.0010745525360107422,2.443621176637454,0.06278102500215613,0.05942348225488073,0.5172964185476303,0.35141389071941376,0.12967664003372192,1.0,0.9710605071729147,0.6585891246795654,drowsy,non_engaged
0.4963958263397217,0.5589064359664917,0.8264662027359009,0.07469945054259412,0.010143876075744629,0.00045299530029296875,1.7520091425719089,0.09235923236698483,0.05703966871820342,0.468768909573555,0.3552371233701706,0.11610913276672363,1.0,0.9679528655516434,0.6730609834194183,drowsy,non_engaged
0.5066342949867249,0.5647420287132263,0.8284065127372742,0.025000349177014092,0.009529709815979004,0.002023935317993164,1.8233236811526212,0.029366510282666198,0.020634188071361987,0.4807475209236145,0.3527008175849915,0.11702889204025269,1.0,0.9645585290389517,0.6737280786037445,drowsy,non_engaged
0.49516385793685913,0.5557172894477844,0.8193991184234619,0.03956744433058355,0.012699127197265625,0.0005971789360046387,1.7777793114934788,0.05230650054092909,0.026828388120238002,0.4687698781490326,0.35122976303100584,0.11640039086341858,1.0,0.9768431805046418,0.6675758957862854,drowsy,non_engaged
0.4713033139705658,0.5986611843109131,0.8101566433906555,0.1317845952103814,0.0016465485095977783,0.0015278458595275879,2.439966917767212,0.13895465397979448,0.12461453644096833,0.5160443633794785,0.3416620880365372,0.129908949136734,1.0,0.9662954535318167,0.6586493253707886,drowsy,non_engaged
0.5000225305557251,0.5719383358955383,0.8301076292991638,0.11044547321477408,0.003903985023498535,3.647804260253906e-05,1.8204802455693376,0.1218762793231789,0.09901466710636923,0.46999391913414,0.35391274094581604,0.11946654319763184,1.0,0.9555407001827003,0.6773162484169006,drowsy,non_engaged
0.5091766715049744,0.5775137543678284,0.846066415309906,0.07690733773460544,0.008080661296844482,0.005573689937591553,1.8937413697395604,0.07565683662067088,0.07815783884854,0.5085711777210236,0.34355064034461974,0.12394273281097412,1.0,0.9684982591388481,0.6864365339279175,drowsy,non_engaged
0.4807376563549042,0.5768541097640991,0.784541130065918,0.08960130655195103,0.007863551378250122,0.0003338456153869629,2.2984334331166054,0.08928638921852597,0.08991622388537611,0.47735708951950073,0.352424344420433,0.12090492248535156,1.0,0.9159475749336929,0.6528098881244659,drowsy,non_engaged
0.47294074296951294,0.5995111465454102,0.8114430904388428,0.10789786570037349,0.0014951825141906738,0.001467585563659668,2.433512918794689,0.11502192774713382,0.10077380365361317,0.5157415568828583,0.3453482210636139,0.12679412961006165,1.0,0.9673090530869185,0.6603501439094543,drowsy,non_engaged
0.4984145760536194,0.5534864068031311,0.8117763996124268,0.07354517115919257,0.010445833206176758,0.0005595684051513672,1.8038474261500534,0.07982633005695447,0.06726401226143067,0.46591754257678986,0.34931167662143703,0.11968335509300232,1.0,0.93350583879801,0.6614868938922882,drowsy,non_engaged
0.4724684953689575,0.596534252166748,0.8071550130844116,0.06723315625834023,0.005677521228790283,0.0030871033668518066,2.3930307790022516,0.06925780536543304,0.06520850715124743,0.5040243566036224,0.3512934744358063,0.12681689858436584,1.0,0.9718892206153537,0.6583749055862427,drowsy,non_engaged
0.49848899245262146,0.5705065727233887,0.8195063471794128,0.09109364977435735,0.008503258228302002,0.0053765177726745605,1.9055723403081786,0.11070950866451196,0.07147779088420277,0.4744889885187149,0.35098459124565123,0.12025988101959229,1.0,0.9199649596656132,0.6674745976924896,drowsy,non_engaged
0.5039243698120117,0.5725197792053223,0.8258771300315857,0.05514931631297134,0.009913384914398193,0.001350700855255127,1.8840222525436157,0.0600533393230678,0.05024529330287488,0.4773327708244324,0.3544851869344711,0.11870697140693665,1.0,0.9650311066286326,0.6767039000988007,drowsy,non_engaged
0.4685289263725281,0.5951179265975952,0.7979265451431274,0.05592399171078227,0.002856999635696411,0.0017790794372558594,2.5570353269081787,0.06154320550722591,0.05030477791433864,0.5185913592576981,0.3505564481019974,0.127113938331604,1.0,0.9819617291958713,0.6493479609489441,drowsy,non_engaged
0.47139084339141846,0.5592557787895203,0.7736879587173462,0.08530075244491023,0.00599902868270874,0.004927337169647217,2.125933672752221,0.10641274701785555,0.0641887578719649,0.45587071776390076,0.35746604204177856,0.1150331199169159,1.0,0.9233233595488007,0.6458661258220673,drowsy,non_engaged
0.4798583686351776,0.5986957550048828,0.8126417994499207,0.07026237848048357,0.001873791217803955,0.004021406173706055,2.37279193127279,0.07455863574707922,0.06596612121388792,0.5076518207788467,0.3460467636585236,0.12782752513885498,1.0,0.9492514297440112,0.6605668067932129,drowsy,non_engaged
0.4771934747695923,0.6040773391723633,0.8151638507843018,0.10725524315019536,0.0029107332229614258,0.0013340115547180176,2.4900169886766914,0.10442885808877579,0.11008162821161493,0.5256114900112152,0.3476006716489792,0.1289023756980896,1.0,0.9809552319501794,0.6617606580257416,drowsy,non_engaged
0.4969640374183655,0.6076595783233643,0.8133687973022461,0.07586085046238283,0.005177736282348633,0.0007489323616027832,2.505150911658703,0.08287509704804807,0.0688466038767176,0.5153351426124573,0.34137643277645113,0.13056126236915588,1.0,0.9462527684231099,0.6560697853565216,drowsy,non_engaged
0.5330906510353088,0.6247913837432861,0.8083006143569946,0.08795887647495468,0.003812819719314575,0.0013735294342041016,2.777296711188668,0.0898147158600442,0.08610303708986514,0.5096623599529266,0.33852981925010683,0.12684357166290283,1.0,0.9058361642142125,0.6550573110580444,drowsy,non_engaged
0.5153847932815552,0.5840854048728943,0.8707910776138306,0.07066314901167531,0.006997227668762207,0.018925607204437256,1.8675315928551268,0.07375830829999137,0.06756798972335926,0.5354337692260742,0.34131219685077663,0.1259882152080536,1.0,0.9610783789490255,0.6936021149158478,drowsy,non_engaged
0.4714071750640869,0.6128334403038025,0.8137015700340271,0.10732141349788063,0.002215862274169922,0.0005068182945251465,2.560780727294597,0.11014919978673741,0.10449362720902386,0.5143817961215973,0.35845032930374143,0.12697607278823853,1.0,0.9581949062497911,0.6606729626655579,drowsy,non_engaged
0.47443369030952454,0.6020158529281616,0.8098849058151245,0.08292896454453527,0.0003332793712615967,0.0009856224060058594,2.5078441455903415,0.08008470337798128,0.08577322571108925,0.5213056951761246,0.35193946957588196,0.12789031863212585,1.0,0.9810075234338717,0.658700168132782,drowsy,non_engaged
0.48333755135536194,0.6086580753326416,0.8151707649230957,0.056054100224012464,0.007230252027511597,0.0016787052154541016,2.491585783889182,0.05664553968243733,0.0554626607655876,0.5145465731620789,0.35460318326950074,0.1253572702407837,1.0,0.9580768455413121,0.6590753495693207,drowsy,non_engaged
0.4901229441165924,0.6085904836654663,0.8126751184463501,0.06661027192858293,0.0032151639461517334,0.00160139799118042,2.5308821272031086,0.06986230322145336,0.06335824063571249,0.5165166854858398,0.3527003705501557,0.12843358516693115,1.0,0.944676609166388,0.6573785543441772,drowsy,non_engaged
0.5015696287155151,0.6084945201873779,0.8118265867233276,0.09939500852440293,0.003351837396621704,0.0004200935363769531,2.56581909389984,0.08716078326660567,0.11162923378220019,0.5217158645391464,0.33871165812015536,0.13310062885284424,1.0,0.9390976210903732,0.6528460085391998,drowsy,non_engaged
0.5041623711585999,0.6119705438613892,0.8114641904830933,0.11660346511916142,0.00014024972915649414,0.0003083944320678711,2.5518643214119483,0.10142553548361422,0.13178139475470863,0.5090832710266113,0.3442811131477356,0.1261344850063324,1.0,0.948758911097391,0.6495044231414795,drowsy,non_engaged
0.508807361125946,0.6126680374145508,0.7975883483886719,0.08023889801174436,0.002556025981903076,0.0010600090026855469,2.6800923933329477,0.09114850578624706,0.06932929023724166,0.4956061989068985,0.34320140779018404,0.12408214807510376,1.0,0.92276811172581,0.6476539969444275,drowsy,non_engaged
0.47387194633483887,0.6027222871780396,0.8060155510902405,0.06964251545024758,0.0007177293300628662,0.0014917254447937012,2.535713896370167,0.07574123035970787,0.06354380054078727,0.515496090054512,0.3558558225631714,0.12360864877700806,1.0,0.9675794429625257,0.6533980071544647,drowsy,non_engaged
0.5329867005348206,0.6393213272094727,0.8081153035163879,0.0880623401910365,0.006181597709655762,0.0006911158561706543,3.078756099557401,0.0959906863717333,0.08013399401033969,0.5196785628795624,0.3336021304130554,0.1335504949092865,1.0,0.882184641819024,0.6714739799499512,drowsy,non_engaged
0.5314831137657166,0.6530577540397644,0.8056186437606812,0.16030585602884906,0.008607149124145508,0.001383662223815918,3.525309597799693,0.1715222314111202,0.1490894806465779,0.5378278940916061,0.32499352991580965,0.13903284072875977,1.0,0.8979257831018441,0.6864214539527893,drowsy,non_engaged
0.4918539226055145,0.5344462990760803,0.8361665606498718,0.12243544956706925,0.029062122106552124,0.0016231536865234375,1.80689247454965,0.12649039124356717,0.11838050789057133,0.5451778769493103,0.3313856661319733,0.1193353533744812,1.0,0.9827514836311902,0.6733917891979218,bored,non_engaged
0.47002968192100525,0.5914316773414612,0.7965480089187622,0.048181069662498806,0.0003978610038757324,0.0003477931022644043,2.299551655306607,0.04692188407978836,0.04944025524520925,0.47167789936065674,0.360399654507637,0.11651527881622314,1.0,0.9915237443084782,0.6614799499511719,bored,non_engaged
0.4805341958999634,0.543759822845459,0.8448542356491089,0.28500180077621173,0.009675800800323486,0.010264337062835693,1.7825381565832423,0.2919208254123122,0.27808277614011134,0.5367140620946884,0.31186041533946995,0.12047094106674194,0.0,0.9813374926414338,0.6786305606365204,bored,non_engaged
0.48975062370300293,0.5778608322143555,0.8151044845581055,0.20262075148946046,0.04957085847854614,0.00202864408493042,2.1510769851118283,0.22257805838972347,0.18266344458919748,0.5103315114974976,0.3362109899520874,0.11770164966583252,1.0,0.9588075568713869,0.6661948561668396,bored,non_engaged
0.49336695671081543,0.5684913396835327,0.8057421445846558,0.18574281598755604,0.048574984073638916,0.0016961097717285156,2.1654418767909966,0.20948575672221625,0.16199987525289586,0.5137549936771393,0.3265496701002121,0.11841508746147156,1.0,0.962304461096145,0.654609203338623,bored,non_engaged
0.4660324454307556,0.5856572389602661,0.7899394631385803,0.05154319850006665,0.001097261905670166,0.00022834539413452148,2.303948238406282,0.04718507845853561,0.055901318541597696,0.47065797448158264,0.3540161788463593,0.11427205801010132,1.0,0.9853207127383502,0.6533597409725189,bored,non_engaged
0.4865363836288452,0.5833793878555298,0.8266469240188599,0.03822997038971734,0.012522101402282715,0.0005862712860107422,2.0349443295504615,0.035248571577280265,0.04121136920215441,0.4950379282236099,0.3502939909696579,0.11788710951805115,1.0,0.9720311094635945,0.6739760041236877,bored,non_engaged
0.4995758533477783,0.5763273239135742,0.8351370096206665,0.06185208323427632,0.01048886775970459,0.000651240348815918,1.8993637267179786,0.06918256593302227,0.05452160053553038,0.4915756285190582,0.34689995944499974,0.1235358715057373,1.0,0.961011149582685,0.677033007144928,bored,non_engaged
0.5061200261116028,0.5703545808792114,0.8392654061317444,0.23993052044989738,0.0012504756450653076,0.000382840633392334,1.8196220769481561,0.2483170920207406,0.23154394887905413,0.4893178939819336,0.34501672089099883,0.11656820774078369,0.0,0.9531535083175112,0.6787307560443878,bored,non_engaged
0.45867007970809937,0.6011648178100586,0.857207179069519,0.14739145605766746,0.031845033168792725,0.002283453941345215,2.0595460592136803,0.17127258440683268,0.12351032770850223,0.5273330956697464,0.3454875200986862,0.12599670886993408,1.0,0.9063829731795175,0.7038198709487915,bored,non_engaged
0.49078866839408875,0.5421218872070312,0.8396404385566711,0.27338856090863495,0.011447936296463013,0.009764671325683594,1.7567458788101642,0.2730175536452303,0.27375956817203967,0.5226662456989288,0.31983348429203035,0.1166105568408966,0.0,0.9791482143293041,0.6743124425411224,bored,non_engaged
0.49523016810417175,0.5726407766342163,0.8344781398773193,0.11057216332023487,0.004198551177978516,0.00014913082122802734,1.85023316209617,0.1274305140121116,0.09371381262835811,0.48446202278137207,0.3507919698953629,0.12114912271499634,1.0,0.9608282701945259,0.6780011057853699,bored,non_engaged
0.5027180910110474,0.5763883590698242,0.8420262932777405,0.049557128152659446,0.010525017976760864,0.00010287761688232422,1.8874065774681674,0.036976544989478714,0.06213771131584017,0.5013686716556549,0.34542232751846313,0.1221582293510437,1.0,0.963993329675081,0.6813839972019196,bored,non_engaged
0.47970908880233765,0.5788270235061646,0.808993935585022,0.19142830188058574,0.04453721642494202,0.0013399124145507812,2.1602069520456397,0.2156669385442552,0.16718966521691628,0.4972103238105774,0.3271011054515839,0.12065517902374268,1.0,0.8894812758385634,0.6643666625022888,bored,non_engaged
0.4940206706523895,0.5690500140190125,0.831865668296814,0.24209237177243326,0.0032570958137512207,1.2934207916259766e-05,1.8523330546826975,0.2476616312785077,0.23652311226635878,0.4868239760398865,0.3463409066200256,0.11711764335632324,0.0,0.9694540643181488,0.6739868223667145,bored,non_engaged
0.5060835480690002,0.5328893661499023,0.8304816484451294,0.26707380400825287,0.013947248458862305,0.004876911640167236,1.7618022544325151,0.2757209639131109,0.2584266441033948,0.5243005156517029,0.32147204577922817,0.11453390121459961,0.0,0.9892452181826044,0.6694344878196716,bored,non_engaged
0.5066642761230469,0.5673158764839172,0.842896580696106,0.26531087885081633,0.0014782249927520752,0.0001169443130493164,1.7829687671741143,0.2674324970202815,0.2631892606813512,0.4913535714149475,0.3406732797622681,0.12140345573425293,0.0,0.9597195351992448,0.6814926862716675,bored,non_engaged
0.4905843734741211,0.5499663352966309,0.8388172388076782,0.1469684047556996,0.013766944408416748,0.001858830451965332,1.829799257933803,0.11202529749288208,0.18191151201851713,0.5285409986972809,0.32022743821144106,0.11541929841041565,1.0,0.9597192862452832,0.6749815940856934,bored,non_engaged
0.47447437047958374,0.5917304754257202,0.7975584864616394,0.051792542513109434,0.0003393888473510742,0.00014972686767578125,2.3138939498229054,0.047874616374657224,0.055710468651561644,0.4762665033340454,0.3574228137731552,0.11756691336631775,1.0,0.9986826762554368,0.6607925295829773,bored,non_engaged
0.4798245429992676,0.6016414165496826,0.8081555962562561,0.05074351230620497,0.002828240394592285,0.00042682886123657227,2.355629489803466,0.052338539556646184,0.04914848505576376,0.4864732474088669,0.35943212509155276,0.12070438265800476,1.0,0.9998366299066175,0.6693417131900787,bored,non_engaged
0.4999004006385803,0.5719735622406006,0.8428291082382202,0.2634934773969766,0.003548175096511841,3.1948089599609375e-05,1.8013248594106839,0.2680137109323498,0.2589732438616033,0.48790062963962555,0.34797782003879546,0.11993801593780518,0.0,0.9597958759800186,0.6828781962394714,bored,non_engaged
0.46280187368392944,0.6149665713310242,0.8653518557548523,0.1916430884621339,0.04970702528953552,0.0013770461082458496,2.1734599567014508,0.21644267924378227,0.16684349768048554,0.5442045629024506,0.35524867177009584,0.12681308388710022,1.0,0.9501676255462698,0.7096760869026184,bored,non_engaged
0.5038200616836548,0.5714568495750427,0.8439704179763794,0.24761538067894268,0.0020781755447387695,0.00042688846588134766,1.792298638789253,0.2478678221169183,0.24736293924096703,0.4884274899959564,0.3462582141160965,0.12005248665809631,0.0,0.9583774498580673,0.6835241317749023,bored,non_engaged
0.5046961903572083,0.575257420539856,0.8381834626197815,0.2529178526412079,0.0015645027160644531,0.0008271336555480957,1.868859736150668,0.2626861440651656,0.24314956121725023,0.4913737624883652,0.3482217103242874,0.11696034669876099,0.0,0.9526815160236128,0.6809208393096924,bored,non_engaged
0.5013116598129272,0.5761224031448364,0.8549694418907166,0.08037627728553878,0.012331366539001465,0.0010374784469604492,1.8349468649889902,0.058765246069673836,0.10198730850140374,0.5116713345050812,0.34562935233116154,0.1271289885044098,1.0,0.9666552109641796,0.6867969930171967,bored,non_engaged
0.4962972104549408,0.5466033816337585,0.83395916223526,0.2660907758665456,0.01408657431602478,0.00559842586517334,1.7690182016704985,0.2752687060319253,0.25691284570116585,0.5083393752574921,0.3339350998401642,0.11061108112335205,0.0,0.9994479416107336,0.6742863357067108,bored,non_engaged
0.4979524612426758,0.5792705416679382,0.8151247501373291,0.18514068757371255,0.04685768485069275,0.0017769336700439453,2.168132042410256,0.21618097021779956,0.1541004049296255,0.5113652348518372,0.33858335614204405,0.12181085348129272,1.0,0.9542365439291721,0.6698115468025208,bored,non_engaged
0.49636954069137573,0.5645985007286072,0.8318136930465698,0.26435277330487694,0.0029615163803100586,5.412101745605469e-05,1.8144188329046504,0.2664800441569515,0.26222550245280246,0.48484209179878235,0.34400407373905184,0.11912155151367188,0.0,0.9587674984181597,0.673953503370285,bored,non_engaged
0.5030184388160706,0.5184464454650879,0.817854106426239,0.25066126884886364,0.019087374210357666,0.0033410191535949707,1.7300756016297762,0.2585020574882601,0.24282048020946714,0.5179996192455292,0.33019332885742186,0.11132696270942688,0.0,0.9849934842487483,0.6607202291488647,bored,non_engaged
0.46383920311927795,0.591403603553772,0.7912515997886658,0.05262205151248857,0.005668222904205322,0.00017827749252319336,2.344716685614992,0.05151765713506515,0.05372644588991198,0.46858927607536316,0.3623895704746246,0.11604267358779907,1.0,0.995371671977227,0.6584221124649048,bored,non_engaged
0.5090410113334656,0.5296769142150879,0.8382793664932251,0.2591237106925647,0.013612359762191772,0.0037820935249328613,1.7156567595603205,0.2712184576187752,0.2470289637663541,0.5294575989246368,0.3283611387014389,0.11584484577178955,0.0,0.9928032880465882,0.6717334687709808,bored,non_engaged
0.499558687210083,0.5150864124298096,0.8325561285018921,0.26881622842016195,0.020449072122573853,0.0033254623413085938,1.7249080049907122,0.28156727292146533,0.25606518391885863,0.5476077795028687,0.31064055562019344,0.11674192547798157,0.0,0.9965817131878885,0.6687611639499664,bored,non_engaged
0.5014818906784058,0.5626380443572998,0.8333664536476135,0.2492085361251351,0.0038603544235229492,0.000311434268951416,1.809288486189061,0.25693647535514635,0.24148059689512388,0.48982760310173035,0.3413809835910797,0.12116870284080505,0.0,0.9572694758608687,0.6734257936477661,bored,non_engaged
0.4848124086856842,0.5848374962806702,0.8343766927719116,0.06290605917391832,0.009532749652862549,8.344650268554688e-06,1.9677357200920162,0.0641779355646315,0.06163418278320515,0.49102915823459625,0.3578962415456772,0.12199237942695618,1.0,0.9676764047569256,0.6803077459335327,bored,non_engaged
0.5026323795318604,0.5619121789932251,0.7928707003593445,0.19803918138811802,0.04745286703109741,0.0012140870094299316,2.1380446654618424,0.22338456594073217,0.17269379683550387,0.4938017725944519,0.32912115156650545,0.11424607038497925,1.0,0.9717068430884275,0.6472509801387787,bored,non_engaged
0.4843047559261322,0.5934547781944275,0.8243556022644043,0.04645029007335563,0.010700464248657227,0.0004928708076477051,2.1312134507691898,0.04720737165826559,0.04569320848844567,0.4921010732650757,0.356155788898468,0.12218984961509705,1.0,0.9748954796720819,0.6767449975013733,bored,non_engaged
0.5027784109115601,0.567011833190918,0.7918087840080261,0.17744312440274188,0.04214674234390259,0.0015891790390014648,2.1202213697184975,0.1886536246886954,0.16623262411678835,0.4766214191913605,0.32856963872909545,0.1132282018661499,1.0,0.9048808202454879,0.655540257692337,bored,non_engaged
0.4920373558998108,0.5704882740974426,0.8319259881973267,0.21731104679202157,0.000812232494354248,1.7881393432617188e-06,1.8311971116688375,0.2221170834712594,0.21250501011278375,0.47874581813812256,0.35244145393371584,0.11792439222335815,1.0,0.9570668158403083,0.6764523386955261,bored,non_engaged
0.4817763566970825,0.590954601764679,0.8280338644981384,0.06030838471052763,0.011386513710021973,7.003545761108398e-05,2.0822105845344385,0.05198374169410306,0.0686330277269522,0.49365103244781494,0.35251027941703794,0.12115806341171265,1.0,0.9773454985492145,0.6748806238174438,bored,non_engaged
0.4945759177207947,0.5815059542655945,0.8437420129776001,0.0554267994145653,0.00859004259109497,0.001225590705871582,1.8739442053666568,0.04287013283536312,0.06798346599376748,0.49141761660575867,0.35862829089164733,0.11719101667404175,1.0,0.9612610260463971,0.6862564086914062,bored,non_engaged
0.49088454246520996,0.560393750667572,0.7865830063819885,0.07177644972676384,0.03487807512283325,0.00141984224319458,2.087695713658036,0.10426038298553526,0.0392925164679924,0.4722164273262024,0.33587574660778047,0.11241036653518677,1.0,0.9350971405646608,0.646568238735199,bored,non_engaged
0.4920803904533386,0.5357519388198853,0.8321089744567871,0.10636270089256522,0.0157507061958313,0.002987980842590332,1.771822560320277,0.08087201761709849,0.13185338416803197,0.5250938534736633,0.33366488814353945,0.11554610729217529,1.0,0.9709054175394645,0.6730951368808746,bored,non_engaged
0.498859167098999,0.5272618532180786,0.8283124566078186,0.26203935397651623,0.018575161695480347,0.0033347010612487793,1.6938777671550502,0.28214820716876515,0.24193050078426726,0.5099446177482605,0.33298204839229584,0.11144959926605225,0.0,0.9903650504979374,0.6684906780719757,bored,non_engaged
0.5075759887695312,0.5773269534111023,0.859377384185791,0.10560817626231553,0.006788730621337891,0.00029277801513671875,1.833080463086095,0.09058419215016905,0.12063216037446202,0.517022967338562,0.3443628638982773,0.12487214803695679,1.0,0.9671587867505255,0.6930026412010193,bored,non_engaged
0.4926769733428955,0.5747587084770203,0.8115498423576355,0.2009008448780172,0.04885187745094299,0.0017679333686828613,2.1392161922049593,0.22680451134228996,0.17499717841374446,0.5065495669841766,0.3342671185731888,0.12027201056480408,1.0,0.9630567812892865,0.6623594462871552,bored,non_engaged
0.49876517057418823,0.5718456506729126,0.8278707265853882,0.24109284127232367,0.0011876225471496582,0.00028765201568603516,1.8703966021118934,0.25391007070003346,0.2282756118446139,0.47887030243873596,0.34893426597118377,0.11198213696479797,0.0,0.9568127018619708,0.6729709506034851,bored,non_engaged
0.48817315697669983,0.5760995149612427,0.8273599147796631,0.04724520293706644,0.008058935403823853,0.0009498000144958496,1.9527809576135582,0.046868924533136326,0.04762148134099656,0.4906584769487381,0.35472352206707003,0.12107175588607788,1.0,0.9631932938934792,0.6755217015743256,bored,non_engaged
0.49920785427093506,0.5661876201629639,0.8341020345687866,0.2418914680309895,0.004278063774108887,0.00027865171432495117,1.803904369283024,0.24923261029194976,0.2345503257700292,0.4832937866449356,0.3478933423757553,0.12032020092010498,0.0,0.9528394126842374,0.6758723258972168,bored,non_engaged
0.4922335743904114,0.5083647966384888,0.8299728631973267,0.23553642459756102,0.007589012384414673,0.00570756196975708,1.7611496815255785,0.24552370583841476,0.22554914335670728,0.5664017051458359,0.33660036027431484,0.11827152967453003,0.0,0.9943656700303398,0.6719375848770142,bored,non_engaged
0.5047298669815063,0.5251444578170776,0.8107670545578003,0.27023595850727933,0.016339898109436035,0.005920529365539551,1.7236947659744075,0.2804332122867071,0.26003870472785157,0.49232789874076843,0.3367245674133301,0.10661306977272034,0.0,0.9808806896275575,0.6563379764556885,bored,non_engaged
0.5014077425003052,0.5700327754020691,0.833446741104126,0.025660440648912784,0.005074918270111084,0.0001900792121887207,1.8632905629334782,0.023804732831403604,0.02751614846642196,0.4908186197280884,0.3481690675020218,0.12175437808036804,1.0,0.9603251494168533,0.6751796901226044,bored,non_engaged
0.516395628452301,0.554275393486023,0.8124107122421265,0.2250915257388367,0.04138454794883728,0.00047516822814941406,1.9878449252460786,0.23556926024165428,0.21461379123601912,0.5131349712610245,0.3353317379951477,0.11243107914924622,0.0,0.9786200169499357,0.6523387134075165,bored,non_engaged
0.5094510316848755,0.548999011516571,0.8051355481147766,0.21464397042497624,0.03932943940162659,0.0008522868156433105,1.9485271326830769,0.2236395537130782,0.2056483871368743,0.49909093976020813,0.3361026912927627,0.11134737730026245,1.0,0.9761669230078381,0.647428959608078,bored,non_engaged
0.5121253132820129,0.547122597694397,0.8071985244750977,0.22826022466673673,0.040175050497055054,0.0013429522514343262,1.913691176181095,0.23824075984898369,0.21827968948448975,0.49770691990852356,0.3356394857168198,0.11091578006744385,0.0,0.9745270244822479,0.6524352133274078,bored,non_engaged
0.4996282756328583,0.5372220277786255,0.857562780380249,0.22452960273132822,0.014116406440734863,0.004289150238037109,1.8236295196126333,0.24146727951757835,0.2075919259450781,0.5841846764087677,0.3260303795337677,0.12434104084968567,0.0,0.9856482892708827,0.6910493075847626,bored,non_engaged
0.5010508894920349,0.5716260075569153,0.834995687007904,0.039931839597781654,0.005798399448394775,0.00018656253814697266,1.8454078973236152,0.03961649320662846,0.04024718598893485,0.486026331782341,0.35396803021430967,0.1188310980796814,1.0,0.9593351936998162,0.6777476668357849,bored,non_engaged
0.5140780210494995,0.5493216514587402,0.8305793404579163,0.2408839859699224,0.03064092993736267,0.002997279167175293,1.8946018346615083,0.2617428781498229,0.22002509379002186,0.5328732281923294,0.3276201754808426,0.1169314980506897,0.0,0.9621600560024246,0.6764437258243561,bored,non_engaged
0.5009207129478455,0.5523010492324829,0.8320059776306152,0.2352772076277989,0.041327208280563354,0.0019675493240356445,1.8654447154884262,0.2509506895094823,0.21960372574611556,0.52177594602108,0.33405991494655607,0.11778920888900757,0.0,0.9939720026468074,0.6783423125743866,bored,non_engaged
0.5178235173225403,0.5529627799987793,0.8315826058387756,0.23675260201042858,0.043143004179000854,0.0014951229095458984,1.9057088410141358,0.24687844887774835,0.2266267551431088,0.5309701710939407,0.3276325523853302,0.12156468629837036,0.0,0.9763686043205445,0.6718093156814575,bored,non_engaged
0.4977536201477051,0.5516244769096375,0.8715973496437073,0.08463110632573483,0.030700862407684326,0.0018767714500427246,1.7878707871322082,0.07594313581579691,0.09331907683567274,0.5720719397068024,0.336688819527626,0.1257883906364441,1.0,0.9943011627967111,0.7001061737537384,bored,non_engaged
0.4958280920982361,0.5248972177505493,0.8448867797851562,0.21729112036087492,0.005302548408508301,0.006373226642608643,1.7495798940493268,0.23292239826084077,0.20165984246090907,0.5598490536212921,0.33069286644458773,0.11874592304229736,1.0,0.9887029858887291,0.6805761158466339,bored,non_engaged
0.49217528104782104,0.5644412040710449,0.8288320302963257,0.04706264225206017,0.0086250901222229,0.0003553628921508789,1.8267989552591968,0.039782432858700936,0.05434285164541941,0.48299071192741394,0.34546188116073606,0.11957469582557678,1.0,0.9665110246157446,0.6690477430820465,bored,non_engaged
0.5062832236289978,0.5597023963928223,0.8338372707366943,0.23876977991263565,0.04123297333717346,0.0010936260223388672,1.8802387589261247,0.25258987500293095,0.22494968482234035,0.51544089615345,0.3368999153375626,0.11564025282859802,0.0,0.9892453669993222,0.6793093085289001,bored,non_engaged
0.518198549747467,0.5599846839904785,0.8212155103683472,0.2170260611135576,0.04246878623962402,8.630752563476562e-05,1.9337628126521258,0.22778067057957735,0.20627145164753782,0.505160391330719,0.3419958591461182,0.11116600036621094,1.0,0.9787534851991275,0.658340185880661,bored,non_engaged
0.5013318657875061,0.570327639579773,0.8375173807144165,0.05388009930447567,0.0075514912605285645,0.0002690553665161133,1.8470735296246517,0.05438407840383217,0.05337612020511916,0.49352094531059265,0.35021471679210664,0.12177544832229614,1.0,0.9623207000988542,0.6785240173339844,bored,non_engaged
0.5134029388427734,0.5539703965187073,0.8139553666114807,0.2173099441351177,0.04240673780441284,0.0005535483360290527,1.9643419917470553,0.23032808841784325,0.20429179985239215,0.5107013583183289,0.33844448029994967,0.11614927649497986,1.0,0.9812625547113241,0.6566306054592133,bored,non_engaged
0.5049664378166199,0.5729528069496155,0.8442403674125671,0.03871267173325102,0.005699038505554199,4.267692565917969e-05,1.8331313087389904,0.039305068607814964,0.038120274858687075,0.49730755388736725,0.34736264050006865,0.12203961610794067,1.0,0.9647652927341891,0.682682603597641,bored,non_engaged
0.5012334585189819,0.5500475168228149,0.8280588388442993,0.2352773785738292,0.04312402009963989,0.001073002815246582,1.8480074840616105,0.25090958709672034,0.21964517005093803,0.5137688517570496,0.3332136899232864,0.1168040931224823,0.0,0.9963746114324564,0.675770103931427,bored,non_engaged
0.49038901925086975,0.5176342129707336,0.8474276661872864,0.17999643391553669,0.008209466934204102,0.006145000457763672,1.7217092114883945,0.19515796547146086,0.1648349023596125,0.5678101480007172,0.32489731907844543,0.12042701244354248,1.0,0.981709380574227,0.6785370111465454,bored,non_engaged
0.5102644562721252,0.5535774230957031,0.8125652074813843,0.22070377311885514,0.04013800621032715,0.0003109574317932129,1.9671142896560274,0.23103767200422523,0.21036987423348505,0.5094605386257172,0.3346990615129471,0.11237436532974243,0.0,0.9800052853298387,0.6527494788169861,bored,non_engaged
0.5146041512489319,0.5594662427902222,0.8321239948272705,0.2358453697193993,0.04281991720199585,0.0016579627990722656,1.9223702994724716,0.24646845422316385,0.22522228521563473,0.524151086807251,0.3364912927150726,0.11995109915733337,0.0,0.9733733244120614,0.6738162636756897,bored,non_engaged
0.509069561958313,0.5520166158676147,0.8092535138130188,0.22857915740187684,0.0405428409576416,0.00039905309677124023,1.9443589536459287,0.24005642744488362,0.2171018873588701,0.500162810087204,0.3390888959169388,0.11068737506866455,0.0,0.9740871746096161,0.6514570116996765,bored,non_engaged
0.5031391978263855,0.5574556589126587,0.8292655944824219,0.23382641811966381,0.040542930364608765,0.0016939640045166016,1.903686879921429,0.24880349670725913,0.2188493395320685,0.517442911863327,0.3363993585109711,0.11827442049980164,0.0,0.9808569733484501,0.6701080501079559,bored,non_engaged
0.49295464158058167,0.5615123510360718,0.8790164589881897,0.20059335510975718,0.019027411937713623,0.005245029926300049,1.8370360973539814,0.19948108107561463,0.20170562914389975,0.5832683444023132,0.3483721107244492,0.12580490112304688,1.0,0.9915597717020797,0.711765855550766,bored,non_engaged
0.4930844008922577,0.5690829157829285,0.8299177885055542,0.04548763465112053,0.006012260913848877,0.0005016922950744629,1.8570133026468436,0.04035217512888228,0.05062309417335878,0.4843756854534149,0.34854410886764525,0.12066245079040527,1.0,0.9641356639423465,0.6715641915798187,bored,non_engaged
0.4899069666862488,0.4974450469017029,0.8158575296401978,0.1539023213117725,0.0030156970024108887,0.004032015800476074,1.719309286143818,0.14772548504367514,0.16007915757986985,0.5474512577056885,0.3246553033590317,0.11789137125015259,1.0,0.9860241865582706,0.6644923090934753,bored,non_engaged
0.4915255606174469,0.5384112596511841,0.8534502387046814,0.24166273784441278,0.008577287197113037,0.006399035453796387,1.8002991586175008,0.2595360043655507,0.22378947132327484,0.5671662092208862,0.33759528398513794,0.11904081702232361,0.0,0.9910173276468986,0.6925981342792511,bored,non_engaged
0.518561840057373,0.5522055625915527,0.8066685199737549,0.2165136704404244,0.04046398401260376,0.00038248300552368164,1.9680438589385039,0.22987128953500555,0.2031560513458433,0.5007962286472321,0.33905496001243596,0.1087469756603241,1.0,0.9772645048558946,0.6498652696609497,bored,non_engaged
0.5196394324302673,0.5515899658203125,0.8109774589538574,0.2176500140789534,0.04039689898490906,0.0004995465278625488,1.9899615363724146,0.22751201220077563,0.20778801595713114,0.5161731243133545,0.3345822930335999,0.11352294683456421,1.0,0.9724816432710006,0.6515637636184692,bored,non_engaged
0.49987515807151794,0.5690155029296875,0.8302361965179443,0.050104988729540875,0.006180942058563232,2.2292137145996094e-05,1.8609501574965028,0.05300817754036366,0.04720179991871809,0.4861205518245697,0.3492654681205749,0.11993485689163208,1.0,0.9577494942489174,0.6733371615409851,bored,non_engaged
0.5123069286346436,0.5473873615264893,0.8023332357406616,0.21107545892806878,0.04064258933067322,0.0009592771530151367,1.9665555150848946,0.22070901597262074,0.2014419018835168,0.5013671815395355,0.33577975630760193,0.1125851571559906,1.0,0.9774309761084201,0.6449857354164124,bored,non_engaged
0.4859228730201721,0.5231435298919678,0.8575871586799622,0.11064008429484339,0.008191049098968506,0.003650963306427002,1.7485766281809816,0.10518995613474565,0.11609021245494112,0.5848020613193512,0.32872874736785884,0.12302535772323608,1.0,0.9906063296382732,0.6904310584068298,bored,non_engaged
0.5153266787528992,0.5653091669082642,0.8381215929985046,0.22377389041954035,0.04375660419464111,5.3882598876953125e-05,1.973249787441361,0.23357824752932782,0.21396953330975288,0.5383290350437164,0.3377140939235687,0.12009257078170776,0.0,0.9790786138213884,0.6717038154602051,bored,non_engaged
0.5142119526863098,0.5569016933441162,0.817656934261322,0.2171259462956262,0.04137006402015686,0.00012642145156860352,1.9625824243849415,0.22910986289295535,0.20514202969829706,0.5117556154727936,0.3391500294208527,0.11436116695404053,1.0,0.9806841226751629,0.65929314494133,bored,non_engaged
0.4978525638580322,0.5804119110107422,0.8427107930183411,0.03594856654246026,0.005764305591583252,0.00040435791015625,1.8722460205092912,0.04294497665665155,0.028952156428268972,0.49108991026878357,0.35948626101017,0.12065297365188599,1.0,0.9694139433614225,0.6865858733654022,bored,non_engaged
0.5144333839416504,0.5568195581436157,0.8144708871841431,0.21559762076084138,0.04107066988945007,0.00020819902420043945,1.9862808641823635,0.22739835163506275,0.20379688988661998,0.5117698907852173,0.3384964853525162,0.11417824029922485,1.0,0.9735634055253257,0.6568174958229065,bored,non_engaged
0.5019015669822693,0.5694960355758667,0.8339649438858032,0.05248537435218105,0.005874127149581909,0.00015342235565185547,1.850898456244553,0.04450703758185114,0.060463711122510956,0.48950694501399994,0.3452874481678009,0.12170591950416565,1.0,0.9597310645656331,0.6754668653011322,bored,non_engaged
0.5087603330612183,0.5569111108779907,0.8228046894073486,0.23440511482203547,0.03971695899963379,0.0011932849884033203,1.9117814094541996,0.24497414855634003,0.2238360810877309,0.5083323121070862,0.3423424780368805,0.1146341860294342,0.0,0.9841226704018008,0.6738256514072418,bored,non_engaged
0.49763357639312744,0.5577702522277832,0.8683590888977051,0.1061768509678708,0.028081536293029785,0.0025389790534973145,1.7979258595600964,0.09083087481801129,0.12152282711773031,0.5584174990653992,0.3379148006439209,0.12167075276374817,1.0,0.9975929978246476,0.6986361742019653,bored,non_engaged
0.5150169730186462,0.5487104654312134,0.801832914352417,0.2236535147726407,0.04094499349594116,0.00023686885833740234,1.9511632035570017,0.23294866664133804,0.21435836290394336,0.4938851594924927,0.33640648424625397,0.10931110382080078,0.0,0.98423516150823,0.6469176411628723,bored,non_engaged
0.506399929523468,0.5665045976638794,0.8306968212127686,0.2158057993989333,0.04645460844039917,0.0024446845054626465,1.9367084740408949,0.2225469733681137,0.20906462542975288,0.5116652548313141,0.3434818655252456,0.1152222752571106,1.0,0.9850033525202955,0.6717408895492554,bored,non_engaged
0.5104175209999084,0.5676794052124023,0.8467322587966919,0.21197984232146438,0.051917701959609985,0.002684354782104492,1.9192535238617077,0.21597786778634254,0.20798181685658623,0.5355750918388367,0.3349194586277008,0.12224537134170532,1.0,0.9944265054804348,0.6796230971813202,bored,non_engaged
0.5102484822273254,0.563853919506073,0.8333876132965088,0.20890286067800695,0.050997793674468994,0.0023782849311828613,1.9375937754812742,0.20848302789041948,0.20932269346559446,0.5222487449645996,0.33564277589321134,0.12008577585220337,1.0,0.9907896655197025,0.6696016788482666,bored,non_engaged
0.5102120041847229,0.5610132217407227,0.8222844004631042,0.20275777430187747,0.04767617583274841,0.001519620418548584,1.919069910603609,0.20681538808919409,0.19870016051456085,0.501399576663971,0.3364889919757843,0.1128670871257782,1.0,0.9963805138919596,0.6627621054649353,bored,non_engaged
0.5073317885398865,0.5682459473609924,0.8447128534317017,0.20998417167884165,0.04885619878768921,0.00807100534439087,1.857453215986777,0.21432711219693096,0.20564123116075236,0.513526201248169,0.3431494474411011,0.11526203155517578,1.0,0.9935954226259733,0.686614066362381,bored,non_engaged
0.5060554146766663,0.5652512311935425,0.8284941911697388,0.21358463422317855,0.05157828330993652,0.003888845443725586,1.9281296278561766,0.21733449404171287,0.20983477440464424,0.5075684785842896,0.3468473672866821,0.11578914523124695,1.0,0.9878282251166856,0.6727478802204132,bored,non_engaged
0.5124229192733765,0.5629119873046875,0.8301109075546265,0.2184185570093442,0.050922513008117676,0.0016325712203979492,1.9489998561649409,0.2173785680373473,0.2194585459813411,0.5207726061344147,0.3372468888759613,0.12012958526611328,1.0,0.9931330721610586,0.6693002581596375,bored,non_engaged
0.4899807572364807,0.5644615292549133,0.86687833070755,0.0897739184008003,0.033495038747787476,0.0022066831588745117,1.8778188425806728,0.07790185867490432,0.10164597812669629,0.5678858458995819,0.33576632738113404,0.12439107894897461,1.0,0.9958330098320196,0.6914511322975159,bored,non_engaged
0.513910174369812,0.5526643395423889,0.8135720491409302,0.09255456670748119,0.05554875731468201,0.0025302767753601074,1.9290215409684588,0.08694654008791408,0.0981625933270483,0.5032985210418701,0.33784677982330324,0.1147928237915039,1.0,0.9866762826505899,0.657803475856781,bored,non_engaged
0.5113754868507385,0.5383139252662659,0.8477694988250732,0.25209457501403515,0.009835600852966309,0.0020807385444641113,1.800343116881487,0.2610540156756694,0.24313513435240094,0.5571280121803284,0.3209624201059341,0.12279343605041504,0.0,0.9692593097210385,0.676092118024826,bored,non_engaged
0.5040730834007263,0.562446117401123,0.8221507668495178,0.2234179150936844,0.05098983645439148,0.0027773380279541016,1.9148925112326978,0.22496866267860596,0.2218671675087628,0.4973084032535553,0.34547982811927797,0.11277148127555847,0.0,0.9966095330562094,0.668851375579834,bored,non_engaged
0.5134607553482056,0.5606904029846191,0.8238300085067749,0.21238564265352505,0.04766654968261719,0.0022076964378356934,1.9421181644858843,0.22402291448425019,0.20074837082279992,0.5110501497983932,0.3395910888910294,0.11554509401321411,1.0,0.9823204921289407,0.6648980975151062,bored,non_engaged
0.5070865750312805,0.563727617263794,0.8337198495864868,0.20731310369201403,0.052145808935165405,0.0023795366287231445,1.9181895138108374,0.21316455285177943,0.20146165453224862,0.5178981870412827,0.336545518040657,0.11778384447097778,1.0,0.994236458311165,0.6699086725711823,bored,non_engaged
0.5132415294647217,0.5515264272689819,0.8195902109146118,0.05607164825396483,0.059119969606399536,0.0021704435348510742,1.8979533694907424,0.05606578365672774,0.05607751285120192,0.50877445936203,0.32964735031127934,0.11668175458908081,1.0,0.995479118740428,0.6582987904548645,bored,non_engaged
0.5017616152763367,0.5589484572410583,0.8261234760284424,0.22367480022434832,0.048766762018203735,0.002903163433074951,1.8593035567941525,0.22839018480291284,0.2189594156457838,0.4967613220214844,0.341708841919899,0.11181604862213135,0.0,0.9940194056946693,0.6725801825523376,bored,non_engaged
0.49564170837402344,0.550957977771759,0.8630982637405396,0.22355175323237436,0.010094821453094482,0.0033098459243774414,1.8216176320527948,0.2207537071972048,0.22634979926754392,0.5686020702123642,0.3268671095371246,0.1286076009273529,0.0,0.9940849706652055,0.6867342591285706,bored,non_engaged
0.5118807554244995,0.5605804324150085,0.8305957317352295,0.21779262753770112,0.047057509422302246,0.0030066967010498047,1.920304779388542,0.22321852798335118,0.21236672709205104,0.5185135900974274,0.33559110462665553,0.1175335943698883,1.0,0.9983755748583198,0.6681317687034607,bored,non_engaged
0.5066700577735901,0.5675292015075684,0.8356305360794067,0.21812531394742296,0.046031415462493896,0.0029351115226745605,1.9275057752009606,0.22460609882997257,0.21164452906487335,0.5167687982320786,0.3401833355426788,0.11648982763290405,1.0,0.9937798001189151,0.6733172535896301,bored,non_engaged
0.5124558210372925,0.552188515663147,0.8042159080505371,0.21995563973134263,0.04039466381072998,0.0001976490020751953,1.9855226566349828,0.23028585539258398,0.2096254240701013,0.5004080832004547,0.3398208856582642,0.11060440540313721,1.0,0.9910135777362795,0.6504452228546143,bored,non_engaged
0.5128576755523682,0.5624438524246216,0.8255628347396851,0.2148234503753635,0.045258015394210815,0.0037802457809448242,1.9554573375861994,0.22641879060397072,0.2032281101467563,0.5145199000835419,0.3392739862203598,0.11496666073799133,1.0,0.9854054195563244,0.6666760146617889,bored,non_engaged
0.5106939077377319,0.5595453977584839,0.824640154838562,0.18856345651957446,0.04839417338371277,0.00238037109375,1.9583767978180928,0.19858772501481942,0.17853918802432947,0.5191573798656464,0.3315709114074707,0.11564233899116516,1.0,0.9877445058063413,0.6624855995178223,bored,non_engaged
0.5082845091819763,0.5645462274551392,0.8293029069900513,0.19887505554528478,0.04796791076660156,0.0020078420639038086,1.935954262626899,0.20856193723130745,0.18918817385926212,0.5125587582588196,0.34047994315624236,0.11487182974815369,1.0,0.9980024596759072,0.667780190706253,bored,non_engaged
0.5105418562889099,0.5614209175109863,0.8193407654762268,0.2145725316077484,0.04760780930519104,0.0026895999908447266,1.9549594807937185,0.22134835205649514,0.20779671115900164,0.5042248070240021,0.3407011061906815,0.11280858516693115,1.0,0.9883549632310863,0.6634690761566162,bored,non_engaged
0.4957982003688812,0.5589942336082458,0.8208457827568054,0.21990207911572934,0.04745763540267944,0.009124994277954102,1.843548480218919,0.22485256318803495,0.21495159504342373,0.48273786902427673,0.34764377772808075,0.11150476336479187,1.0,0.9923040325814285,0.6726058423519135,bored,non_engaged
0.4849647879600525,0.5279677510261536,0.8187340497970581,0.11695056574373344,0.027692139148712158,0.0013870596885681152,1.816669059195378,0.09905713218889596,0.1348439992985709,0.5282279551029205,0.3239530473947525,0.11709630489349365,1.0,0.9784363919994432,0.6571522951126099,bored,non_engaged
0.5087834596633911,0.5726149678230286,0.8584068417549133,0.2135498867633064,0.054911911487579346,0.001803576946258545,1.9366317681164302,0.21571507698588455,0.21138469654072828,0.553475558757782,0.3298035621643066,0.12523102760314941,1.0,0.9981960081395391,0.6848644018173218,bored,non_engaged
0.4231503903865814,0.5658971667289734,0.8915295600891113,0.11824964782440331,0.01602339744567871,0.0006314516067504883,2.0754485104900957,0.08757733607981529,0.14892195956899132,0.6758353412151337,0.34246650636196135,0.1407245397567749,1.0,0.9058811643651509,0.702585905790329,bored,non_engaged
0.509621262550354,0.5644657611846924,0.8293073177337646,0.20311065991023508,0.04748040437698364,0.0022298693656921387,1.9549811808641617,0.2144031244616774,0.19181819535879277,0.5177622139453888,0.3375727295875549,0.11784809827804565,1.0,0.9858988679618447,0.6678449511528015,bored,non_engaged
0.5112781524658203,0.5621492266654968,0.8237143754959106,0.1987033715561199,0.04875090718269348,0.0019243955612182617,1.9405452621673094,0.20594622794242287,0.19146051516981688,0.5075809508562088,0.3405272901058197,0.11395859718322754,1.0,0.981606260859282,0.664781928062439,bored,non_engaged
0.5158407688140869,0.5611972808837891,0.8292688131332397,0.20695124257139202,0.046928465366363525,0.002410888671875,1.9149380460920626,0.21248617181500504,0.20141631332777904,0.5133422911167145,0.33319759666919707,0.11520978808403015,1.0,0.9992594169786234,0.666285514831543,bored,non_engaged
0.5223718285560608,0.5494374632835388,0.8042972087860107,0.23245906750256942,0.03745454549789429,4.965066909790039e-05,2.0097990828852152,0.24752764415516346,0.2173904908499754,0.5122188925743103,0.33226274251937865,0.11001855134963989,0.0,0.9814841207708132,0.6490435600280762,bored,non_engaged
0.5084256529808044,0.567646861076355,0.8280683755874634,0.21520604997376774,0.046400249004364014,0.0027426481246948242,1.9496841351513232,0.21945519404622793,0.21095690590130753,0.5077416449785233,0.3435701608657837,0.11431676149368286,1.0,0.9905627106597593,0.6711248457431793,bored,non_engaged
0.5077244639396667,0.5586621761322021,0.8339682817459106,0.057425732794411266,0.05848190188407898,0.0027031898498535156,1.8815153778759954,0.05988786833976745,0.05496359724905508,0.5179945528507233,0.3368057757616043,0.11821585893630981,1.0,0.9937611064063142,0.668736606836319,bored,non_engaged
0.5073758363723755,0.5518991947174072,0.8091938495635986,0.16467601599388096,0.051096200942993164,0.0020729899406433105,1.927416149446738,0.15961993500142813,0.1697320969863338,0.49591580033302307,0.3381955295801162,0.10864940285682678,1.0,0.9918922580943524,0.6541661620140076,bored,non_engaged
0.4913918077945709,0.5417850017547607,0.849905788898468,0.1287424856901867,0.017875730991363525,0.004181325435638428,1.8325222003867792,0.11401736662223269,0.14346760475814072,0.5646400153636932,0.33117000460624696,0.12695032358169556,1.0,0.9777086534867049,0.6797877848148346,bored,non_engaged
0.5178546905517578,0.5541793704032898,0.8096128702163696,0.21631358587586935,0.04186159372329712,0.00027817487716674805,1.9705591763370862,0.23478234257152053,0.1978448291802182,0.5033487975597382,0.34026416540145876,0.11068955063819885,1.0,0.9841455548065872,0.6541139781475067,bored,non_engaged
0.5085722208023071,0.563793420791626,0.821457028388977,0.21916053490725435,0.04942119121551514,0.002725839614868164,1.93982537909481,0.22391853943538223,0.21440253037912643,0.4998243451118469,0.347895672917366,0.11223980784416199,1.0,0.9853183602720216,0.66890549659729,bored,non_engaged
0.5081817507743835,0.5592182874679565,0.8293761014938354,0.21126079290061367,0.04664173722267151,0.00914919376373291,1.8458488505660307,0.210136649610968,0.2123849361902593,0.49867233633995056,0.3441968411207199,0.11354720592498779,1.0,0.9986906775789879,0.6738594174385071,bored,non_engaged
0.5078648924827576,0.5619120597839355,0.8305290937423706,0.19311690519313368,0.0487101674079895,0.001555800437927246,1.931518161067589,0.20724223209349135,0.178991578292776,0.5188406109809875,0.3321733415126801,0.1168619692325592,1.0,0.9968428040169282,0.6649339199066162,bored,non_engaged
0.5047251582145691,0.5645612478256226,0.8314773440361023,0.21872015641402004,0.04944378137588501,0.002313554286956787,1.902025406105328,0.22816709921269107,0.209273213615349,0.5076830983161926,0.3419511318206787,0.11579614877700806,1.0,0.9939871623122062,0.6752800941467285,bored,non_engaged
0.5051908493041992,0.5461074113845825,0.8486716747283936,0.26685508694785753,0.0012334883213043213,0.0022780299186706543,1.7643703163710114,0.2771284565592378,0.25658171733647733,0.5338371694087982,0.3310017496347427,0.1159525215625763,0.0,0.9823285924973629,0.6773558855056763,bored,non_engaged
0.49574601650238037,0.5722299218177795,0.886275053024292,0.08316790797793888,0.0474010705947876,0.004573225975036621,1.8540722425624012,0.08220297218357896,0.08413284377229881,0.5822642147541046,0.33636615574359896,0.13410145044326782,1.0,0.9998270256474934,0.7046785056591034,bored,non_engaged
0.5072463154792786,0.5585535764694214,0.8321889638900757,0.08565031211485234,0.053160250186920166,0.002354741096496582,1.8987820624816376,0.08030352990243703,0.09099709432726766,0.5195758640766144,0.33699541687965395,0.11770778894424438,1.0,0.9937829048100865,0.6637237071990967,bored,non_engaged
0.5123523473739624,0.6671894192695618,0.8000843524932861,0.20615842940345303,0.008954554796218872,0.0009036660194396973,4.233496294960602,0.20924999527793253,0.20306686352897355,0.5626144409179688,0.35010719597339635,0.13914713263511658,1.0,0.9582645450463034,0.6973161101341248,bored,non_engaged
0.49294495582580566,0.633121132850647,0.8078105449676514,0.31956838905633833,0.005943357944488525,0.0011397600173950195,2.886199605980135,0.33396666310970446,0.30517011500297214,0.5041913986206055,0.35208829641342165,0.12696772813796997,0.0,0.9590960800533945,0.6847390234470367,bored,non_engaged
0.5268903374671936,0.6602336764335632,0.782939076423645,0.12635918547248354,0.014257997274398804,0.002627849578857422,4.595917914022718,0.12254932922635393,0.13016904171861315,0.5639485418796539,0.3528288632631302,0.1324193775653839,1.0,0.9512865729159671,0.6780236661434174,bored,non_engaged
0.5118573307991028,0.6505430936813354,0.8063260316848755,0.2572380794626781,0.002461642026901245,0.000452578067779541,3.3982722655965376,0.28243817739238297,0.23203798153297325,0.5293962359428406,0.3615715682506562,0.1341480016708374,0.0,0.9499486691284801,0.6879630386829376,bored,non_engaged
0.4847889542579651,0.6000199317932129,0.8026609420776367,0.30260876704237105,0.006037712097167969,0.0005097389221191406,2.3515458767600963,0.3045889340408373,0.30062860004390485,0.47652198374271393,0.34908893406391145,0.11624714732170105,0.0,0.9633090597565697,0.6609008312225342,bored,non_engaged
0.4965612590312958,0.6370259523391724,0.8206672668457031,0.3569843320415822,0.006063103675842285,0.00036907196044921875,2.7221355246671757,0.3518681266312495,0.3621005374519149,0.4998992681503296,0.35187179148197173,0.12768983840942383,0.0,0.9478298673326226,0.6799586415290833,bored,non_engaged
0.5009691119194031,0.6357417106628418,0.783802330493927,0.2769571535749973,0.0028949379920959473,8.195638656616211e-05,3.5180390158388977,0.28300313120128684,0.2709111759487077,0.520886555314064,0.35050511658191685,0.13122284412384033,0.0,0.9491449894895894,0.671923816204071,bored,non_engaged
0.4844264090061188,0.613196074962616,0.8116341829299927,0.3096946314335101,0.006578266620635986,0.0005450844764709473,2.3769923459042688,0.3172123339464951,0.3021769289205251,0.47168824076652527,0.3545465022325516,0.1166248619556427,0.0,0.9602938020124253,0.6662890315055847,bored,non_engaged
0.4848182201385498,0.6030088663101196,0.8098353147506714,0.3007054491836372,0.008088886737823486,0.00047838687896728516,2.2827066623411545,0.31280693879307025,0.28860395957420415,0.47212639451026917,0.3517602562904358,0.11251497268676758,0.0,0.9560704475919182,0.6611489653587341,bored,non_engaged
0.4890839457511902,0.5659493803977966,0.8335515260696411,0.13831460323749983,0.04532182216644287,0.0017033815383911133,1.9979396871169504,0.13321440585302,0.14341480062197964,0.5346549451351166,0.35414198637008665,0.12224435806274414,1.0,0.9932384067798177,0.6769353151321411,bored,non_engaged
0.5169450640678406,0.6547443866729736,0.7889940142631531,0.14048149699165924,0.018679559230804443,9.417533874511719e-05,4.093132384229643,0.151558515355793,0.12940447862752547,0.5495055913925171,0.3565425395965576,0.1349320411682129,1.0,0.9520671596153426,0.6884765326976776,bored,non_engaged
0.48724934458732605,0.6402324438095093,0.8162840604782104,0.3434013602949383,0.0033233165740966797,0.0012439489364624023,2.8146227179017136,0.3553849747658412,0.3314177458240354,0.4955216944217682,0.3652507483959198,0.12245479226112366,0.0,0.9465607486450897,0.6929805874824524,bored,non_engaged
0.5285128951072693,0.6545333862304688,0.798096239566803,0.22859652349832593,0.010416269302368164,0.000828087329864502,3.84800720802957,0.2460034761432212,0.21118957085343068,0.5524347424507141,0.3507096529006958,0.13025745749473572,0.0,0.9473849872348382,0.6868960857391357,bored,non_engaged
0.48419639468193054,0.6452794075012207,0.8084710240364075,0.3549613616502675,0.009024649858474731,0.001345813274383545,3.076178663978756,0.35801036163011646,0.35191236167041845,0.5020096451044083,0.35805801749229427,0.12499666213989258,0.0,0.9708644396840443,0.6858403086662292,bored,non_engaged
0.482816219329834,0.600283145904541,0.8088765144348145,0.2673596936702596,0.004419922828674316,0.0004458427429199219,2.2897222394786767,0.2822499467884,0.25246944055211923,0.4776231646537781,0.3549616277217865,0.11500725150108337,0.0,0.9619638401226466,0.660817950963974,bored,non_engaged
0.518758237361908,0.6429713368415833,0.7829340100288391,0.21563072692097246,0.014484614133834839,0.0005083084106445312,3.7448477938184044,0.24304979464684556,0.18821165919509938,0.5241426527500153,0.36164303719997404,0.12552422285079956,1.0,0.9300407951802849,0.682335615158081,bored,non_engaged
0.5103910565376282,0.6387112140655518,0.7978284358978271,0.26019517497855504,0.007262885570526123,0.0006212592124938965,3.3518865074619697,0.2660781971264264,0.25431215283068376,0.5333462208509445,0.35221171379089355,0.13102740049362183,0.0,0.9621623502233176,0.6757099032402039,bored,non_engaged
0.4961526393890381,0.6369919180870056,0.7920454740524292,0.22672958764913037,0.006403505802154541,0.000593721866607666,3.253629788934144,0.23352184334692153,0.21993733195133924,0.5044901221990585,0.36119522452354436,0.1267220377922058,0.0,0.9555843802137707,0.6696330308914185,bored,non_engaged
0.4903562366962433,0.5934346318244934,0.8132519125938416,0.2893838410200139,0.004008829593658447,0.00043261051177978516,2.204677935607658,0.2975658084277154,0.28120187361231236,0.48462851345539093,0.3438653737306595,0.11743584275245667,0.0,0.9640801034663778,0.657891035079956,bored,non_engaged
0.48321473598480225,0.6100492477416992,0.8091368675231934,0.2894498513204359,0.007402002811431885,0.00021779537200927734,2.3804186605581212,0.3027060977458377,0.27619360489503414,0.4739142656326294,0.35478919744491577,0.11560118198394775,0.0,0.9627293685087962,0.6669257283210754,bored,non_engaged
0.48220062255859375,0.603531002998352,0.8064253330230713,0.28956959295744933,0.006060421466827393,0.00042170286178588867,2.3369278404821276,0.2968233913356717,0.28231579457922695,0.47415174543857574,0.35203450620174404,0.11551249027252197,0.0,0.9610505889292065,0.6601593196392059,bored,non_engaged
0.49116581678390503,0.6145532131195068,0.8116128444671631,0.3268733131818403,0.008585721254348755,0.0002740621566772461,2.448560097171046,0.34297864080829527,0.31076798555538543,0.48251479864120483,0.3480675756931305,0.11986991763114929,0.0,0.9641042934694487,0.6660099625587463,bored,non_engaged
0.4827471971511841,0.5617270469665527,0.8421064615249634,0.1269642209408108,0.04473182559013367,0.002567768096923828,1.9989788368205765,0.12695536677197486,0.12697307510964675,0.5604745149612427,0.3396460890769959,0.12920647859573364,1.0,0.9948196462132701,0.6881445050239563,bored,non_engaged
0.5045489072799683,0.5827740430831909,0.8571386337280273,0.22055358844554193,0.05290567874908447,0.0032165050506591797,2.02972631916044,0.24973376889512858,0.19137340799595529,0.5568870604038239,0.34889227449893956,0.12974169850349426,0.0,0.9736118565072958,0.6899774074554443,bored,non_engaged
0.4838661253452301,0.5914981961250305,0.8151286244392395,0.27116322614262445,0.008413881063461304,9.196996688842773e-05,2.1420002215412186,0.28272156300111034,0.25960488928413855,0.47901856899261475,0.3484019815921784,0.11400222778320312,0.0,0.9693075372109041,0.6625417768955231,bored,non_engaged
0.47979703545570374,0.5901497602462769,0.8225725293159485,0.2659220323224296,0.0008705258369445801,0.0004037022590637207,2.1104753471743876,0.2807757251728739,0.2510683394719853,0.49052463471889496,0.34841695725917815,0.11550086736679077,0.0,0.9700170433419795,0.6633028984069824,bored,non_engaged
0.4892215430736542,0.5875647664070129,0.8118892312049866,0.034909375421976974,0.04950141906738281,0.0003020763397216797,2.2631258153359233,0.04141425150309076,0.028404499340863185,0.507676750421524,0.35314938724040984,0.12123087048530579,1.0,0.9545445941547511,0.6513856649398804,bored,non_engaged
0.48906251788139343,0.5924299359321594,0.8221035599708557,0.05482006396542956,0.05269777774810791,0.000876009464263916,2.240887617975836,0.07679033247521612,0.032849795455643,0.5146750211715698,0.3610370486974716,0.12339115142822266,1.0,0.9520101191683569,0.6626728773117065,bored,non_engaged
0.4828612208366394,0.5932546257972717,0.8197951912879944,0.06522072977703189,0.05214625597000122,0.0008891820907592773,2.22096924748974,0.08671817681703071,0.043723282737033076,0.503141850233078,0.3645949542522431,0.12159374356269836,1.0,0.9528481348297534,0.660577654838562,bored,non_engaged
0.4832534193992615,0.5890610218048096,0.818307101726532,0.02352848329948823,0.04877027869224548,0.0005388855934143066,2.250985407007654,0.03456671138234085,0.0124902552166356,0.5160318315029144,0.3557577967643738,0.12349817156791687,1.0,0.9552162254795938,0.6590433418750763,bored,non_engaged
0.4934265613555908,0.5756711959838867,0.8341205716133118,0.22605947092357997,0.04790085554122925,0.0033751726150512695,2.0797599151438773,0.2445913189856639,0.207527622861496,0.5375147312879562,0.34364881217479704,0.12699583172798157,0.0,0.9666540485098353,0.6778150796890259,bored,non_engaged
0.4980340600013733,0.5984582304954529,0.832809567451477,0.0656480854646832,0.0569034218788147,0.0011998414993286133,2.297620800724647,0.08958935433433807,0.041706816595028354,0.5384528040885925,0.3556703269481659,0.12861067056655884,1.0,0.9466975295906888,0.6716745793819427,bored,non_engaged
0.4822879433631897,0.5945631861686707,0.8160074353218079,0.258961459266562,0.003983229398727417,6.717443466186523e-05,2.1877443115696393,0.27476503018177767,0.24315788835134636,0.4844655841588974,0.34637647271156313,0.11612063646316528,0.0,0.9703258047053039,0.6592361032962799,bored,non_engaged
0.49605029821395874,0.5711312890052795,0.8259133696556091,0.2189004037101365,0.04677468538284302,0.0014278888702392578,2.0595738497072795,0.24596529018966043,0.19183551723061257,0.5247445702552795,0.3485025882720947,0.12214088439941406,1.0,0.9669217270136192,0.6726122498512268,bored,non_engaged
0.4891001284122467,0.5984647870063782,0.8244067430496216,0.03634050182160481,0.05202436447143555,0.0004665255546569824,2.2730002755136907,0.049494389753887646,0.023186613889321972,0.5135684013366699,0.3571886092424393,0.12416982650756836,1.0,0.9531151246572384,0.6624657213687897,bored,non_engaged
0.49240416288375854,0.5631817579269409,0.818882167339325,0.2225032286176265,0.04604029655456543,0.0014389753341674805,2.048421326352262,0.24231222293889892,0.20269423429635408,0.5237842202186584,0.34224652945995326,0.12274801731109619,0.0,0.9704495206136409,0.6647571623325348,bored,non_engaged
0.49552756547927856,0.5920234322547913,0.822946310043335,0.029041137243574648,0.052269160747528076,0.001352071762084961,2.2280227698625867,0.04450390729269765,0.013578367194451645,0.5145036578178406,0.35646082162857057,0.12223818898200989,1.0,0.9514477934298258,0.6609041690826416,bored,non_engaged
0.48834896087646484,0.5995804071426392,0.8361161947250366,0.05194320745894013,0.05519762635231018,0.00037097930908203125,2.2319626978952067,0.07374758513559593,0.030138829782284327,0.5279412865638733,0.36037308573722837,0.12842470407485962,1.0,0.9539656763624694,0.669651448726654,bored,non_engaged
0.48451852798461914,0.583222508430481,0.8083299994468689,0.028502433488616863,0.04973423480987549,0.0003222227096557617,2.24201603293391,0.04312587059750419,0.01387899637972954,0.5046968460083008,0.3499776214361191,0.1214633584022522,1.0,0.9579354987648195,0.649624764919281,bored,non_engaged
0.4904443621635437,0.5858197808265686,0.8134291172027588,0.033756070230206395,0.05326586961746216,0.0008220672607421875,2.26623727301808,0.05255105583190759,0.014961084628505192,0.5158190280199051,0.35052795410156246,0.12411177158355713,1.0,0.9537884776212422,0.6528757512569427,bored,non_engaged
0.5021636486053467,0.5787926912307739,0.830788254737854,0.19441509316828962,0.04579523205757141,0.0015257000923156738,2.0825856548041792,0.22043312656819014,0.1683970597683891,0.5248044282197952,0.3512520313262939,0.12277352809906006,1.0,0.9661348918122911,0.6770247519016266,bored,non_engaged
0.4845963716506958,0.5893648862838745,0.8170111775398254,0.03207099027996418,0.05168658494949341,0.0005436539649963379,2.254440618841339,0.048926672090243976,0.015215308469684377,0.5132173001766205,0.35367604792118074,0.1253906488418579,1.0,0.9526175359090299,0.6589191555976868,bored,non_engaged
0.4890706539154053,0.5933527946472168,0.8197464942932129,0.2804994512952206,0.005129039287567139,7.218122482299805e-05,2.1615681604673496,0.2921682350149,0.2688306675755412,0.4893675744533539,0.34507061839103703,0.11805474758148193,0.0,0.96427526252009,0.6625185310840607,bored,non_engaged
0.4882597327232361,0.5904048681259155,0.8265470266342163,0.2752589923565487,0.0051940083503723145,4.1961669921875e-05,2.0970847948097,0.2907486211726997,0.25976936354039776,0.49521222710609436,0.3447924226522446,0.11892247200012207,0.0,0.9752470098707239,0.6652559638023376,bored,non_engaged
0.49501776695251465,0.5826551914215088,0.8382558822631836,0.19414841152211743,0.04675167798995972,0.0011089444160461426,2.1152088705006067,0.21405718009764482,0.17423964294659003,0.5406509637832642,0.3456115305423737,0.12521404027938843,1.0,0.9697612122264078,0.683017373085022,bored,non_engaged
0.49699389934539795,0.57106614112854,0.8200340867042542,0.19730687993870052,0.04246038198471069,0.0012413263320922852,2.073898077242721,0.21903233756156293,0.17558142231583812,0.5163362175226212,0.3488351196050644,0.12141716480255127,1.0,0.9677879769689248,0.6692914068698883,bored,non_engaged
0.4950354993343353,0.5998351573944092,0.8302717804908752,0.04629467703290234,0.05375784635543823,0.0015164613723754883,2.3030999345319434,0.06831288836165324,0.024276465704151446,0.5307208746671677,0.35600626766681676,0.12690210342407227,1.0,0.9456721760013856,0.6665741503238678,bored,non_engaged
0.48877257108688354,0.598266065120697,0.8240917921066284,0.05349834334644841,0.05217501521110535,0.0008643865585327148,2.2631496095258803,0.07158972544533183,0.03540696124756498,0.5110796689987183,0.35790050625801084,0.1243743896484375,1.0,0.9542793740440914,0.6625438630580902,bored,non_engaged
0.5008621215820312,0.5821899771690369,0.8499033451080322,0.1986134918581568,0.046647071838378906,0.00153350830078125,2.071712305047255,0.22436049716768694,0.17286648654862663,0.5546271502971649,0.3423908919095993,0.13084322214126587,1.0,0.9639522237007062,0.6866171061992645,bored,non_engaged
0.5099080801010132,0.5841795802116394,0.8520718812942505,0.1827856719069118,0.047524482011795044,0.0010951757431030273,2.081163786626955,0.19528349804349274,0.1702878457703309,0.5575298368930817,0.3413420438766479,0.12992393970489502,1.0,0.9643290742748869,0.6870994567871094,bored,non_engaged
0.4947824478149414,0.5903441309928894,0.8538548350334167,0.16559474370014887,0.04870980978012085,0.0017676949501037598,2.1074463858018633,0.18851332100280369,0.1426761663974941,0.5553367882966995,0.3480233192443848,0.12977713346481323,1.0,0.9645211072771529,0.6917170584201813,bored,non_engaged
0.48897406458854675,0.5863848924636841,0.8533805012702942,0.21459035115765573,0.05172380805015564,0.002122163772583008,2.0793830535942446,0.23338157093054981,0.19579913138476168,0.5551882237195969,0.3534951418638229,0.12639930844306946,1.0,0.9758386213342902,0.6914798617362976,bored,non_engaged
0.47916269302368164,0.5873135924339294,0.8200500011444092,0.2666989550943596,0.0021834373474121094,0.0001239180564880371,2.096621141134945,0.2854644409685125,0.24793346922020676,0.48796217143535614,0.34357717633247375,0.11725917458534241,0.0,0.9725808475878164,0.6611717939376831,bored,non_engaged
0.4896309971809387,0.578201949596405,0.833363950252533,0.270173527196397,0.006102770566940308,0.0005785822868347168,1.906321688583185,0.281771437770833,0.25857561662196094,0.4864227622747421,0.3509349554777146,0.11375609040260315,0.0,0.9628711010213843,0.6761848628520966,bored,non_engaged
0.4944482445716858,0.5980609655380249,0.8307235836982727,0.05263912694535049,0.05380481481552124,0.0010697245597839355,2.2660046975980186,0.07050634709133587,0.03477190679936511,0.5272168517112732,0.3565447449684143,0.12744224071502686,1.0,0.9476165607035335,0.6681877076625824,bored,non_engaged
0.5000324845314026,0.5751163959503174,0.8397951722145081,0.2960630684265053,0.003410160541534424,0.0005220174789428711,1.8674758120078034,0.3121667220462977,0.279959414806713,0.4942830801010132,0.3440637409687042,0.12067365646362305,0.0,0.9548755515472558,0.679860383272171,bored,non_engaged
0.49805569648742676,0.5845622420310974,0.8004110455513,0.21821364540976773,0.054996639490127563,0.0002910494804382324,2.283449944817985,0.23750733240801306,0.19891995841152238,0.49288222193717957,0.35301477611064913,0.11631613969802856,1.0,0.9488100026254855,0.6664251983165741,bored,non_engaged
0.49341192841529846,0.5768269300460815,0.8422257900238037,0.07763305732410941,0.007102340459823608,0.0009722113609313965,1.860669003959036,0.06947231299727641,0.08579380165094243,0.49382129311561584,0.35517709255218505,0.1242075264453888,1.0,0.971892241135165,0.6861499845981598,bored,non_engaged
0.49949634075164795,0.578526496887207,0.8425903916358948,0.26387618861224216,0.00493621826171875,0.0001881122589111328,1.8816188161713174,0.27383104828873234,0.2539213289357519,0.4968694746494293,0.349095168709755,0.11899477243423462,0.0,0.9590514610186067,0.6821908354759216,bored,non_engaged
0.4941542148590088,0.569435179233551,0.831584632396698,0.2905173663129639,0.005434691905975342,0.0003145933151245117,1.8677332690869444,0.30224767781960427,0.2787870548063235,0.4896271228790283,0.34478266537189484,0.1195802092552185,0.0,0.9612679710728504,0.6743312478065491,bored,non_engaged
0.492157518863678,0.5788482427597046,0.8364157676696777,0.29473695829078495,0.007935404777526855,0.0006651878356933594,1.8976144753209045,0.3099524830572148,0.27952143352435505,0.48876576125621796,0.34845777153968815,0.11870759725570679,0.0,0.9635779177322236,0.6789844930171967,bored,non_engaged
0.49495720863342285,0.5785422921180725,0.8415341377258301,0.29382098488968533,0.00419849157333374,0.00043457746505737305,1.8618854695791147,0.3120157658779663,0.2756262039014044,0.4896625578403473,0.3496134012937546,0.1185370683670044,0.0,0.962722322625727,0.6817019283771515,bored,non_engaged
0.4951664209365845,0.5897005200386047,0.802761435508728,0.18572411813513115,0.054331064224243164,0.0009930133819580078,2.3217551675214705,0.2103905539092232,0.1610576823610391,0.4946776032447815,0.3552626222372055,0.11692148447036743,1.0,0.9504264186332871,0.6687078773975372,bored,non_engaged
0.496319055557251,0.5805387496948242,0.7911776304244995,0.23028118818974178,0.05500027537345886,9.000301361083984e-06,2.281726460930598,0.24848688833383697,0.21207548804564658,0.4806225895881653,0.3537753582000732,0.11325883865356445,0.0,0.9547368595222607,0.6580784916877747,bored,non_engaged
0.5005300045013428,0.5845838189125061,0.8459792137145996,0.29095721936816027,0.004937887191772461,0.0007342696189880371,1.8911992034048821,0.30451512421916144,0.2773993145171591,0.49435265362262726,0.35535569190979,0.11928051710128784,0.0,0.9565593292042975,0.6893254518508911,bored,non_engaged
0.4950413107872009,0.5950115323066711,0.8172603845596313,0.22149096211841107,0.05449900031089783,0.0012393593788146973,2.293799051104672,0.24985710008937287,0.19312482414744925,0.5097965002059937,0.35145482718944554,0.11998867988586426,0.0,0.94738630817792,0.6758089661598206,bored,non_engaged
0.4963231682777405,0.5835191607475281,0.8413114547729492,0.29957854591572164,0.0055953264236450195,0.0007305145263671875,1.8977277330602984,0.30759541144586733,0.29156168038557595,0.4892214834690094,0.35138843655586244,0.1195378303527832,0.0,0.9619284604778606,0.6841719746589661,bored,non_engaged
0.49133607745170593,0.5731639862060547,0.8366022109985352,0.0987148945653763,0.008473873138427734,0.0010415315628051758,1.8620236755902126,0.08603043336287737,0.11139935576787523,0.4905300736427307,0.35571927130222325,0.12560534477233887,1.0,0.9682112902291254,0.6829267740249634,bored,non_engaged
0.49677908420562744,0.5879823565483093,0.7983811497688293,0.21814218005134087,0.0520537793636322,0.0007943511009216309,2.3112990042333608,0.23992695731181038,0.19635740279087135,0.4862968325614929,0.358123192191124,0.11204385757446289,1.0,0.9527172986200012,0.666189968585968,bored,non_engaged
0.49736306071281433,0.5864744186401367,0.7985870242118835,0.19994602268308098,0.054148972034454346,0.0007037520408630371,2.327349629046381,0.22777089977968532,0.17212114558647662,0.4936625212430954,0.3530466437339783,0.11513817310333252,1.0,0.9541283343168697,0.6660268008708954,bored,non_engaged
0.488939106464386,0.5893208384513855,0.8023477792739868,0.1951905304454995,0.05393326282501221,0.001103043556213379,2.2904537949120702,0.21814561182583375,0.17223544906516522,0.48793065547943115,0.35966719686985016,0.11458468437194824,1.0,0.9538804319407508,0.6684499382972717,bored,non_engaged
0.49358394742012024,0.5878947377204895,0.8002834320068359,0.21564028685045297,0.0506516695022583,0.0005199313163757324,2.2765111820730253,0.23453821954989298,0.19674235415101296,0.48350751399993896,0.3588142424821854,0.11236855387687683,1.0,0.9508348002942802,0.6656904220581055,bored,non_engaged
0.4920283854007721,0.5769592523574829,0.8333761692047119,0.29621631200010806,0.007270187139511108,0.00042510032653808594,1.905688910744799,0.3100178820636959,0.2824147419365202,0.4886527806520462,0.3457238972187042,0.11735615134239197,0.0,0.9660073644893903,0.6755796670913696,bored,non_engaged
0.48526710271835327,0.5881219506263733,0.804731547832489,0.2270963500805929,0.05281400680541992,0.0013604164123535156,2.2644145518672127,0.2429172979949845,0.2112754021662013,0.4904961884021759,0.3572999179363251,0.11320823431015015,0.0,0.9518885987428938,0.6698137521743774,bored,non_engaged
0.4930741488933563,0.5743142366409302,0.835912823677063,0.21331750811341876,0.0018923282623291016,0.0006314516067504883,1.8579085331407335,0.22660974346488008,0.20002527276195745,0.48602810502052307,0.3541002243757248,0.11838594079017639,1.0,0.9630624481007283,0.6797653436660767,bored,non_engaged
0.48867565393447876,0.5874602198600769,0.8069227933883667,0.22575121934229703,0.05271714925765991,0.0016080141067504883,2.284235176456591,0.24455642968594601,0.206946008998648,0.501306414604187,0.3503230810165405,0.11750549077987671,0.0,0.9524816637182254,0.6692687273025513,bored,non_engaged
0.49187496304512024,0.5665021538734436,0.8262842297554016,0.27151535705749064,0.0054662227630615234,4.5299530029296875e-05,1.8666271683758806,0.284966696183296,0.2580640179316852,0.48491814732551575,0.3438172399997711,0.11837136745452881,0.0,0.9595954789283068,0.6698819994926453,bored,non_engaged
0.4955689311027527,0.5845850706100464,0.7961491346359253,0.22557189118578708,0.0518970787525177,0.0008423924446105957,2.29462543065008,0.24927778365653366,0.2018659987150405,0.48546257615089417,0.3545049577951431,0.11334842443466187,0.0,0.949892950849117,0.6643073260784149,bored,non_engaged
0.4958639144897461,0.5718480944633484,0.8342953324317932,0.2832541967422417,0.006886869668960571,0.0002757906913757324,1.8637861647764835,0.2933073535394774,0.27320103994500605,0.4891473948955536,0.34559675455093386,0.12032812833786011,0.0,0.954589708436295,0.676188588142395,bored,non_engaged
0.49586352705955505,0.5913549661636353,0.8100844621658325,0.20518707730207167,0.05648568272590637,9.149312973022461e-05,2.2694462679524934,0.22915208742157941,0.18122206718256392,0.49639710783958435,0.35669987499713895,0.11706238985061646,1.0,0.9495618085951422,0.6752394437789917,bored,non_engaged
0.5014707446098328,0.582970917224884,0.855165958404541,0.31063406763085993,0.004000723361968994,0.00030112266540527344,1.8843126315054106,0.32611760891733294,0.29515052634438693,0.5129024386405945,0.3420454919338226,0.12493425607681274,0.0,0.9561964578927536,0.6904164254665375,bored,non_engaged
0.4955484867095947,0.5733667016029358,0.8380826115608215,0.3016768217870158,0.00485384464263916,0.00012123584747314453,1.8453509010071474,0.31405490631754673,0.2892987372564849,0.4884955883026123,0.34658325910568233,0.11723735928535461,0.0,0.9609067669850508,0.6797288656234741,bored,non_engaged
0.4892418384552002,0.5930063128471375,0.8094435334205627,0.16093202231184184,0.055676937103271484,0.0005952715873718262,2.299231448572668,0.181110126657756,0.14075391796592765,0.49764156341552734,0.3579241663217545,0.11698991060256958,1.0,0.9499472801358351,0.6757212579250336,bored,non_engaged
0.4978446662425995,0.5747197866439819,0.841372549533844,0.07861727354617862,0.0024985074996948242,0.0007015466690063477,1.8522644778458697,0.0758732410679999,0.08136130602435734,0.49391329288482666,0.35078791081905364,0.121440589427948,1.0,0.9662748722093134,0.6828999221324921,bored,non_engaged
0.49470457434654236,0.5737299919128418,0.8372838497161865,0.2922496306812265,0.0029504895210266113,0.0002224445343017578,1.8492037509349897,0.3056253379455678,0.2788739234168852,0.4873666316270828,0.3482309699058532,0.11789509654045105,0.0,0.9667461133215369,0.6808193922042847,bored,non_engaged
0.49743443727493286,0.5795652270317078,0.8422273397445679,0.30403646210939306,0.005991101264953613,0.0005376338958740234,1.8720330027482806,0.3192989642082983,0.28877396001048783,0.4917140156030655,0.3490276873111725,0.11945515871047974,0.0,0.9609398307317427,0.6842029094696045,bored,non_engaged
0.49781787395477295,0.589085042476654,0.8042479157447815,0.23740029340003732,0.05274367332458496,0.00043487548828125,2.2790529325826823,0.26031645127729064,0.21448413552278398,0.49036985635757446,0.35615030825138094,0.11513817310333252,0.0,0.9471596636644617,0.6684343218803406,bored,non_engaged
0.49068713188171387,0.5860921144485474,0.8020138144493103,0.1705834086129181,0.05273371934890747,0.0002665519714355469,2.281507294599079,0.199880761119556,0.1412860561062802,0.4926292151212692,0.3525801777839661,0.11438983678817749,1.0,0.9500844288493836,0.6659736037254333,bored,non_engaged
0.523547351360321,0.5684959292411804,0.832297682762146,0.3066749234808628,0.043343305587768555,0.0007295012474060059,1.9333305837567798,0.3163721083498301,0.29697773861189547,0.5100179314613342,0.3465335458517075,0.11738452315330505,0.0,0.951563382184237,0.6788877844810486,bored,non_engaged
0.5371671915054321,0.5720295906066895,0.835740327835083,0.30882790427592505,0.04329434037208557,0.0013242363929748535,1.941669708373581,0.31797307120041385,0.29968273735143625,0.5120410919189453,0.35016051232814793,0.11966991424560547,0.0,0.9558605685147873,0.6843397319316864,bored,non_engaged
0.5282840728759766,0.5742266178131104,0.848346471786499,0.26810210458920997,0.048800885677337646,0.002002894878387451,1.909383358584571,0.2857168899146528,0.2504873192637671,0.5234017968177795,0.3485464364290237,0.12200310826301575,0.0,0.9461368321246753,0.6924462616443634,bored,non_engaged
0.5292860269546509,0.5744622349739075,0.8503032922744751,0.31925162453539263,0.045594364404678345,0.0026497244834899902,1.9142815141141403,0.3345023746005892,0.3040008744701961,0.52803935110569,0.3498261034488678,0.12459036707878113,0.0,0.9532885282436474,0.6963907778263092,bored,non_engaged
0.5245962738990784,0.5723843574523926,0.8415055274963379,0.32464249434639125,0.04196065664291382,0.0020714998245239258,1.9215409018027576,0.3351742363618689,0.3141107523309136,0.5171292573213577,0.3456166237592697,0.11940222978591919,0.0,0.9501547574260077,0.6865461468696594,bored,non_engaged
0.5325323343276978,0.5715687870979309,0.8322046995162964,0.32660062736145223,0.042400240898132324,0.0011494755744934082,1.9311553956585161,0.33388678900372776,0.31931446571917665,0.5033303797245026,0.350297087430954,0.11494016647338867,0.0,0.9469351307532194,0.6806437969207764,bored,non_engaged
0.5273825526237488,0.5809528827667236,0.8570314049720764,0.3200640938248155,0.042930424213409424,0.002163112163543701,1.896193045373588,0.3300079684661051,0.31012021918352595,0.523500069975853,0.3593318194150925,0.12059080600738525,0.0,0.9574445481425721,0.7011174261569977,bored,non_engaged
0.5356003046035767,0.5681148171424866,0.8345206379890442,0.31059630631304724,0.045299232006073,0.0012397170066833496,1.9180555439538494,0.32593517581336695,0.2952574368127275,0.5109830796718597,0.3465244174003601,0.12127119302749634,0.0,0.94614642960881,0.683536946773529,bored,non_engaged
0.5205789804458618,0.580111563205719,0.8501265048980713,0.31779954244415165,0.04303261637687683,0.00041478872299194336,1.9320031607180463,0.33077706223078274,0.30482202265752056,0.5216716527938843,0.3505942225456238,0.12063571810722351,0.0,0.9577049913167522,0.6908745765686035,bored,non_engaged
0.533943235874176,0.584795355796814,0.8613359928131104,0.31893522241955596,0.04366984963417053,0.0001824498176574707,1.9371457924629023,0.3287598373627213,0.3091106074763906,0.5357014685869217,0.3474625706672668,0.12403640151023865,0.0,0.9567008103366497,0.6988013982772827,bored,non_engaged
0.4983578026294708,0.5855727195739746,0.8032478094100952,0.2438657302064376,0.05240854620933533,0.00047653913497924805,2.236057156137709,0.2605653489823025,0.22716611143057272,0.4867361783981323,0.35612178146839146,0.11338546872138977,0.0,0.9546432523617766,0.666576474905014,bored,non_engaged
0.5263266563415527,0.570960283279419,0.8348630666732788,0.31788375123682155,0.04309946298599243,0.002111375331878662,1.9266833731710298,0.32908183413835246,0.30668566833529065,0.5084590315818787,0.35024976134300234,0.11781272292137146,0.0,0.945099689746526,0.6825657486915588,bored,non_engaged
0.3158329129219055,0.5657321810722351,0.8867762088775635,0.10129050694394368,0.0019071102142333984,0.005231618881225586,2.078907652709879,0.08422313285843014,0.1183578810294572,0.6674229651689529,0.32728598117828367,0.14957016706466675,1.0,0.7707652868045781,0.7019571661949158,bored,non_engaged
0.4937240481376648,0.5875295400619507,0.8068707585334778,0.2357502633267191,0.05037537217140198,0.0012697577476501465,2.226257909335405,0.25295535542520114,0.21854517122823705,0.48831234872341156,0.3587619334459305,0.11348700523376465,0.0,0.9557481635520367,0.6681192517280579,bored,non_engaged
0.4976436495780945,0.5832262635231018,0.7968401908874512,0.24906226444972202,0.05581656098365784,0.0009018182754516602,2.2826562359897826,0.2636279061397075,0.23449662275973657,0.4876094460487366,0.3537523329257965,0.11447393894195557,0.0,0.9506799855431631,0.6625307202339172,bored,non_engaged
0.4938657879829407,0.5840749144554138,0.8150039911270142,0.24598197450128811,0.049389392137527466,0.012214064598083496,2.187122128239839,0.2679104138578599,0.22405353514471635,0.5050722807645798,0.3490548491477966,0.11978858709335327,0.0,0.9484489464876938,0.6699025630950928,bored,non_engaged
0.5332462787628174,0.5688455104827881,0.8336867690086365,0.31594147684876595,0.044927895069122314,0.002345144748687744,1.9376657954736818,0.3240554988250563,0.3078274548724756,0.5131757855415344,0.34590826034545896,0.11744213104248047,0.0,0.9589702995697678,0.6806031763553619,bored,non_engaged
0.4974668025970459,0.5869596004486084,0.8022422790527344,0.25544598850442857,0.05442631244659424,0.00012612342834472656,2.293369958291898,0.2725772426447849,0.23831473436407224,0.49372512102127075,0.35459570586681366,0.11494362354278564,0.0,0.951507359847962,0.6682020425796509,bored,non_engaged
0.5265482664108276,0.5771440863609314,0.8468670845031738,0.3076389099932779,0.04289558529853821,0.002102673053741455,1.933817648304155,0.3154497103426036,0.2998281096439522,0.5215970277786255,0.3533551037311554,0.1203666627407074,0.0,0.9535478540648846,0.6931803226470947,bored,non_engaged
0.5361365079879761,0.5688356161117554,0.8314008712768555,0.32031049990759086,0.04259592294692993,0.001977086067199707,1.9028858446962238,0.33307852630622886,0.3075424735089528,0.4996336102485657,0.3493376195430756,0.11607342958450317,0.0,0.9468281918728771,0.6789603531360626,bored,non_engaged
0.5245104432106018,0.5715391039848328,0.8377913236618042,0.3281500598511258,0.043185144662857056,0.00036650896072387695,1.9275562592576239,0.3334033985221322,0.3228967211801194,0.5132180601358414,0.34475953280925753,0.11760494112968445,0.0,0.9518455879289247,0.6815409958362579,bored,non_engaged
0.5297271013259888,0.5732848644256592,0.8383970260620117,0.30689988867500245,0.04269656538963318,0.004056453704833984,1.9407906255112513,0.3168249082574883,0.2969748690925166,0.5145291388034821,0.352030810713768,0.11956062912940979,0.0,0.9592743696948799,0.686172753572464,bored,non_engaged
0.49420297145843506,0.5866795182228088,0.8028224110603333,0.24012397861909252,0.05584847927093506,1.1801719665527344e-05,2.2734519815383716,0.2557443448585444,0.22450361237964062,0.49139276146888733,0.3535891979932785,0.11506623029708862,0.0,0.9531322206497059,0.6677320897579193,bored,non_engaged
0.5299224853515625,0.5738258361816406,0.8399332761764526,0.32272509688574935,0.042015790939331055,0.000790715217590332,1.9403286936681066,0.3311479391788962,0.3143022545926026,0.5163378417491913,0.3464698106050491,0.11743757128715515,0.0,0.9494757614467553,0.6843868792057037,bored,non_engaged
0.5271048545837402,0.5794296860694885,0.8486859798431396,0.32282893569965576,0.04257485270500183,0.0009567737579345703,1.918435593178349,0.3353802865508552,0.3102775848484563,0.5165527760982513,0.35430133938789365,0.11931419372558594,0.0,0.9524733599207168,0.6929185092449188,bored,non_engaged
0.5306800007820129,0.5800174474716187,0.8538080453872681,0.3156430552580667,0.0433121919631958,0.004724740982055664,1.9399522891759247,0.3267556788608254,0.304530431655308,0.5311426371335983,0.3521445959806442,0.12128975987434387,0.0,0.9551782767188883,0.6964343786239624,bored,non_engaged
0.53068608045578,0.5823452472686768,0.8525164127349854,0.29883935664038264,0.045320719480514526,0.0009617805480957031,1.9604708891695122,0.30542901325454686,0.2922497000262185,0.5296646654605865,0.35679829120635986,0.12130534648895264,0.0,0.957833113240903,0.6991544961929321,bored,non_engaged
0.5252036452293396,0.5723608732223511,0.834243655204773,0.3130176648173205,0.04286158084869385,0.0013633370399475098,1.924091138764221,0.32193692398205664,0.30409840565258445,0.503888264298439,0.35111971795558927,0.11655312776565552,0.0,0.9511978939237333,0.6825785636901855,bored,non_engaged
0.533720850944519,0.5724936723709106,0.8376611471176147,0.326109980324505,0.04282659292221069,0.0016481876373291016,1.9544465775786235,0.33387429678051195,0.318345663868498,0.5182576179504395,0.3473543763160706,0.12004068493843079,0.0,0.9522592273370261,0.6853319108486176,bored,non_engaged
0.5212768316268921,0.5710964798927307,0.8340843319892883,0.29000674216986555,0.04278358817100525,0.0011193156242370605,1.9404719714416183,0.3097156598294482,0.2702978245102829,0.5103224962949753,0.3520592898130417,0.1177004873752594,0.0,0.9581236352417065,0.6829516887664795,bored,non_engaged
0.5286686420440674,0.5781660079956055,0.8484171032905579,0.3186183315035646,0.045084983110427856,0.0031276345252990723,1.9443221274896156,0.32731139595988873,0.3099252670472405,0.5254571288824081,0.3504435867071152,0.11966913938522339,0.0,0.9581727090199305,0.6912001669406891,bored,non_engaged
0.5164539813995361,0.5983583927154541,0.8287800550460815,0.026583485579843004,0.019485950469970703,0.0025371313095092773,2.2801808729792783,0.028935673305834735,0.024231297853851273,0.5254053473472595,0.3350173860788346,0.13049864768981934,1.0,0.971886947868106,0.6805641055107117,bored,non_engaged
0.5241709351539612,0.5785416960716248,0.8506860733032227,0.31635046126988514,0.042393654584884644,0.0004419088363647461,1.9492498720414952,0.3292578655199511,0.30344305701981916,0.5304793417453766,0.34845538437366486,0.11936169862747192,0.0,0.9644977703712228,0.6893206238746643,bored,non_engaged
0.5301529169082642,0.5766576528549194,0.8488799333572388,0.10722799122013799,0.04123580455780029,0.0018376708030700684,1.9656353860826776,0.11121464668777208,0.10324133575250388,0.5350917130708694,0.34384683668613436,0.1259767711162567,1.0,0.9593812234129121,0.6873562932014465,bored,non_engaged
0.5232527256011963,0.5746335387229919,0.8263931274414062,0.150051187769241,0.023555397987365723,0.0008909702301025391,2.0406632053535887,0.15752578755216398,0.14257658798631803,0.5137585699558258,0.34085014760494237,0.122656911611557,1.0,0.9580331658595442,0.6749502420425415,bored,non_engaged
0.5255194306373596,0.5788079500198364,0.8470965623855591,0.31588123962272885,0.041168004274368286,0.00032514333724975586,1.9564780814764604,0.3271545170731445,0.30460796217231323,0.5249027460813522,0.3498492956161499,0.1200907826423645,0.0,0.9623468739636207,0.6883834302425385,bored,non_engaged
0.5238314867019653,0.5802678465843201,0.850064754486084,0.31569091601778754,0.04085737466812134,0.0006951093673706055,1.942727223539585,0.32462600808553765,0.3067558239500374,0.5241437405347824,0.3520559400320053,0.12039649486541748,0.0,0.9673646227659283,0.6900888681411743,bored,non_engaged
0.5303958058357239,0.5819728374481201,0.8532513380050659,0.31653888822751575,0.0395054817199707,0.0005936622619628906,1.9694816638200177,0.3265803923996923,0.30649738405533916,0.534280002117157,0.34894470274448397,0.12456649541854858,0.0,0.9589822796069131,0.6934977769851685,bored,non_engaged
0.5152508616447449,0.5910599827766418,0.8266521692276001,0.07230577072570282,0.01908731460571289,0.0005655884742736816,2.2098186413878254,0.08010220482179542,0.06450933662961024,0.5206182152032852,0.33723918795585633,0.12569782137870789,1.0,0.9763224965850418,0.6758552491664886,bored,non_engaged
0.5314831137657166,0.6530577540397644,0.8056186437606812,0.16030585602884906,0.008607149124145508,0.001383662223815918,3.525309597799693,0.1715222314111202,0.1490894806465779,0.5378278940916061,0.32499352991580965,0.13903284072875977,1.0,0.8979257831018441,0.6864214539527893,bored,non_engaged
0.533781111240387,0.5805578827857971,0.8483374714851379,0.3201186033096458,0.040086060762405396,0.0006973147392272949,1.9429078206488688,0.3311588071187503,0.3090783995005413,0.5202730000019073,0.3531333237886429,0.1192370057106018,0.0,0.957233248642575,0.6908236443996429,bored,non_engaged
0.5286821722984314,0.584976077079773,0.8601789474487305,0.3268152516311909,0.04149132966995239,0.0009600520133972168,1.9263885291198894,0.3382416656757328,0.315388837586649,0.5301495790481567,0.35135276019573214,0.12352412939071655,0.0,0.9558840663883219,0.6985618472099304,bored,non_engaged
0.5238966345787048,0.6695576310157776,0.818230390548706,0.16365056823485016,0.01276656985282898,0.0017387866973876953,3.828709992485093,0.1783267959132042,0.14897434055649614,0.5692287087440491,0.32906376719474795,0.14507868885993958,1.0,0.9059454391577617,0.7101670801639557,bored,non_engaged
0.5289907455444336,0.5814840197563171,0.8539209961891174,0.31377893641749843,0.04250591993331909,3.7550926208496094e-05,1.9429153836755626,0.3253853530856464,0.3021725197493505,0.529323935508728,0.3481809377670288,0.12219473719596863,0.0,0.9621580696943329,0.692791223526001,bored,non_engaged
0.534517228603363,0.5797611474990845,0.852135419845581,0.3207317568536185,0.03985029458999634,0.0004012584686279297,1.9510773980231144,0.33058961829092287,0.3108738954163141,0.5314252376556396,0.3459642410278321,0.12176433205604553,0.0,0.9571678660984749,0.6891736090183258,bored,non_engaged
0.51422119140625,0.5994514226913452,0.8217609524726868,0.03044879909700802,0.01756647229194641,0.00018423795700073242,2.3004875424724798,0.035594625648464565,0.025302972545551475,0.5114226043224335,0.3452398717403412,0.1262916624546051,1.0,0.9763963272625779,0.679348349571228,bored,non_engaged
0.5332695841789246,0.5793105363845825,0.8556623458862305,0.3154688189655043,0.04212269186973572,0.0009143352508544922,1.9296709429946897,0.3252751106366765,0.30566252729433213,0.5332699865102768,0.3466609925031662,0.12438985705375671,0.0,0.9589993325677943,0.6941567063331604,bored,non_engaged
0.5398647785186768,0.5885345935821533,0.8690595626831055,0.29436454495707376,0.039721935987472534,0.00048351287841796875,1.9261451433330934,0.308431143884348,0.28029794602979957,0.5403337329626083,0.34845243990421293,0.12720099091529846,0.0,0.9470436486818584,0.7034629583358765,bored,non_engaged
0.5330906510353088,0.6247913837432861,0.8083006143569946,0.08795887647495468,0.003812819719314575,0.0013735294342041016,2.777296711188668,0.0898147158600442,0.08610303708986514,0.5096623599529266,0.33852981925010683,0.12684357166290283,1.0,0.9058361642142125,0.6550573110580444,bored,non_engaged
0.528527021408081,0.5784482359886169,0.8444646596908569,0.08566090239810611,0.044288069009780884,0.0016821622848510742,1.932697083635965,0.09022111700938139,0.08110068778683086,0.514131098985672,0.3551820397377014,0.12221336364746094,1.0,0.9609093704035262,0.6871146261692047,bored,non_engaged
0.5328940749168396,0.5833369493484497,0.8626902103424072,0.3095172515828658,0.04277113080024719,0.0007588863372802734,1.9259186899391567,0.318840137381485,0.30019436578424663,0.5380135923624039,0.34920085668563844,0.12475454807281494,0.0,0.9645495895494862,0.6980650424957275,bored,non_engaged
0.5429815649986267,0.5833640098571777,0.8600674867630005,0.3189508571813128,0.04023021459579468,0.0006461143493652344,1.9504637723014844,0.3296847784857558,0.3082169358768697,0.5397020578384399,0.3461911410093308,0.12517565488815308,0.0,0.9536078153387008,0.6973787546157837,bored,non_engaged
0.5234730839729309,0.5866122245788574,0.8587536811828613,0.13155928315713,0.03806409239768982,0.000903010368347168,1.9558444580669454,0.1226404376772723,0.14047812863698772,0.5322683155536652,0.35937656164169307,0.12597090005874634,1.0,0.9638669262729501,0.6976419389247894,bored,non_engaged
0.5291551947593689,0.5821707248687744,0.8536474108695984,0.31720725580656606,0.04082325100898743,0.0009586811065673828,1.951687111342425,0.32932388414946634,0.3050906274636657,0.529839500784874,0.34795013070106506,0.12069395184516907,0.0,0.9597306933309345,0.6931437849998474,bored,non_engaged
0.5343672633171082,0.586414098739624,0.8648043870925903,0.3238708842158019,0.0416068434715271,0.0006164312362670898,1.9591274040835682,0.33351905342734184,0.3142227150042619,0.5454040020704269,0.34643613100051884,0.12660062313079834,0.0,0.9607144761043132,0.7011848092079163,bored,non_engaged
0.5203943848609924,0.5814037322998047,0.8308236598968506,0.15862709197459163,0.018125832080841064,0.0010489225387573242,2.0709572580189217,0.16706380430946366,0.1501903796397196,0.5165400803089142,0.34097743928432467,0.12391331791877747,1.0,0.9572953991570622,0.6789737045764923,bored,non_engaged
0.5255899429321289,0.5773898363113403,0.8460338115692139,0.319143666300972,0.04150065779685974,0.00038933753967285156,1.9353884205691612,0.3316874449272613,0.30659988767468277,0.5199323743581772,0.3505244225263595,0.11761847138404846,0.0,0.9638691244409658,0.6863491535186768,bored,non_engaged
0.5287073850631714,0.5793076753616333,0.8483771085739136,0.31112672710388745,0.04026821255683899,0.0008656978607177734,1.9524389605483259,0.31871313406479834,0.30354032014297655,0.5253435969352722,0.35061262845993046,0.1201019287109375,0.0,0.9669224573035134,0.6901125311851501,bored,non_engaged
0.5329867005348206,0.6393213272094727,0.8081153035163879,0.0880623401910365,0.006181597709655762,0.0006911158561706543,3.078756099557401,0.0959906863717333,0.08013399401033969,0.5196785628795624,0.3336021304130554,0.1335504949092865,1.0,0.882184641819024,0.6714739799499512,bored,non_engaged
0.5117675065994263,0.6101637482643127,0.8476577997207642,0.22225653851895386,0.00835353136062622,0.000363767147064209,2.34576971965909,0.23709070414436179,0.20742237289354593,0.5571087002754211,0.3419479578733444,0.13492971658706665,0.0,0.9977707223904942,0.695875883102417,bored,non_engaged
0.49330273270606995,0.597105860710144,0.8116824626922607,0.30851885869864754,0.001343846321105957,0.010552704334259033,2.2110650212818306,0.31887024199039754,0.29816747540689753,0.47444503009319305,0.3577611595392227,0.11469423770904541,0.0,0.9540429362126679,0.6696728467941284,bored,non_engaged
0.511027455329895,0.6056167483329773,0.8192460536956787,0.046315439421140345,0.015781521797180176,0.00021791458129882812,2.3685302921247247,0.04541012172846699,0.047220757113813704,0.5059898495674133,0.3516113579273224,0.1267724633216858,1.0,0.9864105431179643,0.6786755323410034,bored,non_engaged
0.5084237456321716,0.5928738117218018,0.8471443057060242,0.2635915681668819,0.005571424961090088,0.0034174323081970215,2.1728844975123818,0.27633914118382524,0.2508439951499385,0.5525025874376297,0.33804518282413487,0.13022765517234802,0.0,0.9737759201078243,0.6902657747268677,bored,non_engaged
0.4953314960002899,0.5952379107475281,0.8027958869934082,0.29888003604608104,0.0032713711261749268,0.002789735794067383,2.289471831831635,0.3122886585253171,0.2854714135668449,0.47520042955875397,0.35515334606170657,0.11417725682258606,0.0,0.9492216081217086,0.6640114784240723,bored,non_engaged
0.4932232201099396,0.5967178344726562,0.8064994215965271,0.2888885288123187,0.0015191435813903809,0.0011745691299438477,2.2136817624131364,0.30520183714280197,0.2725752204818354,0.46439188718795776,0.3576519250869751,0.11303314566612244,0.0,0.9450984554111954,0.6678136587142944,bored,non_engaged
0.5092968940734863,0.600108802318573,0.8089542388916016,0.036949043864882555,0.01382601261138916,0.0003215670585632324,2.4022049199348663,0.039782443667279864,0.034115644062485254,0.5016919374465942,0.35096759498119356,0.12507420778274536,1.0,0.9889160175186495,0.6716870367527008,bored,non_engaged
0.5111888647079468,0.6007877588272095,0.844357430934906,0.2447208996283477,0.005187511444091797,0.00022029876708984375,2.2682185574142575,0.26177596623782573,0.2276658330188697,0.5524715185165405,0.3400698572397232,0.13084223866462708,0.0,0.9898047791738965,0.6903471946716309,bored,non_engaged
0.5069037675857544,0.6083210706710815,0.8370621204376221,0.24886145556094735,0.006149351596832275,0.00012677907943725586,2.3519773205207124,0.2593062781156994,0.23841663300619534,0.5379961133003235,0.34751986563205717,0.12934672832489014,0.0,0.9973716758782316,0.6924491822719574,bored,non_engaged
0.5106543898582458,0.6007728576660156,0.8299692869186401,0.07861210447021794,0.01597103476524353,0.0004563331604003906,2.361406738906544,0.0730993765526874,0.08412483238774848,0.5412283539772034,0.34226562082767487,0.13316676020622253,1.0,0.9988907331428195,0.6835320591926575,bored,non_engaged
0.5166048407554626,0.6063055992126465,0.8525354862213135,0.2511586651098822,0.0031230151653289795,0.00025475025177001953,2.289900328499271,0.27090842004885696,0.2314089101709075,0.5638441890478134,0.33852707743644717,0.13233020901679993,0.0,0.9921559126640453,0.6970751285552979,bored,non_engaged
0.5095522403717041,0.6015046238899231,0.8535529971122742,0.25026494741101046,0.004892170429229736,0.0004088282585144043,2.259591334946473,0.2652262696135071,0.2353036252085139,0.5695285797119141,0.3375244528055191,0.1330699324607849,0.0,0.9817300059234977,0.6970138549804688,bored,non_engaged
0.5155761241912842,0.6021506786346436,0.8645114898681641,0.2555975921720437,0.004019618034362793,0.0005600452423095703,2.162541931353298,0.2689058209909928,0.24228936335309456,0.5673684179782867,0.34185475707054136,0.13197103142738342,0.0,0.9788484816188481,0.7042574882507324,bored,non_engaged
0.5165190696716309,0.6054625511169434,0.845684826374054,0.19097243794068594,0.006122797727584839,0.0005049705505371094,2.351558632900668,0.2070353766006062,0.17490949928076568,0.5648991167545319,0.3334770202636719,0.13595855236053467,1.0,0.9927729251254859,0.6916349530220032,bored,non_engaged
0.3027247190475464,0.5462821125984192,0.8279190063476562,0.14381676176349167,0.010656625032424927,0.0028370022773742676,2.2794539550117183,0.149175387483833,0.13845813604315033,0.6419806107878685,0.2999397307634354,0.15673881769180298,1.0,0.8079976050432764,0.667685329914093,bored,non_engaged
0.5036965608596802,0.6030424237251282,0.8567864894866943,0.26939680107800174,0.003083467483520508,0.002010166645050049,2.234969060869878,0.284520985110654,0.2542726170453495,0.5671123713254929,0.3393390566110611,0.13209491968154907,0.0,0.9805521046222668,0.7008636891841888,bored,non_engaged
0.4916972815990448,0.5914356112480164,0.8151995539665222,0.2919933098955074,0.002600371837615967,0.0005525350570678711,2.120202805359095,0.3017112173135096,0.28227540247750527,0.4744270592927933,0.3499784767627716,0.11425334215164185,0.0,0.9591232147759144,0.6676439046859741,bored,non_engaged
0.4955976605415344,0.6075876355171204,0.8336175084114075,0.30382804934822716,0.001095414161682129,0.0008630752563476562,2.0654808528196096,0.317419210736025,0.2902368879604293,0.46686244010925293,0.3671937882900238,0.1133584976196289,0.0,0.9551442796838298,0.6881043612957001,bored,non_engaged
0.48167845606803894,0.5861632227897644,0.8119863867759705,0.31374786616421635,0.004798531532287598,0.009015023708343506,2.1142663332431644,0.3269745094189044,0.30052122290952826,0.47745242714881897,0.3484547585248947,0.1154656708240509,0.0,0.97757101868194,0.6643064916133881,bored,non_engaged
0.5371863842010498,0.6563321948051453,0.8232950568199158,0.23927476854790888,0.008646488189697266,0.0032256245613098145,3.2441960263141714,0.2510127967700578,0.22753674032576,0.5416634976863861,0.3353984743356705,0.12278386950492859,0.0,0.888518611459018,0.733458936214447,bored,non_engaged
0.5082879662513733,0.6013060808181763,0.8186352252960205,0.05992421434998979,0.01842576265335083,0.00039649009704589844,2.395209261604028,0.04605505679076088,0.07379337190921871,0.5205511748790741,0.34889323115348814,0.12421435117721558,1.0,0.9984963787842956,0.6775270402431488,bored,non_engaged
0.5075696110725403,0.5977269411087036,0.8421022295951843,0.2569794923767308,0.0028153061866760254,0.00037020444869995117,2.249757680503248,0.2734208300883819,0.2405381546650797,0.5497874319553375,0.3404854118824005,0.12950700521469116,0.0,0.9854536075211082,0.6910214722156525,bored,non_engaged
0.5215818285942078,0.6058756709098816,0.8285398483276367,0.03919085864503104,0.020399034023284912,2.3245811462402344e-06,2.3586291212374086,0.033486340933544405,0.04489537635651768,0.5251845717430115,0.34682103991508484,0.12601995468139648,1.0,0.9913179908899299,0.6806156039237976,bored,non_engaged
